Workbook

Sheet 版本测试日报
A2: AcuHMI-1-7 v1.03p01版本软件测试报告 （密级：C级）+A2:I32A2:I34A6A2:I66
A3: 【软件版本】 | B3: v1.03p01 | C3: 【硬件版本】 | D3: v1.05
A4: 【测试日期】 | B4: 2026.04.27-2026.04.29 | C4: 【版本目标】 | D4: 修改点验证
A5: 整体测试进展
A6: 1.用例执行总结：用例执行完成度100%； 2.问题单回归18个，通过18个； 3. 发现并确认产品问题13个。
A7: 风险&阻塞
A8: 序号 | B8: 问题描述 | H8: 责任人 | I8: 期望解决日期
A9: 1
A10: 用例执行情况
A11: 序号 | B11: 测试模块 | C11: 用例总数 | D11: 执行数 | E11: Passed | F11: Failed | G11: Unavailable | H11: Blocked | I11: 执行率
A12: 1 | B12: 接入设备日志管理 | C12: =COUNTIFS(测试用例!A$2:A$1138,版本测试日报!B12,测试用例!$N$2:$N$1138,"<>") -> 30 | D12: =E12+F12+G12+H12 -> 30 | E12: =COUNTIFS(测试用例!$A$2:$A$1138,版本测试日报!B12,测试用例!$M$2:$M$1138,$E$11) -> 27 | F12: =COUNTIFS(测试用例!$A$2:$A$1138,版本测试日报!B12,测试用例!$M$2:$M$1138,$F$11) -> 3 | G12: =COUNTIFS(测试用例!$A$2:$A$1138,版本测试日报!B12,测试用例!$M$2:$M$1138,$G$11) -> 0 | H12: =COUNTIFS(测试用例!$A$2:$A$1138,版本测试日报!B12,测试用例!$M$2:$M$1138,$H$11) -> 0 | I12: =D12/C12 -> 1
A13: 2 | B13: 设备数据协议转换 | C13: =COUNTIFS(测试用例!A$2:A$1138,版本测试日报!B13,测试用例!$N$2:$N$1138,"<>") -> 150 | D13: =E13+F13+G13+H13 -> 99 | E13: =COUNTIFS(测试用例!$A$2:$A$1138,版本测试日报!B13,测试用例!$M$2:$M$1138,$E$11) -> 65 | F13: =COUNTIFS(测试用例!$A$2:$A$1138,版本测试日报!B13,测试用例!$M$2:$M$1138,$F$11) -> 21 | G13: =COUNTIFS(测试用例!$A$2:$A$1138,版本测试日报!B13,测试用例!$M$2:$M$1138,$G$11) -> 13 | H13: =COUNTIFS(测试用例!$A$2:$A$1138,版本测试日报!B13,测试用例!$M$2:$M$1138,$H$11) -> 0 | I13: =D13/C13 -> 0.66
A14: 3 | B14: 系统设置 | C14: =COUNTIFS(测试用例!A$2:A$1138,版本测试日报!B14,测试用例!$N$2:$N$1138,"<>") -> 3 | D14: =E14+F14+G14+H14 -> 3 | E14: =COUNTIFS(测试用例!$A$2:$A$1138,版本测试日报!B14,测试用例!$M$2:$M$1138,$E$11) -> 1 | F14: =COUNTIFS(测试用例!$A$2:$A$1138,版本测试日报!B14,测试用例!$M$2:$M$1138,$F$11) -> 2 | G14: =COUNTIFS(测试用例!$A$2:$A$1138,版本测试日报!B14,测试用例!$M$2:$M$1138,$G$11) -> 0 | H14: =COUNTIFS(测试用例!$A$2:$A$1138,版本测试日报!B14,测试用例!$M$2:$M$1138,$H$11) -> 0 | I14: =D14/C14 -> 1
A15: 4 | B15: Virtual Device | C15: =COUNTIFS(测试用例!A$2:A$1138,版本测试日报!B15,测试用例!$N$2:$N$1138,"<>") -> 18 | D15: =E15+F15+G15+H15 -> 16 | E15: =COUNTIFS(测试用例!$A$2:$A$1138,版本测试日报!B15,测试用例!$M$2:$M$1138,$E$11) -> 14 | F15: =COUNTIFS(测试用例!$A$2:$A$1138,版本测试日报!B15,测试用例!$M$2:$M$1138,$F$11) -> 1 | G15: =COUNTIFS(测试用例!$A$2:$A$1138,版本测试日报!B15,测试用例!$M$2:$M$1138,$G$11) -> 1 | H15: =COUNTIFS(测试用例!$A$2:$A$1138,版本测试日报!B15,测试用例!$M$2:$M$1138,$H$11) -> 0 | I15: =D15/C15 -> 0.88888889
A16: 5 | B16: 接线检查 | C16: =COUNTIFS(测试用例!A$2:A$1138,版本测试日报!B16,测试用例!$N$2:$N$1138,"<>") -> 34 | D16: =E16+F16+G16+H16 -> 0 | E16: =COUNTIFS(测试用例!$A$2:$A$1138,版本测试日报!B16,测试用例!$M$2:$M$1138,$E$11) -> 0 | F16: =COUNTIFS(测试用例!$A$2:$A$1138,版本测试日报!B16,测试用例!$M$2:$M$1138,$F$11) -> 0 | G16: =COUNTIFS(测试用例!$A$2:$A$1138,版本测试日报!B16,测试用例!$M$2:$M$1138,$G$11) -> 0 | H16: =COUNTIFS(测试用例!$A$2:$A$1138,版本测试日报!B16,测试用例!$M$2:$M$1138,$H$11) -> 0 | I16: =D16/C16 -> 0
A17: Total | C17: =SUM(C12:C16) -> 235 | D17: =SUM(D12:D16) -> 148 | E17: =SUM(E12:E16) -> 107 | F17: =SUM(F12:F16) -> 27 | G17: =SUM(G12:G16) -> 14 | H17: =SUM(H12:H16) -> 0 | I17: =D17/C17 -> 0.62978723
A18: 发现问题列表
A19: 问题单号 | B19: 问题简要描述 | H19: 严重程度 | I19: 类别
A21: 问题单回归情况
A22: 问题单号 | B22: 问题简要描述 | G22: 回归测试人员 | H22: 回归通过（是/否） | I22: 类别
A24: 产品问题单解决统计
A25: 状态 | B25: 数量
A26: Closed 已关闭 | B26: 12
A27: Created 已创建 | B27: 2
A28: To be Verified 待验证 | B28: 0
A29: Rejected 已拒绝 | B29: 1
A30: In Progress 正在进行 | B30: 1
A31: HOLDING | B31: 0
A32: Self-testing 自测中 | B32: 0
A33: Reopen 重新打开 | B33: 0

Sheet 测试用例
A1: 模块 | B1: 子模块 | C1: 需求时间 | D1: 需求领域 | E1: FTS编号 | F1: FTS名称(用例编号) | G1: 用例编号 | H1: 用例标题 | I1: 预置条件 | J1: 测试步骤 | K1: 预期结果 | L1: 用例级别 | M1: 是否通过 | N1: 测试负责人 | O1: 待自动化 | P1: 完成自动化 | Q1: 问题单来源 | R1: 备注
A2: About | B2: About | D2: ALL | E2: FTS_AcuHMI_009_08_case01 | F2: 验证设备名字写入及长度 | G2: TestCase_AcuHMI_009_08_case01 | H2: 设备名字大于40个字符，保存配置失败，小于等于40个字符，保存配置成功 | I2: 1、管理权限登录AcuHMI网页 | J2: 1.About->Device information设置name超过40个字符 2.设置name小于等于40个字符 | K2: 1.保存配置失败 2.保存配置成功 | L2: LV3
A3: About | B3: About | D3: ALL | E3: FTS_AcuHMI_009_08_case02 | F3: 验证设备位置写入及长度 | G3: TestCase_AcuHMI_009_08_case02 | H3: 设备位置大于40个字符，保存配置失败，小于等于40个字符，保存配置成功 | I3: 1、管理权限登录AcuHMI网页 | J3: 1.About->Device information设置Location超过40个字符 2.设置name小于等于40个字符 | K3: 1.保存配置失败 2.保存配置成功 | L3: LV3
A4: About | B4: About | D4: ALL | E4: FTS_AcuHMI_009_08_case03 | F4: 验证设备描述写入及长度 | G4: TestCase_AcuHMI_009_08_case03 | H4: 设备描述大于40个字符，保存配置失败，小于等于40个字符，保存配置成功 | I4: 1、管理权限登录AcuHMI网页 | J4: 1.About->Device information设置Description超过40个字符 2.设置Description小于等于40个字符 | K4: 1.保存配置失败 2.保存配置成功 | L4: LV3
A5: About | B5: About | D5: ALL | E5: FTS_AcuHMI_009_08_case04 | F5: 验证设备类型、序号、硬件版本、固件本版、最后更新时间、以太网1MAC地址、以太网2MAC地址 | G5: TestCase_AcuHMI_009_08_case04 | H5: 设备类型、序号、硬件版本、固件本版、最后更新时间、以太网1MAC地址、以太网2MAC地址信息与实际设备信息一致 | I5: 1、管理权限登录AcuHMI网页 | J5: 1.查看About->Device information页面信息显示 | K5: 1.设备类型、序号、硬件版本、固件本版、最后更新时间、以太网1MAC地址、以太网2MAC地址信息与实际设备信息一致 注：需增加格式确认 | L5: LV0
A6: Maintenance | B6: System Status | D6: WEB | E6: FTS_AcuHMI_009_07_case01 | F6: 查看中央处理器占用率、内存占用率、磁盘占用率均满足系统要求，磁盘状态为正常 | G6: TestCase_AcuHMI_009_07_case01 | H6: 查看中央处理器占用率、内存占用率、磁盘占用率均满足系统要求，磁盘状态为正常 | I6: 1、管理权限登录AcuHMI网页 | J6: 1.Maintence->System Status查看系统CPU、RAM、磁盘使用情况 2.点击Reboot System 3.系统重启完成查看System Status | K6: 1.可以正常显示系统允许的各个参数： ·CPU的使用率。 ·RAM的使用情况，包含已经使用的和总共的。 ·Disk的使用情况，包含已经使用的和总共的。 2.系统重启 3.同上1 | L6: LV1
A7: Maintenance | B7: System Status | D7: WEB | E7: FTS_AcuHMI_009_07_case002 | F7: 选择间隔时间为1天，日志等级为危急，搜索事件日志并导出，日志显示事件戳、等级及消息显示准确，并重置筛选条件---Crital暂时不支持 | G7: TestCase_AcuHMI_009_07_case02 | H7: 选择间隔时间为1天，日志等级为危急，搜索事件日志并导出，日志显示事件戳、等级及消息显示准确，并重置筛选条件 | I7: 1、管理权限登录AcuHMI网页 | J7: 1.Maintence->Event设置间隔时间为1天，日志等级为Critical 2.点击Search 3.导出日志Export Logs 4.点击Reset | K7: 1.设置成功 2.日志显示事件戳、等级及消息显示准确 3.日志导出成功 4.筛选条件被重置 | L7: LV0
A8: Maintenance | B8: Event Log | D8: WEB | E8: FTS_AcuHMI_009_07_case002 | F8: 验证事件日志搜索导出功能 | G8: TestCase_AcuHMI_009_07_case02_1 | H8: 选择间隔时间为1周，日志等级为信息，搜索事件日志并导出，日志显示事件戳、等级及消息显示准确，并重置筛选条件 | I8: 1、管理权限登录AcuHMI网页 | J8: 1.Maintence->Event设置间隔时间为1周，日志等级为Info 2.点击Search 3.导出日志Export Logs 4.点击Reset | K8: 1.设置成功 2.日志显示事件戳、等级及消息显示准确 3.日志导出成功 4.筛选条件被重置 | L8: LV1
A9: Maintenance | B9: Event Log | D9: WEB | E9: FTS_AcuHMI_009_07_case002 | F9: 验证事件日志搜索导出功能 | G9: TestCase_AcuHMI_009_07_case02_2 | H9: 选择间隔时间为1月，日志等级为错误，搜索事件日志并导出，日志显示事件戳、等级及消息显示准确，并重置筛选条件 | I9: 1、管理权限登录AcuHMI网页 | J9: 1.Maintence->Event设置间隔时间为1周，日志等级为Error 2.点击Search 3.导出日志Export Logs 4.点击Reset | K9: 1.设置成功 2.日志显示事件戳、等级及消息显示准确 3.日志导出成功 4.筛选条件被重置 | L9: LV1
A10: Maintenance | B10: Event Log | D10: WEB | E10: FTS_AcuHMI_009_07_case03 | F10: 验证事件日志翻页功能 | G10: TestCase_AcuHMI_009_07_case03 | H10: 选择10个每页，点击下一页，每页显示10条日志，下一页切换成功 | I10: 1、管理权限登录AcuHMI网页 2、已有日志50条 | J10: 1.日志显示设置10/page 2.点击Next切换下一页 3.重复步骤2，切换第5页 4.继续Next | K10: 1.页面显示10条日志 2.跳转到下一页，页面显示10条日志 3.前5页均显示10条日志 4.Next点击无反应或不切换到下一页 | L10: LV1
A11: Maintenance | B11: Event Log | D11: WEB | E11: FTS_AcuHMI_009_07_case03 | F11: 验证事件日志翻页功能 | G11: TestCase_AcuHMI_009_07_case03_01 | H11: 选择20个每页，点击最后一个页码，点击上一页，跳转至最后一页，每页显示20条日志，上一页切换成功 | I11: 1、管理权限登录AcuHMI网页 2、已有日志50条 | J11: 1.日志显示设置20/page 2.点击Next切换下一页 3.重复步骤2，切换第3页 4.继续Next | K11: 1.页面显示20条日志 2.跳转到下一页，页面显示20条日志 3.前2页均显示20条日志，第三页显示10条日志 4.Next点击无反应或不切换到下一页 | L11: LV1
A12: Maintenance | B12: Event Log | D12: WEB | E12: FTS_AcuHMI_009_07_case03 | F12: 验证事件日志翻页功能 | G12: TestCase_AcuHMI_009_07_case03_02 | H12: 选择40个每页，点击最后一个页码，再点击第一个页码，点击下一页，跳转至最后一页，跳转至第一页，每页显示40条日志，下一页切换成功 | I12: 1、管理权限登录AcuHMI网页 2、已有日志100条 | J12: 1.日志显示设置40/page 2.点击Next切换下一页 | K12: 1.页面显示40条日志 2.跳转到下一页，页面显示40条日志 | L12: LV1
A13: Maintenance | B13: Event Log | D13: WEB | E13: FTS_AcuHMI_009_07_case03 | F13: 验证事件日志翻页功能 | G13: TestCase_AcuHMI_009_07_case03_03 | H13: 选择80个每页，点击下一页，每页显示80条日志，下一页切换成功 | I13: 1、管理权限登录AcuHMI网页 2、已有日志100条 | J13: 1.日志显示设置80/page 2.点击Next切换下一页 | K13: 1.页面显示80条日志 2.跳转到下一页，页面显示20条日志 | L13: LV1
... A15: Modbus协议 | B15: modbus配置验证 | D15: WEB | E15: FTS_AcuHMI_008_02_case03 | F15: 验证modbus data mapping配置功能 | G15: TestCase_AcuHMI_008_02_case03_01 | H15: 配置modbus port为2000、5999，slave id为已存在设备slaveid，保存配置成功 | I15: 1、管理权限登录AcuHMI网页 | J15: 1.Protocols->Modbus Config： -Modbus Port：2000 -Slave ID：Modbus ID 2.Save保存配置 3.3.设置端口为5999，重复步骤1-2 | K15: 2.配置保存成功，tips提示数据类型、寄存器数量、数据长度、大小端准确 3.同上 | L15: LV2
A16: Modbus协议 | B16: modbus配置验证 | D16: WEB | F16: 验证modbus启用以及禁用功能 | G16: TestCase_AcuHMI_008_02_case01 | H16: 验证modbus启用以及禁用功能 | I16: 1、管理权限登录ARM-XXL网页 | J16: 1.Protocols->Modbus Config： 2.默认关闭，使用Modbus poll连接，查看是否可以连接设备 3.点击enable,显示sliaveid 4.点击保存，使用Modbus poll连接，查看是否可以连接设备 | K16: 2.使用Modbus poll连接，查看不可以连接设备 4.提示保存成功，Modbus Port、 ID为默认值不可修改，使用工具可以正常连接 | L16: LV1
A17: Modbus协议 | B17: modbus配置验证 | D17: WEB | E17: FTS_AcuHMI_008_02_case03 | F17: 验证modbus data mapping配置功能 | G17: TestCase_AcuHMI_008_02_case02 | H17: 配置modbus port为公共端口，slave id为已存在设备slaveid，保存配置成功，tips提示数据类型、寄存器数量、数据长度、大小端准确 | I17: 1、管理权限登录AcuHMI网页 | J17: 1.Protocols->Modbus Config： -Modbus Port：502 -Slave ID：Modbus ID 2.Save保存配置 | K17: 2.配置保存成功，tips提示数据类型、寄存器数量、数据长度、大小端准确 | L17: LV1
A18: Modbus协议 | B18: modbus配置验证 | D18: WEB | E18: FTS_AcuHMI_008_02_case03 | F18: 验证modbus data mapping配置功能 | G18: TestCase_AcuHMI_008_02_case03 | H18: 配置modbus port为1999、6000，slave id为已存在设备slaveid，保存配置失败，系统提示错误信息准确 | I18: 1、管理权限登录AcuHMI网页 | J18: 1.Protocols->Modbus Config： -Modbus Port：1999 -Slave ID：Modbus ID 2.Save保存配置 3.3.设置端口为6000，重复步骤1-2 | K18: 3保存配置失败，系统提示错误信息准确 | L18: LV1
A19: Modbus协议 | B19: Parameter Mapping | D19: WEB | E19: FTS_AcuHMI_008_02_case04 | F19: 验证modbus data mapping开启功能 | G19: TestCase_AcuHMI_008_02_case04 | H19: 选择需要开启modbus data mapping功能的设备，保存配置成功 | I19: 1、管理权限登录AcuHMI网页 2、已添加设备 | J19: 1.Protocols->Device Config从设备列表中选择需要上传的设备，勾选Enable 2.Save保存配置 3.查看Protocols->Parameters Mapping页面 | K19: 1.设置成功 2.提示：Device configuration saved. 3.Device Name下拉框可以看到需要上传的设备，并显示正确的数据 | L19: LV1
A20: Modbus协议 | B20: Parameter Mapping | D20: WEB | E20: FTS_AcuHMI_008_02_case05 | F20: 验证modbus data mapping 选择数据上传功能 | G20: TestCase_AcuHMI_008_02_case05 | H20: 验证modbus data mapping 选择数据上传功能 | I20: 1、管理权限登录AcuHMI网页 2、modbus主从站配置完成 | J20: 1.Protocols->Device Config从设备列表中选择需要上传的设备，勾选Enable 2.Save保存配置 3.查看Protocols->Parameters Mapping页面 4.选择对应设备，并勾选全部Parameters，点击Save | K20: 1.设置成功 2.提示：Device configuration saved. 3.Device Name下拉框可以看到需要上传的设备，并显示正确的数据 4.modbus主站收到从站上传的数据，并显示准确 | L20: LV1
A21: Modbus协议 | B21: Parameter Mapping | D21: WEB | E21: FTS_AcuHMI_008_02_case06 | F21: 验证modbus data mapping 取消数据上传功能 | G21: TestCase_AcuHMI_008_02_case05 | H21: 验证modbus data mapping 取消数据上传功能 | I21: 1、管理权限登录AcuHMI网页 2、modbus主从站配置完成 | J21: 1.Protocols->Device Config从设备列表中选择需要上传的设备，勾选Enable 2.Save保存配置 3.查看Protocols->Parameters Mapping页面 4.选择对应设备，勾选全部Parameters，点击Save 5.选择对应设备，去勾选全部Parameters，点击Save | K21: 1.设置成功 2.提示：Device configuration saved. 3.Device Name下拉框可以看到需要上传的设备，并显示正确的数据 4.modbus主站收到从站上传的数据，并显示准确 5.数据上传失败，主站无法看到设备相关参数 | L21: LV1
A22: Modbus协议 | B22: Parameter Mapping | D22: WEB | E22: FTS_AcuHMI_008_02_case08 | F22: 验证modbus data mapping 切换设备数据上传功能 | G22: TestCase_AcuHMI_008_02_case06 | H22: 验证modbus data mapping 增加减少设备数据上传功能 | I22: 1、管理权限登录AcuHMI网页 2、modbus主从站配置完成 3、已添加多个设备 | J22: 1.Protocols->Device Config从设备列表中选择需要上传的设备，勾选Enable 2.Save保存配置 3.查看Protocols->Parameters Mapping页面 4.选择设备1，勾选全部Parameters，点击Save 5.选择设备1，去勾选任意部分Parameters，点击Save 6.选择设备1，勾选任意Parameters，点击Save | K22: 1.设置成功 2.提示：Device configuration saved. 3.Device Name下拉框可以看到需要上传的设备，并显示正确的数据 4.modbus主站显示全部数据，并显示准确 5.modbus主站显示选中的部分数据，并显示准确 6.modbus主站显示选中的部分数据，并显示准确 | L22: LV1
A23: Modbus协议 | B23: Parameter Mapping | D23: WEB | E23: FTS_AcuHMI_008_02_case07 | F23: 验证modbus data mapping 切换设备数据上传功能 | G23: TestCase_AcuHMI_008_02_case07 | H23: 验证modbus data mapping 切换设备数据上传功能 | I23: 1、管理权限登录AcuHMI网页 2、modbus主从站配置完成 3、已添加多个设备 | J23: 1.Protocols->Device Config从设备列表中选择需要上传的设备，勾选Enable 2.Save保存配置 3.查看Protocols->Parameters Mapping页面 4.选择设备1，勾选全部Parameters，点击Save 5.重复步骤4，切换到其它设备 | K23: 1.设置成功 2.提示：Device configuration saved. 3.Device Name下拉框可以看到需要上传的设备，并显示正确的数据 4.modbus主站收到从站上传的设备1的数据，并显示准确 5.modbus主站收到从站上传的其他设备数据，并显示准确 | L23: LV1
A24: Modbus协议 | B24: Parameter Mapping | D24: WEB | F24: 验证Modbus Data Mapping验证10分钟无请求处理，终止响应 | G24: TestCase_ARM-XXL_001_01_case1_08 | H24: 验证Modbus Data Mapping验证10分钟无请求处理，终止响应 | I24: 1、管理权限登录ARM-XXL网页 2、modbus主从站配置完成 3、已添加多个设备 | J24: 1.Protocols->params mapping下依次选择MMA_20~MMA_24 2.使用Modbus Poll工具获取映射参数 3.页面无操作10分钟，查看工具是否仍然可以获取到数据 4.并且使用抓包软件查看数据包，wrikshark | K24: 2、工具可以正常获取到设备参数 3.工具断链，无法获取到设备参数 | L24: LV3
A25: Modbus协议 | B25: Device Mirror | F25: FTS_ACUREV4100WEB2_DM_001_001 | G25: Device Mirror 页面入口与模块列表展示 | H25: TestCase_ACUREV4100WEB2_DM_001_001 | I25: Device Mirror 页面入口与模块列表展示 | J25: 1.设备已正常上电，相关服务正常启动 2.AcuRev4100WEB2已下挂4100设备 | K25: 1. 进入通信协议 -> Device Mirror 配置页面 | L25: 1. 页面正常加载，展示 Basic Module 1、Measurement Module 1/2/3、WEB Module 共 5 个模块的 Slave ID 映射列表，列表内容完整
A26: Modbus协议 | B26: Device Mirror | F26: FTS_ACUREV4100WEB2_DM_001_002 | G26: Slave ID 字段预定义不可编辑 | H26: TestCase_ACUREV4100WEB2_DM_001_002 | I26: Slave ID 字段预定义不可编辑 | J26: 1.设备已正常上电，相关服务正常启动 2.AcuRev4100WEB2已下挂4100设备 | K26: 1. 进入 Device Mirror 配置页面 2. 尝试点击或修改任意模块的 Slave ID 字段 | L26: 2. 所有 Slave ID 字段均不可编辑，无输入框或编辑按钮，用户无法修改任何预定义配置
A27: Modbus协议 | B27: Device Mirror | F27: FTS_ACUREV4100WEB2_DM_002_001 | G27: 设备通信参数映射与 Passthrough Slave ID 一致 | H27: TestCase_ACUREV4100WEB2_DM_002_001 | I27: 设备通信参数映射与 Passthrough Slave ID 一致 | J27: 1.设备已正常上电，相关服务正常启动 2.AcuRev4100WEB2已下挂4100设备 | K27: 1. 进入 Device Mirror 配置页面 2. 查看 Basic Module 1 的参数映射 Slave ID 和 Passthrough Slave ID 3. 分别查看 Measurement Module 1、2、3 的参数映射 Slave ID 和 Passthrough Slave ID 4. 查看 WEB Module 的参数映射 Slave ID 和 Passthrough Slave ID | L27: 2. 参数映射 Slave ID = 102，Passthrough Slave ID = 102，与规格定义一致 3. Measurement Module 1/2/3 参数映射 Slave ID 分别为 103/104/105，Passthrough Slave ID 与参数映射 Slave ID 一致，均与规格定义一致 4. 参数映射 Slave ID = 106，Passthrough Slave ID 显示为 -（无），与规格定义一致
A28: Modbus协议 | B28: Device Mirror | F28: FTS_ACUREV4100WEB2_DM_003_001 | G28: Basic Parameter 全集映射与 1s 采集周期 | H28: TestCase_ACUREV4100WEB2_DM_003_001 | I28: Basic Parameter 全集映射与 1s 采集周期 | J28: 1.设备已正常上电，相关服务正常启动 2.AcuRev4100WEB2已下挂4100设备 | K28: 1. 使用 Modbus 客户端通过参数映射 Slave ID 读取 AcuRev-4100 Basic Parameter 数据 2. 连续读取，观察数据更新频率 | L28: 1. 返回数据覆盖 Basic Parameter 全集参数，无缺失，且参数值和采集的值一致 2. 数据约每 1s 刷新一次，与规格采集周期一致
A29: Modbus协议 | B29: Device Mirror | F29: FTS_ACUREV4100WEB2_DM_003_002 | G29: Demand 全集映射与 1 分钟采集周期 | H29: TestCase_ACUREV4100WEB2_DM_003_002 | I29: Demand 全集映射与 1 分钟采集周期 | J29: 1.设备已正常上电，相关服务正常启动 2.AcuRev4100WEB2已下挂4100设备 | K29: 1. 使用 Modbus 客户端通过参数映射 Slave ID 读取 AcuRev-4100 Demand 数据 2. 等待超过 1 分钟，观察数据更新 | L29: 1. 返回数据覆盖 Demand 全集参数，无缺失，且参数值和采集的值一致 2. 数据约每 1 分钟更新一次，与规格采集周期一致
A30: Modbus协议 | B30: Device Mirror | F30: FTS_ACUREV4100WEB2_DM_003_003 | G30: Power Quality 全集映射与 3s 采集周期 | H30: TestCase_ACUREV4100WEB2_DM_003_003 | I30: Power Quality 全集映射与 3s 采集周期 | J30: 1.设备已正常上电，相关服务正常启动 2.AcuRev4100WEB2已下挂4100设备 | K30: 1. 使用 Modbus 客户端通过参数映射 Slave ID 读取 Power Quality 数据（THD、Sequence and Unbalance） 2. 连续读取，观察数据更新频率 | L30: 1. 返回数据覆盖 THD、Sequence and Unbalance 全集参数 2. 数据约每 3s 刷新一次，与规格采集周期一致
A31: Modbus协议 | B31: Device Mirror | F31: FTS_ACUREV4100WEB2_DM_003_004 | G31: Energy 全集映射与 3s 采集周期 | H31: TestCase_ACUREV4100WEB2_DM_003_004 | I31: Energy 全集映射与 3s 采集周期 | J31: 1.设备已正常上电，相关服务正常启动 2.AcuRev4100WEB2已下挂4100设备 | K31: 1. 使用 Modbus 客户端通过参数映射 Slave ID 读取 AcuRev-4100 Energy 数据 2. 连续读取，观察数据更新频率 | L31: 1. 返回数据覆盖 Energy 全集参数 2. 数据约每 3s 刷新一次，与规格采集周期一致
A32: Modbus协议 | B32: Device Mirror | F32: FTS_ACUREV4100WEB2_DM_003_005 | G32: IO 全集映射与 1s 采集周期 | H32: TestCase_ACUREV4100WEB2_DM_003_005 | I32: IO 全集映射与 1s 采集周期 | J32: 1.设备已正常上电，相关服务正常启动 2.AcuRev4100WEB2已下挂4100设备 | K32: 1. 使用 Modbus 客户端通过参数映射 Slave ID 读取 IO 数据 2. 连续读取，观察数据更新频率 | L32: 1. 返回数据覆盖 DI status、DI counter、RO Status、DO status 全集参数 2. 数据约每 1s 刷新一次，与规格采集周期一致
A33: Modbus协议 | B33: Device Mirror | F33: FTS_ACUREV4100WEB2_DM_004_001 | G33: Slave ID 106 读取 WEB2 设备基本信息只读且一致 | H33: TestCase_ACUREV4100WEB2_DM_004_001 | I33: Slave ID 106 读取 WEB2 设备基本信息只读且一致 | J33: 1.设备已正常上电，相关服务正常启动 2.AcuRev4100WEB2已下挂4100设备 | K33: 1. 使用 Modbus 客户端通过 Slave ID 106 读取 WEB2 设备基本信息，和WEB页面实际设备基本信息对比，检查是否一致 2. 对比页面展示值与读取值 3. 尝试通过 Modbus 写操作修改任意字段 | L33: 1. 返回 Model/Serial Number/Hardware Version/Firmware Version/Last Updated/Ethernet MAC/WiFi MAC 共 7 个字段，且各字段值与设备的实际信息一致。 2. 字段为只读，写操作被拒绝或无效
A34: Modbus协议 | B34: Device Mirror | F34: FTS_ACUREV4100WEB2_DM_004_002 | G34: Slave ID 106 读取 WEB2 Ethernet/WIFI网络参数一致 | H34: TestCase_ACUREV4100WEB2_DM_004_002 | I34: Slave ID 106 读取 WEB2 Ethernet/WIFI网络参数一致 | J34: 1.设备已正常上电，相关服务正常启动 2.AcuRev4100WEB2已下挂4100设备 | K34: 1. 使用 Modbus 客户端通过 Slave ID 106 读取 WEB2 Ethernet 网络参数，对比设备当前网络配置页面的值 2. 使用 Modbus 客户端通过 Slave ID 106 读取 WEB2 WiFi IP Address，对比设备当前 WiFi 配置页面的值 | L34: 1. 返回 DHCP Enable/IP Address/Subnet Mask/Gateway/DNS1/DNS2 共 6 个字段，且与设备当前 Ethernet 配置一致 2. 读取到的 WiFi IP Address 与设备当前 WiFi 配置一致
A35: Modbus协议 | B35: Device Mirror | F35: FTS_ACUREV4100WEB2_DM_005_001 | G35: Passthrough Slave ID 102 透传 Basic Module 1 数据与直连一致 | H35: TestCase_ACUREV4100WEB2_DM_005_001 | I35: Passthrough Slave ID 102 透传 Basic Module 1 数据与直连一致 | J35: 1.设备已正常上电，相关服务正常启动 2.AcuRev4100WEB2已下挂4100设备 | K35: 1. 使用 Modbus 客户端通过 Passthrough Slave ID 102 读取 Basic Module 1 原始寄存器数据 2. 直连 AcuRev-4100 读取相同寄存器数据 3. 对比两组数据 | L35: 3. 通过 Passthrough Slave ID 102 读取的数据与直连 AcuRev-4100 读取结果一致
A36: Modbus协议 | B36: Device Mirror | F36: FTS_ACUREV4100WEB2_DM_005_002 | G36: Passthrough Slave ID 103/104/105 透传 Measurement Module 1/2/3 数据一致 | H36: TestCase_ACUREV4100WEB2_DM_005_002 | I36: Passthrough Slave ID 103/104/105 透传 Measurement Module 1/2/3 数据一致 | J36: 1.设备已正常上电，相关服务正常启动 2.AcuRev4100WEB2已下挂4100设备 | K36: 1. 分别使用 Passthrough Slave ID 103/104/105 读取 Measurement Module 1/2/3 原始寄存器数据 2. 分别直连对应 AcuRev-4100 读取相同寄存器数据 3. 对比三组数据 | L36: 3. 三个 Measurement Module 通过 Passthrough Slave ID 读取的数据均与直连 AcuRev-4100 读取结果一致
... A40: Modbus协议 | B40: Device Mirror | F40: FTS_ACUREV4100WEB2_DM_006_003 | G40: WEB2 重启后 Device Mirror 自动恢复 | H40: TestCase_ACUREV4100WEB2_DM_006_004 | I40: WEB2 重启后 Device Mirror 自动恢复 | J40: 1.设备已正常上电，相关服务正常启动 2.AcuRev4100WEB2已下挂4100设备 | K40: 1. WEB2 设备正常运行，Device Mirror 功能可访问 2. 重启 WEB2 设备 3. 重启完成后通过各 Slave ID 读取数据 | L40: 3. Device Mirror 功能自动恢复，5 个模块 Slave ID 映射恢复正常，第三方客户端可继续正常访问
A41: UI界面测试 | B41: UI界面测试 | D41: ALL | E41: FTS_AcuHMI_010_07_case01 | F41: 烧录升级时，查看开机界面logo是否为Accuenergy | G41: TestCase_AcuHMI_010_07_case01 | H41: 烧录升级时，查看开机界面logo是否为Accuenergy | I41: 1、管理权限登录AcuHMI网页 2、本地有可用的新固件版本 | J41: 1、手动选择新固件，更新固件 2、查看开机界面 3、查看页面logo | K41: 1.升级成功 2.开机动画logo为Accuenergy 3.页面显示logo为Accuenergy | L41: LV0
A42: UI界面测试 | B42: UI界面测试 | D42: ALL | E42: FTS_AcuHMI_010_07_case02 | F42: 网页升级时，查看开机界面logo是否为Accuenergy | G42: TestCase_AcuHMI_010_07_case02 | H42: 手动选择新固件，进行固件更新 | I42: 1、管理权限登录AcuHMI网页 2、本地有可用的新固件版本 | J42: 1.Firmware Update->Manual Update Firmware Update File选择Browse上传升级文件 2.选择Upload 3.查看开机动画 4.查看页面logo | K42: 2.升级成功 3.开机动画logo为Accuenergy 4.页面显示logo为Accuenergy | L42: LV1
A43: UI界面测试 | B43: UI界面测试 | D43: ALL | E43: FTS_AcuHMI_010_07_case03 | F43: 验证多次手动更新固件功能，查看开机界面logo是否为Accuenergy | G43: TestCase_AcuHMI_010_07_case03 | H43: 连续10次手动选择新固件，进行固件更新 | I43: 1、服务启动正常，账号登录成功 | J43: 1、手动选择新固件，更新固件 2、重复步骤1，9次 | K43: 1.升级成功 2.开机动画logo为Accuenergy 注：PX-EMD-G项目显示Eaton信息 | L43: LV2
A44: UI界面测试 | B44: UI界面测试 | D44: ALL | E44: FTS_AcuHMI_010_07_case04 | F44: 验证文案修改后是否可以正常显示，链接可以正常跳转 | G44: TestCase_AcuHMI_010_07_case04 | H44: 页脚文本显示新增1-877-721-8908，marketing@accuenergy.com，Accuenergy Inc.，440 Comstock Road，Toronto, ON M1L 2H6, Canada以及增加公司网址、点击是否可以正常跳转，显示收件人是否为marketing@accuenergy.com邮箱地址 | I44: 1、管理权限登录AcuHMI网页 | J44: 1.点击查看所有的页面是否页脚都显示完整1-877-721-8908，marketing@accuenergy.com，Accuenergy Inc.，440 Comstock Road，Toronto, ON M1L 2H6, Canada以及增加公司网址、邮箱 2.点击网址www.accuenergy.com可以正常跳转到网页 3.点击邮箱marketing@accuenergy.com打开邮箱弹窗,显示收件人为marketing@accuenergy.com 4.邮箱弹框选择不同的邮箱，,显示收件人为marketing@accuenergy.com | K44: 1.页脚信息显示完整 2.打开公司网址 3.正常跳转邮箱,显示收件人为marketing@accuenergy.com 4.正常跳转邮箱，,显示收件人为marketing@accuenergy.com | L44: LV0
A45: UI界面测试 | B45: UI界面测试 | D45: ALL | E45: FTS_AcuHMI_010_07_case05 | F45: 检查页面字段是否符合需求 | H45: Acuvim3检查字段是否符合需求文档 | I45: 1、管理权限登录AcuHMI网页 | J45: 1.Acuvim3登录页面后查看默认页面，查看web端与HMI字段 2.Acuvim3登录后->Metering下拉分组与上位机显示单词拼写正确 3.Acuvim3登录后->Power Quality and Alarm下拉分组与上位机显示单词拼写正确 4.Acuvim3登录后->logs下拉分组与上位机显示单词拼写正确 5.Acuvim3登录后->Settings字段显示与上位机显示单词拼写正确 | K45: 1.web端和HMI页面字段单词拼写正确 2.web端和HMI页面字段单词拼写正确 3.web端和HMI页面字段单词拼写正确 4.web端和HMI页面字段单词拼写正确 5.web端和HMI页面字段单词拼写正确 | L45: LV2
A46: UI界面测试 | B46: UI界面测试 | D46: ALL | E46: FTS_AcuHMI_010_07_case06 | F46: 检查页面字段是否符合需求 | G46: TestCase_AcuHMI_010_07_case06 | H46: Acuvim2检查字段是否符合需求文档 | I46: 1、管理权限登录AcuHMI网页 | J46: 1.Acuvim2登录页面后查看默认页面，查看web端与HMI字段 2.Acuvim2登录后->Metering下拉分组与上位机显示单词拼写正确 3.Acuvim2登录后->logs下拉分组与上位机显示单词拼写正确 4.Acuvim2登录后->Settings->General字段显示与上位机单词拼写正确 5.Acuvim2登录后->Alarm下拉分组与上位机显示单词拼写正确 | K46: 1.web端和HMI页面字段单词拼写正确 2.web端和HMI页面字段单词拼写正确 3.web端和HMI页面字段单词拼写正确 4.web端和HMI页面字段单词拼写正确 5.web端和HMI页面字段单词拼写正确 | L46: LV2
A47: UI界面测试 | B47: UI界面测试 | D47: ALL | E47: FTS_AcuHMI_010_07_case07 | F47: 检查页面字段是否符合需求 | G47: TestCase_AcuHMI_010_07_case07 | H47: AcuRev1300检查字段是否符合需求文档 | I47: 1、管理权限登录AcuHMI网页 | J47: 1.登录页面后查看默认页面，查看web端与HMI字段 2.AcuRev1300登录后->Metering下拉分组与上位机单词拼写正确 3.AcuRev1300登录后->logs下拉分组与上位机单词拼写正确 4.AcuRev1300登录后->Settings->General字段显示单词拼写正确 5.AcuRev1300登录后->Alarm下拉分组与上位机显示单词拼写正确 | K47: 1.web端和HMI页面字段单词拼写正确 2.web端和HMI页面字段单词拼写正确 3web端和HMI页面字段单词拼写正确 4.web端和HMI页面字段单词拼写正确 5.web端和HMI页面字段单词拼写正确 | L47: LV2
A48: UI界面测试 | B48: UI界面测试 | D48: ALL | E48: FTS_AcuHMI_010_07_case08 | F48: 检查页面字段是否符合需求 | G48: TestCase_AcuHMI_010_07_case08 | H48: AcuRev2100检查字段是否符合需求文档 | I48: 1、管理权限登录AcuHMI网页 | J48: 1.web端页面字段与HMI显示一致 2.AcuRev2100登录后->Metering下拉分组web端页面字段单词拼写正确 3.AcuRev2100登录后->logs下拉分组与上位机单词拼写正确 4.AcuRev2100登录后->Settings->General字段显示单词拼写正确 5.AcuRev2100登录后->Alarm下拉分组单词拼写正确 | K48: 1.web端和HMI页面字段单词拼写正确 2.web端和HMI页面字段单词拼写正确 3.web端和HMI页面字段单词拼写正确 4.web端和HMI页面字段单词拼写正确 5.web端和HMI页面字段单词拼写正确 | L48: LV2
A49: Web Devices | B49: Web Devices | D49: ALL | F49: 添加AcuRev4100-WEB2设备网页地址，并能成功访问 | H49: 添加AcuRev4100-WEB2设备网页地址，并能成功访问 | I49: 1.服务启动正常，账号登录成功 2.有可用的AcuRev4100-WEB2服务 | J49: 1.Devices->Web Devices页面点击Add Device 2.输入以下参数信息： Device Name: “AcuRev4100_WEB2” Serial Number: “SN20260304” Model: “AcuRev4100_WEB2” URL: “http://URL”（URL为AcuRev4100-WEB2设备IP地址） 3.点击Confirm 4.Maintenance->System Status页面监听RAM（系统内存）使用情况 5.Web Devices页面点击https://URL，并登录 6.浏览Trend log和PQ&waveform页面，并进行相关操作（选择不同时间段分别查看日志、图形加载、配置编辑等操作），结合步骤4查看内存使用情况 7.在PC Web端和HMI（人机界面）分别遍历，重复步骤1-6 | K49: 3.弹窗消失，Web Devices页面显示添加的信息，与输入的一致 5.跳转到AcuRev4100-WEB2登录页面，登录成功 6.UI操作体验良好，数据和图形展示完整，可正常编辑配置 备注： 1.数据量过大，图形渲染时，内存使用率可能会快速增长， 阈值为800M。 2.达到阈值时，弹窗提示信息如下 The web page at https://deviceURL requires more memory than supported on the embedded browser and has been closed. The PX-EMD-G is operating normally. For full performance, open this page from a PC web browser. (Current page memory usage exceeded the 800 MB limit)
A50: Web Devices | B50: Web Devices | D50: ALL | F50: 添加AXM-WEB2设备网页地址，并能成功访问 | H50: 添加AXM-WEB2设备网页地址，并能成功访问 | I50: 1.服务启动正常，账号登录成功 2.有可用的AXM-WEB2服务 | J50: 1.Devices->Web Devices页面点击Add Device 2.输入以下参数信息： Device Name: “AXM_WEB2” Serial Number: “SN20260305” Model: “AXM_WEB2” URL: “https://URL”（URL为AXM_WEB2设备IP地址） 3.点击Confirm 4.Maintenance->System Status页面监听RAM（系统内存）使用情况 5.Web Devices页面点击https://URL，并登录 6.浏览Trend log和PQ&waveform页面，并进行相关操作（选择不同时间段分别查看日志、图形加载、配置编辑等操作），结合步骤4查看内存使用情况 7.在PC Web端和HMI（人机界面）分别遍历，重复步骤1-6 | K50: 3.弹窗消失，Web Devices页面显示添加的信息，与输入的一致 5.跳转到AXM_WEB2登录页面，登录成功 6.UI操作体验良好，数据和图形展示完整，可正常编辑配置 备注： 1.数据量过大，图形渲染时，内存使用率可能会快速增长， 阈值为800M。 2.达到阈值时，弹窗提示信息如下 The web page at https://deviceURL requires more memory than supported on the embedded browser and has been closed. The PX-EMD-G is operating normally. For full performance, open this page from a PC web browser. (Current page memory usage exceeded the 800 MB limit)
A51: Web Devices | B51: Web Devices | D51: ALL | F51: 添加AcuRev1320-WEB2设备网页地址，并能成功访问 | H51: 添加AcuRev1320-WEB2设备网页地址，并能成功访问 | I51: 1.服务启动正常，账号登录成功 2.有可用的AcuRev1320-WEB2服务 | J51: 1.Devices->Web Devices页面点击Add Device 2.输入以下参数信息： Device Name: “AcuRev1320-WEB2” Serial Number: “SN20260306” Model: “AcuRev1320-WEB2” URL: “https://URL”（URL为AcuRev1320-WEB2设备IP地址） 3.点击Confirm 4.Maintenance->System Status页面监听RAM（系统内存）使用情况 5.Web Devices页面点击https://URL，并登录 6.浏览Trend log和PQ&waveform页面，并进行相关操作（选择不同时间段分别查看日志、图形加载、配置编辑等操作），结合步骤4查看内存使用情况 7.在PC Web端和HMI（人机界面）分别遍历，重复步骤1-6 | K51: 3.弹窗消失，Web Devices页面显示添加的信息，与输入的一致 5.跳转到AcuRev1320-WEB2登录页面，登录成功 6.UI操作体验良好，数据和图形展示完整，可正常编辑配置 备注： 1.数据量过大，图形渲染时，内存使用率可能会快速增长， 阈值为800M。 2.达到阈值时，弹窗提示信息如下 The web page at https://deviceURL requires more memory than supported on the embedded browser and has been closed. The PX-EMD-G is operating normally. For full performance, open this page from a PC web browser. (Current page memory usage exceeded the 800 MB limit)
A52: Web Devices | B52: Web Devices | D52: ALL | F52: 添加PXQ设备网页地址，并能成功访问 | H52: 添加PXQ设备网页地址，并能成功访问 | I52: 1.服务启动正常，账号登录成功 2.有可用的PXQ（客户设备）服务 | J52: 1.Devices->Web Devices页面点击Add Device 2.输入以下参数信息： Device Name: “PXQ” Serial Number: “SN20260305” Model: “PXQ” URL: “https://URL”（URL为PXQ设备IP地址） 3.点击Confirm 4.Maintenance->System Status页面监听RAM（系统内存）使用情况 5.Web Devices页面点击https://URL，并登录 6.浏览所有页面，并进行相关操作（查看日志、图形加载、配置编辑等操作），结合步骤4查看内存使用情况 7.在PC Web端和HMI（人机界面）分别遍历，重复步骤1-6 | K52: 3.弹窗消失，Web Devices页面显示添加的信息，与输入的一致 5.跳转到PXQ登录页面，登录成功 6.UI操作体验良好，数据和图形展示完整，可正常编辑配置 备注： 1.数据量过大，图形渲染时，内存使用率可能会快速增长， 阈值为800M。 2.达到阈值时，弹窗提示信息如下 The web page at https://deviceURL requires more memory than supported on the embedded browser and has been closed. The PX-EMD-G is operating normally. For full performance, open this page from a PC web browser. (Current page memory usage exceeded the 800 MB limit)
A53: Web Devices | B53: Web Devices | D53: ALL | F53: 添加设备最大数验证 | H53: 添加设备最大数验证 | I53: 1.服务启动正常，账号登录成功 | J53: 1.Devices->Web Devices页面点击Add Device 2.输入以下参数信息： Device Name: “DeviceName” Serial Number: “SerialNumbe” Model: “Model” URL: “https://URL” 3.点击Confirm 4.重复步骤1-3，添加100个 5.添加第101个 | K53: 4.添加成功，页面显示信息正确，可翻页查看 5.添加失败，提示语正确
A54: Web Devices | B54: Web Devices | D54: ALL | F54: 成功创建设备（最小输入长度） | H54: 成功创建设备（最小输入长度） | I54: 1.服务启动正常，账号登录成功 | J54: 1.打开 Add Device 弹窗 2.输入： Device Name: “A” Serial Number: “S1” Model: “M1” URL: “https://abc.com” 3.点击 Confirm | K54: 3.成功创建设备，弹窗关闭
A55: Web Devices | B55: Web Devices | D55: ALL | F55: 成功创建设备（最大边界值） | H55: 成功创建设备（最大边界值） | I55: 1.服务启动正常，账号登录成功 | J55: 1.打开 Add Device 弹窗 2.输入： Device Name输入 40 个字符 Serial Number输入 40 个字符 Model 输入 40 个字符 URL 输入 300 个字符 3.点击 Confirm | K55: 3.创建成功，无报错
A56: Web Devices | B56: Web Devices | D56: ALL | F56: 长度校验和特殊字符校验 | H56: 长度校验和特殊字符校验 | I56: 1.服务启动正常，账号登录成功 | J56: 1.打开 Add Device 弹窗 2.输入： Device Name超过 40 字符 Serial Number超过 40 字符 Model 超过 40 字符 URL 超过 300 字符 3.点击 Confirm 4.重复步骤1-3，参数输入特殊字符@#$%??，长度不超过40 | K56: 3.创建失败，提示语正确 4.创建失败，提示语正确
A57: Web Devices | B57: Web Devices | D57: ALL | F57: Serial Number 唯一性 | H57: Serial Number 唯一性 | I57: 1.服务启动正常，账号登录成功 | J57: 1.已存在 Serial Number = “SN123” 2.打开 Add Device ，新建设备输入 Serial Number = “SN123” 3.点击 Confirm | K57: 3.无法保存，提示语正确
A58: 安全性测试 | B58: 安全性测试 | D58: ALL | E58: FTS_AcuHMI_010_04_case01 | F58: 验证一段时间未操作是否自动注销会话并用户自动退出 | G58: TestCase_AcuHMI_010_04_case01 | H58: 登录成功后，长时间未操作，自动化注销会话并自动退出登录 | I58: 1.服务启动正常，账号登录成功 | J58: 1、长时间未操作是否自动注销会话并用户自动退出 | K58: 1、长时间未操作自动注销会话并用户自动退出 | L58: LV2
A59: 安全性测试 | B59: 安全性测试 | D59: WEB | E59: FTS_AcuHMI_010_04_case02 | F59: 验证系统是否存在跨站请求伪造漏洞---ZAP | G59: TestCase_AcuHMI_010_04_case02 | H59: 验证系统是否存在跨站请求伪造漏洞 | I59: 1.服务启动正常，账号登录成功 | J59: 1、使用工具查看系统是否存在跨站请求伪造漏洞 | K59: 1、不存在 | L59: LV3
A60: 安全性测试 | B60: 安全性测试 | D60: WEB | E60: FTS_AcuHMI_010_04_case03 | F60: 验证系统是否存在跨站脚本攻击漏洞---ZAP | G60: TestCase_AcuHMI_010_04_case03 | H60: 验证系统是否存在跨站脚本攻击漏洞 | I60: 1.服务启动正常，账号登录成功 | J60: 1、使用工具查看系统是否存在跨站脚本攻击漏洞 | K60: 1、不存在 | L60: LV3
A61: 安全性测试 | B61: 安全性测试 | D61: WEB | E61: FTS_AcuHMI_010_04_case04 | F61: 验证系统是否存在SQL注入漏洞---ZAP | G61: TestCase_AcuHMI_010_04_case04 | H61: 验证系统是否存在SQL注入漏洞 | I61: 1.服务启动正常，账号登录成功 | J61: 1、使用工具查看系统是否存在SQL注入漏洞 | K61: 1、不存在 | L61: LV3
A62: 安全性测试 | B62: 安全性测试 | D62: WEB | E62: FTS_AcuHMI_010_04_case05 | F62: 验证系统登出后能否使用登出前的token | G62: TestCase_AcuHMI_010_04_case05 | H62: 验证系统登出后能否使用登出前的token | I62: 1.服务启动正常，账号登录成功 | J62: 1、查看不同用户的token | K62: 1、不同用户的token具备唯一性 | L62: LV3
A63: 安全性测试 | B63: 安全性测试 | D63: WEB | E63: FTS_AcuHMI_010_04_case06 | F63: 验证密码以安全方式存储 | G63: TestCase_AcuHMI_010_04_case06 | H63: 登录成功后，使用浏览器查看页面代码，查看密码在接口中以掩码显示 | I63: 1.服务启动正常，账号登录成功 | J63: 1、密码是否以安全方式存储 | K63: 1、是 | L63: LV3
A64: 安全性测试 | B64: 安全性测试 | D64: WEB | E64: FTS_AcuHMI_010_04_case07 | F64: 验证网站所有敏感数据传输使用https | G64: TestCase_AcuHMI_010_04_case07 | H64: 访问网站，以https安全的方式访问网页 | I64: 1.服务启动正常，账号登录成功 | J64: 1、网站所有敏感数据传输是否使用https | K64: 1、是 | L64: LV3
A65: 安全性测试 | B65: 安全性测试 | D65: WEB | E65: FTS_AcuHMI_010_04_case08 | F65: 验证文件上传功能不允许上传恶意软件 | G65: TestCase_AcuHMI_010_04_case08 | H65: 网页所有可上传文件的接口，只可上传指定格式的文件，不可以上传恶意软件 | I65: 1.服务启动正常，账号登录成功 | J65: 1、文件上传功能是否允许上传恶意软件 | K65: 1、不允许 | L65: LV3
A66: 安全性测试 | B66: 安全性测试 | D66: WEB | E66: FTS_AcuHMI_010_04_case09 | F66: 验证网站不泄露敏感信息通过错误消息 | G66: TestCase_AcuHMI_010_04_case09 | H66: 网页中所有的系统错误信息刷新，均不存在敏感信息 | I66: 1.服务启动正常，账号登录成功 | J66: 1、网站是否泄露敏感信息通过错误消息 | K66: 1、不泄露敏感信息通过错误消息 | L66: LV3
A67: 兼容性测试 | B67: 兼容性测试 | D67: WEB | E67: FTS_AcuHMI_010_03_case01 | F67: 验证使用不同浏览器访问，系统工作正常，未发生异常 | G67: TestCase_AcuHMI_010_03_case01 | H67: 使用谷歌、微软、safari浏览器访问服务，系统工作正常，功能未发生异常 | I67: 1.服务启动正常，账号登录成功 2、下挂32个数据采集设备 | J67: 1、分别使用谷歌、微软、safari浏览器访问服务 | K67: 1、系统工作正常，功能未发生异常 | L67: LV1
A68: 接入设备参数设置 | B68: AcuRev2100设备参数下发 | E68: FTS_AcuHMI_001_09_case01 | F68: Rated Voltage、Demand参数设置验证 | G68: TestCase_AcuHMI_001_09_case01 | H68: Rated Voltage、Demand参数设置验证 | I68: 1.AcuHMI正常工作 2.下挂AcuRev2100设备 3.Info_Seal_Status=0 | J68: 1、Rated Voltage、Demand Method、Demand Window、Demand Sub Interval分别设置为10、固定区块、1、1 2、查看AcuRev2100设备的Rated Voltage、Demand Method、Demand Window、Demand Sub Interval 3、Rated Voltage、Demand Method、Demand Window、Demand Sub Interval分别设置为11、滚动区块、2、4 4、查看AcuRev2100设备的Rated Voltage、Demand Method、Demand Window、Demand Sub Interval 5、Rated Voltage、Demand Method、Demand Window、Demand Sub Interval分别设置为200、固定区块、10、20 6、查看AcuRev2100设备的Rated Voltage、Demand Method、Demand Window、Demand Sub Interval 7、Rated Voltage、Demand Method、Demand Window、Demand Sub Interval分别设置为400、滚动区块、30、30 8、查看AcuRev2100设备的Rated Voltage、Demand Method、Demand Window、Demand Sub Interval 9、Rated Voltage、Demand Method、Demand Window、Demand Sub Interval分别设置为9、固定区块、-1、-1 10、Rated Voltage、Demand Method、Demand Window、Demand Sub Interval分别设置为401、滚动区块、31、31 | K68: 2、Rated Voltage、Demand Method、Demand Window、Demand Sub Interval分别为10、固定区块、1、1 4、Rated Voltage、Demand Method、Demand Window、Demand Sub Interval分别为11、滚动区块、2、4 6、Rated Voltage、Demand Method、Demand Window、Demand Sub Interval分别为200、固定区块、10、20 8、Rated Voltage、Demand Method、Demand Window、Demand Sub Interval分别为400、滚动区块、30、30 9、无法保存设置 10、无法保存设置 | L68: LV1
A69: 接入设备参数设置 | B69: AcuRev2100设备参数下发 | E69: FTS_AcuHMI_001_09_case02 | F69: Wiring of Three Phase User参数下发验证 | G69: TestCase_AcuHMI_001_09_case02 | H69: Wiring of Three Phase User参数下发验证 | I69: 1.AcuHMI正常工作 2.下挂AcuRev2100设备 3.Info_Seal_Status=0 | J69: 1、Wiring of Three Phase User设置为1LN，查看AcuRev2100设备的Wiring of Three Phase User值 2、Wiring of Three Phase User设置为3LN，查看AcuRev2100设备的Wiring of Three Phase User值 3、Wiring of Three Phase User设置为2LN，查看AcuRev2100设备的Wiring of Three Phase User值 4、Wiring of Three Phase User设置为2LL，查看AcuRev2100设备的Wiring of Three Phase User值 5、Wiring of Three Phase User设置为Network，查看AcuRev2100设备的Wiring of Three Phase User值 | K69: 1、Wiring of Three Phase User为1LN 2、Wiring of Three Phase User为3LN 3、Wiring of Three Phase User为2LN 4、Wiring of Three Phase User为2LL 5、Wiring of Three Phase User为Network | L69: LV0
A70: 接入设备参数设置 | B70: AcuRev2100设备参数下发 | E70: FTS_AcuHMI_001_09_case03 | F70: Input Channel 1 CT - Input Channel 18 CT参数下发验证 | G70: TestCase_AcuHMI_001_09_case03 | H70: Input Channel 1 CT - Input Channel 18 CT参数下发验证 | I70: 1.AcuHMI正常工作 2.下挂AcuRev2100设备 3.Info_Seal_Status=0 | J70: 1、CT Model中的input channel1~18设置电流范围值 为5，查看AcuRev2100设备的input channel1~18电流范围值 2、CT Model中的input channel1~18设置电流范围值为6，查看AcuRev2100设备的input channel1~18电流范围值 3、CT Model中的input channel1~18设置电流范围值为25000，查看AcuRev2100设备的input channel1~18电流范围值 4、CT Model中的input channel1~18设置电流范围值为49999，查看AcuRev2100设备的input channel1~18电流范围值 5、CT Model中的input channel1~18设置电流范围值为50000，查看AcuRev2100设备的input channel1~18电流范围值 6、CT Model中的input channel1~18设置电流范围值为4 7、CT Model中的input channel1~18设置电流范围值为50001 | K70: 1、设置成功，AcuRev2100设备的input channel1~18电流范围值为5 2、设置成功，AcuRev2100设备的input channel1~18电流范围值为6 3、设置成功，AcuRev2100设备的input channel1~18电流范围值为25000 4、设置成功，AcuRev2100设备的input channel1~18电流范围值为49999 5、设置成功，AcuRev2100设备的input channel1~18电流范围值为50000 6、设置失败 7、无法保存设置 | L70: LV1
A71: 接入设备参数设置 | B71: AcuRev2100设备参数下发 | E71: FTS_AcuHMI_001_09_case04 | F71: CT2 Value参数下发验证 | G71: TestCase_AcuHMI_001_09_case04 | H71: CT2 Value参数下发验证 | I71: 1.AcuHMI正常工作 2.下挂AcuRev2100设备 3.Info_Seal_Status=0 | J71: 1、查看设备Info_CT2_Type为0x22时，分别设置CT2为80 2、查看AcuRev2100设备的CT2值 3、查看设备Info_CT2_Type为0x22时，分别设置CT2为100 4、查看AcuRev2100设备的CT2值 5、查看设备Info_CT2_Type为0x55时，分别设置CT2为RCT 6、查看AcuRev2100设备的CT2值 7、查看设备Info_CT2_Type为0x55时，分别设置CT2为333 8、查看AcuRev2100设备的CT2值 | K71: 2、CT2值为80 4、CT2值为100 6、CT2值为RCT 8、CT2值为333 | L71: LV1
A72: 接入设备参数设置 | B72: AcuRev2100设备参数下发 | E72: FTS_AcuHMI_001_09_case05 | F72: Communication参数下发验证 | G72: TestCase_AcuHMI_001_09_case05 | H72: Communication参数下发验证 | I72: 1.AcuHMI正常工作 2.下挂AcuRev2100设备 3.Info_Seal_Status=0 | J72: 1、查看HMI的Communication的Channel 1 Address、 Channel 1 Baud Rate、Channel 1 Parity、Channel 2 Address、Channel 2 Baud Rate 、Channel 2 Parity 2、修改电表Communication信息，查看HMI的Communication的Channel 1 Address、 Channel 1 Baud Rate、Channel 1 Parity、Channel 2 Address、Channel 2 Baud Rate 、Channel 2 Parity | K72: 1、Channel 1 Address、Channel 1 Baud Rate、Channel 1 Parity、Channel 2 Address、Channel 2 Baud Rate、Channel 2 Parity与电表信息一致 2、Channel 1 Address、Channel 1 Baud Rate、Channel 1 Parity、Channel 2 Address、Channel 2 Baud Rate、Channel 2 Parity与电表信息一致 | L72: LV1
A73: 接入设备参数设置 | B73: AcuRev2100设备参数下发 | E73: FTS_AcuHMI_001_09_case06 | F73: Reactive Power Calculation Method、VAR/PF Convention参数下发验证 | G73: TestCase_AcuHMI_001_09_case06 | H73: Reactive Power Calculation Method、VAR/PF Convention参数下发验证 | I73: 1.AcuHMI正常工作 2.下挂AcuRev2100设备 3.Info_Seal_Status=0 | J73: 1、HMI设置Reactive Power Calculation Method、VAR/PF Convention分别为真无功、IEC，查看电表的的Reactive Power Calculation Method、VAR/PF Convention的参数值 2、HMI设置Reactive Power Calculation Method、VAR/PF Convention分别为广义无功、IEEE，查看电表的的Reactive Power Calculation Method、VAR/PF Convention的参数值 | K73: 1、电表的的Reactive Power Calculation Method、VAR/PF Convention的参数值分别为真无功、IEC 2、电表的的Reactive Power Calculation Method、VAR/PF Convention的参数值分别为广义无功、IEEE | L73: LV1
A74: 接入设备参数设置 | B74: AcuRev2100设备参数下发 | E74: FTS_AcuHMI_001_09_case07 | F74: 铅封状态验证 | G74: TestCase_AcuHMI_001_09_case07 | H74: 铅封状态验证 | I74: 1.AcuHMI正常工作 2.下挂AcuRev2100设备 | J74: 1、拨动电表的拨码，使设备被铅封 2、修改Basic 页面、Advanced页面参数 | K74: 2、无法修改参数，显示设备被铅封 | L74: LV1
A75: 接入设备参数设置 | B75: PXE2设备参数下发 | D75: ALL | E75: FTS_AcuHMI_001_07_case01 | F75: Acuvim ⅡW 铅封未封闭，service configuration配置参数下发验证 | G75: TestCase_AcuHMI_001_07_case01 | H75: 验证Acuvim ⅡW不同接线方式配置参数下发 | I75: 1、AcuHMI上电启动正常 2、下挂Acuvim ⅡW电表 3、铅封未封闭 | J75: 1、设置接线方式为3 Element 4 Wire Wye (3LN-3CT) 2、电表查看接线方式 3、设置接线方式为3 Element 3 Wire Delta (3LL-3CT) 4、电表查看接线方式 5、设置接线方式为2½ Element 4 Wire Wye (3LN2.5-3CT) 6、电表查看接线方式 7、设置接线方式为2 Element 3 Wire Delta (2LL-3CT) 8、电表查看接线方式 9、设置接线方式为2 Element 3 Wire Network (2LL-2CT) 10、电表查看接线方式 11、设置接线方式为2 Element 3 Wire 1 Phase (1LL-2CT) 12、电表查看接线方式 13、设置接线方式为1 Element 2 Wire (1LN-1CT) 14、电表查看接线方式 | K75: 2、电表接线方式为3 Element 4 Wire Wye (3LN-3CT) 4、电表接线方式为3 Element 3 Wire Delta (3LL-3CT) 6、电表接线方式为2½ Element 4 Wire Wye (3LN2.5-3CT) 8、电表接线方式为2 Element 3 Wire Delta (2LL-3CT) 10、电表接线方式为2 Element 3 Wire Network (2LL-2CT) 12、电表接线方式为2 Element 3 Wire 1 Phase (1LL-2CT) 14、电表接线方式为1 Element 2 Wire (1LN-1CT) | L75: LV0
A76: 接入设备参数设置 | B76: PXE2设备参数下发 | D76: ALL | E76: FTS_AcuHMI_001_07_case02 | F76: Acuvim ⅡW 铅封未封闭，PT and CT Ratios配置参数下发验证 | G76: TestCase_AcuHMI_001_07_case02 | H76: 验证Acuvim ⅡW PT and CT Ratios配置参数下发 | I76: 1、AcuHMI上电启动正常 2、下挂Acuvim ⅡW电表 3、铅封未封闭 | J76: 1、Conf_In_Method为1，Info_CT_Num为 0: 4CT，Info_CT2_Type为5，设置PT1为50.0，PT2为50.0，CT1为1，CT2为1A/5A，I4 Method为measured，CT41为1，CT42为1A/5A 2、电表查看PT1、PT2、CT1、CT2、I4 Method、CT41、CT42配置参数 3、Conf_In_Method为1，Info_CT_Num为 0: 4CT，Info_CT2_Type为5，设置PT1为500000.0，PT2为2000.0，CT1为25000，CT2为333，I4 Method为measured，CT41为25000，CT42为333 4、电表查看PT1、PT2、CT1、CT2、I4 Method、CT41、CT42配置参数 5、Conf_In_Method为1，Info_CT_Num为 0: 4CT，Info_CT2_Type为5，设置PT1为1000000.0，PT2为2000.0，CT1为50000，CT2为200，I4 Method为measured，CT41为50000，CT42为200 6、电表查看PT1、PT2、CT1、CT2、I4 Method、CT41、CT42配置参数 7、Conf_In_Method为非1，Info_CT_Num为 0: 4CT，Info_CT2_Type为5，设置PT1为1000000.0，PT2为4000.0，CT1为50000，CT2为200，I4 Method为calculated，CT41为50000，CT42为200 8、电表查看PT1、PT2、CT1、CT2、I4 Method、CT41、CT42配置参数 9、Info_CT2_Type为333，Conf_In_Method为1，查看CT2、CT42配置 10、Info_CT2_Type为200，Conf_In_Method为1，查看CT2、CT42配置 11、Conf_In_Method为非1，Info_CT_Num为 0: 4CT，Info_CT2_Type为5，查看CT41 CT42是否可配置 12、设置PT1为49.0/1000001.0，PT2为49.0/4001.0，CT1为0/50001，CT41为0/50001 注：TCP读取数据帧 Info_CT2_Type：00 08 00 00 00 06 02 03 F1 F0 00 01 5 Conf_In_Method：00 08 00 00 00 06 02 03 10 27 00 01 0 Info_CT_Num：00 08 00 00 00 06 02 03 F0 73 00 01 0 | K76: 2、电表配置信息PT1为50.0，PT2为50.0，CT1为1，CT2为1A/5A，I4 Method为calculated，CT41为1，CT42为1A/5A 4、电表配置信息PT1为500000.0，PT2为2000.0，CT1为25000，CT2为333，I4 Method为calculated，CT41为25000，CT42为333 6、电表配置信息PT1为1000000.0，PT2为2000.0，CT1为50000，CT2为200，I4 Method为calculated，CT41为50000，CT42为200 8、电表配置信息PT1为1000000.0，PT2为2000.0，CT1为50000，CT2为200，I4 Method为calculated，CT41、CT42置灰无法配置 9、CT2可配置为333mV和100mV/50Hz、CT42可配置为333mV和100mV/50Hz并可配置下发成功 10、CT2可配置为80mA、100mA和200mA、CT42可配置为80mA、100mA和200mA并可配置下发成功 11、CT41、CT42置灰无法配置 12、无发进行配置 | L76: LV2
A77: 接入设备参数设置 | B77: PXE2设备参数下发 | D77: ALL | E77: FTS_AcuHMI_001_07_case03 | F77: Acuvim ⅡW铅封未封闭， I Direction配置参数下发验证 | G77: TestCase_AcuHMI_001_07_case03 | H77: 验证Acuvim ⅡW I Direction配置参数下发 | I77: 1、AcuHMI上电启动正常 2、下挂Acuvim ⅡW电表 3、铅封未封闭 | J77: 1、设置IA Direction为Positive,IB Direction为Positive,IC Direction为Positive 2、电表查看IA Direction、IB Direction、IC Direction参数 3、设置IA Direction为Negative,IB Direction为Negative,IC Direction为Negative 4、电表查看IA Direction、IB Direction、IC Direction参数 5、设置IA Direction为Negative,IB Direction为Positive,IC Direction为Positive 6、电表查看IA Direction、IB Direction、IC Direction参数 7、设置IA Direction为Positive,IB Direction为Negative,IC Direction为Negative 8、电表查看IA Direction、IB Direction、IC Direction参数 | K77: 2、电表配置信息IA Direction为Positive,IB Direction为Positive,IC Direction为Positive 4、电表配置信息IA Direction为Negative,IB Direction为Negative,IC Direction为Negative 6、电表配置信息IA Direction为Negative,IB Direction为Positive,IC Direction为Positive 8、电表配置信息IA Direction为Positive,IB Direction为Negative,IC Direction为Negative | L77: LV2
A78: 接入设备参数设置 | B78: PXE2设备参数下发 | D78: ALL | E78: FTS_AcuHMI_001_07_case04 | F78: Acuvim ⅡW铅封未封闭， demand 配置参数下发验证 | G78: TestCase_AcuHMI_001_07_case04 | H78: 验证Acuvim ⅡW demand配置参数下发 | I78: 1、AcuHMI上电启动正常 2、下挂Acuvim ⅡW电表 3、铅封未封闭 | J78: 1、设置Demand Method为Fixed block，Demand Window为1，Dmenad Sub interval为1 2、电表查看Demand Method，Demand Window，Dmenad Sub interval 3、设置Demand Method为Sliding block，Demand Window为2，Dmenad Sub interval为2 4、电表查看Demand Method，Demand Window，Dmenad Sub interval 5、设置Demand Method为thermal，Demand Window为15，Dmenad Sub interval为15 6、电表查看Demand Method，Demand Window，Dmenad Sub interval 7、设置Demand Method为Rolling block，Demand Window为30，Dmenad Sub interval为30 8、电表查看Demand Method，Demand Window，Dmenad Sub interval 9、设置Demand Window为0/31，Dmenad Sub interval为0/31 10、设置块大小小于块间隔时间 | K78: 2、电表配置信息Demand Method为Fixed block，Demand Window为1，Dmenad Sub interval为1 4、电表配置信息Demand Method为Sliding block，Demand Window为2，Dmenad Sub interval为2 6、电表配置信息Demand Method为thermal，Demand Window为15，Dmenad Sub interval为15 8、电表配置信息Demand Method为Rolling block，Demand Window为30，Dmenad Sub interval为30 9、无法进行配置 10、设置失败 | L78: LV2
A79: 接入设备参数设置 | B79: PXE2设备参数下发 | D79: ALL | E79: FTS_AcuHMI_001_07_case05 | F79: Acuvim ⅡW 铅封封闭，service configuration、PT and CT Ratios、 I Direction、demand配置参数下发验证 | G79: TestCase_AcuHMI_001_07_case05 | H79: 验证Acuvim ⅡW 铅封封闭，service configuration、PT and CT Ratios、 I Direction、demand配置参数下发 | I79: 1、AcuHMI上电启动正常 2、下挂Acuvim ⅡW电表 3、铅封封闭 | J79: 1、设置service configuration、PT and CT Ratios、 I Direction、demand配置参数 | K79: 1、无法配置，报错铅封封闭无法进行配置 | L79: LV3
A80: 接入设备参数设置 | B80: PXE2设备参数下发 | D80: ALL | E80: FTS_AcuHMI_001_07_case06 | F80: Acuvim ⅡW modbus gateway配置参数下发验证 | G80: TestCase_AcuHMI_001_07_case06 | H80: 验证Acuvim ⅡW modbus gateway配置参数下发 | I80: 1、AcuHMI上电启动正常 2、下挂Acuvim ⅡW电表 | J80: 1、铅封封闭 2、打开modbus gateway 3、关闭modbus gateway 4、铅封未封闭 5、打开modbus gateway 6、关闭modbus gateway | K80: 2、打开成功 3、关闭成功 5、打开成功 6、关闭成功 | L80: LV1
A81: 接入设备参数设置 | B81: PXE2设备参数下发 | D81: ALL | E81: FTS_AcuHMI_001_07_case07 | F81: Acuvim ⅡW communication配置参数下发验证 | G81: TestCase_AcuHMI_001_07_case07 | H81: 验证Acuvim ⅡW modbus communication配置参数下发---当前channel1、2不支持修改 | I81: 1、AcuHMI上电启动正常 2、下挂Acuvim ⅡW电表 | J81: 1、铅封封闭，设置channel1的Protocol为modbus，Baud Rate为2400，address为1，Parity为even，channel2的Protocol为other，Baud Rate为115200，address为247，Parity为None2 2、电表查看channel1的Protocol，Baud Rate，address，Parity，channel2的Protocol，Baud Rate，address，Parity 3、铅封未封闭，设置channel1的Protocol为bacnet，Baud Rate为4800，address为2，Parity为odd，channel2的Protocol为BACnet，Baud Rate为76800，address为246，Parity为None1 4、电表查看channel1的Protocol，Baud Rate，address，Parity，channel2的Protocol，Baud Rate，address，Parity 5、铅封封闭，设置channel1的Protocol为modbus，Baud Rate为9600，address为3，Parity为None1，channel2的Protocol为MESH，Parity为57600，address为245，Parity为odd 6、电表查看channel1的Protocol，Baud Rate，address，Parity，channel2的Protocol，Baud Rate，address，Parity 7、铅封未封闭，设置channel1的Protocol为bacnet，Baud Rate为19200，address为150，Parity为None2，channel2的Protocol为WIFI，Parity为38400，address为151，Parity为even 8、电表查看channel1的Protocol，Baud Rate，address，Parity，channel2的Protocol，Baud Rate，address，Parity 9、铅封封闭，设置channel1的Protocol为modbus，Baud Rate为38400，address为151，Parity为even，channel2的Protocol为WEB2(EATON vesion: ETHM)，Baud Rate为19200，address为150，Parity为None2 10、电表查看channel1的Protocol，Baud Rate，address，Parity，channel2的Protocol，Baud Rate，address，Parity 11、铅封未封闭，设置channel1的Protocol为bacnet，Baud Rate为57600，address为245，Parity为odd，channel2的Protocol为Profibus，Baud Rate为9600，address为3，Parity为None1 12、电表查看channel1的Protocol，Baud Rate，address，Parity，channel2的Protocol，Baud Rate，address，Parity 13、铅封封闭，设置channel1的Protocol为modbus，Baud Rate为76800，address为246，Parity为None1，channel2的Protocol为WIFI，Baud Rate为4800，address为2，Parity为odd 14、电表查看channel1的Protocol，Baud Rate，address，Parity，channel2的Protocol，Baud Rate，address，Parity 15、铅封未封闭，设置channel1的Protocol为bacnet，Baud Rate为115200，address为247，Parity为None2，channel2的Protocol为WEB2(EATON vesion: ETHM)，Baud Rate为2400，address为1，Parity为even 16、电表查看channel1的Protocol，Baud Rate，address，Parity，channel2的Protocol，Baud Rate，address，Parity 17、设置channel1和channel2的address分别为0/248 | K81: 2、电表配置信息channel1的Protocol为modbus，Baud Rate为2400，address为1，Parity为even，channel2的Protocol为other，Baud Rate为115200，address为247，Parity为None2 4、电表配置信息channel1的Protocol为bacnet，Baud Rate为4800，address为2，Parity为odd，channel2的Protocol为BACnet，Baud Rate为76800，address为246，Parity为None1 6、电表配置信息channel1的Protocol为modbus，Baud Rate为9600，address为3，Parity为None1，channel2的Protocol为MESH，Parity为57600，address为245，Parity为odd 8、电表配置信息channel1的Protocol为bacnet，Baud Rate为19200，address为150，Parity为None2，channel2的Protocol为WIFI，Parity为38400，address为151，Parity为even 10、电表配置信息channel1的Protocol为modbus，Baud Rate为38400，address为151，Parity为even，channel2的Protocol为WEB2(EATON vesion: ETHM)，Baud Rate为19200，address为150，Parity为None2 12、电表配置信息channel1的Protocol为bacnet，Baud Rate为57600，address为245，Parity为odd，channel2的Protocol为Profibus，Baud Rate为9600，address为3，Parity为None1 14、电表配置信息channel1的Protocol为modbus，Baud Rate为76800，address为246，Parity为None1，channel2的Protocol为WIFI，Baud Rate为4800，address为2，Parity为odd 16、电表配置信息channel1的Protocol为bacnet，Baud Rate为115200，address为247，Parity为None2，channel2的Protocol为WEB2(EATON vesion: ETHM)，Baud Rate为2400，address为1，Parity为even 17、无法进行配置 | L81: LV2
A82: 接入设备参数设置 | B82: PXE2设备参数下发 | D82: ALL | E82: FTS_AcuHMI_001_07_case08 | F82: Acuvim ⅡW铅封未封闭， energy type、energy reading、var/PF Convention、var Calculation Method、Realtime Reading(Only for Modbus)配置参数下发验证 | G82: TestCase_AcuHMI_001_07_case08 | H82: 验证Acuvim ⅡW， energy type、energy reading、var/PF Convention、var Calculation Method、Realtime Reading(Only for Modbus)配置参数下发 | I82: 1、AcuHMI上电启动正常 2、下挂Acuvim ⅡW电表 3、铅封未封闭 | J82: 1、设置energy type为Fundamental、energy reading为Primary;、var/PF Convention为IEC、var Calculation Method为True Reactive Power、Realtime Reading(Only for Modbus)为Secondary 2、电表查看energy type、energy reading、var/PF Convention、var Calculation Method、Realtime Reading(Only for Modbus) 3、设置energy type为Fundament+Harmonics、energy reading为Secondary、var/PF Convention为 IEEE、var Calculation Method为Generic Reactive Power、Realtime Reading(Only for Modbus)为Primary 4、电表查看energy type、energy reading、var/PF Convention、var Calculation Method、Realtime Reading(Only for Modbus) 5、设置energy type为Fundamental、energy reading为Primary in 0.01kWh、var/PF Convention为IEC、var Calculation Method为True Reactive Power、Realtime Reading(Only for Modbus)为Secondary 6、电表查看energy type、energy reading、var/PF Convention、var Calculation Method、Realtime Reading(Only for Modbus) | K82: 2、电表配置信息energy type为Fundamental、energy reading为Primary;、var/PF Convention为IEC、var Calculation Method为True Reactive Power、Realtime Reading(Only for Modbus)为Secondary 4、电表配置信息energy type为Fundament+Harmonics、energy reading为Secondary、var/PF Convention为 IEEE、var Calculation Method为Generic Reactive Power、Realtime Reading(Only for Modbus)为Primary 6、电表配置信息energy type为Fundamental、energy reading为Primary in 0.01kWh、var/PF Convention为IEC、var Calculation Method为True Reactive Power、Realtime Reading(Only for Modbus)为Secondary | L82: LV2
A83: 接入设备参数设置 | B83: PXE2设备参数下发 | D83: ALL | E83: FTS_AcuHMI_001_07_case09 | F83: Acuvim ⅡW铅封封闭， energy type、energy reading、var/PF Convention、var Calculation Method、Realtime Reading(Only for Modbus)配置参数下发验证 | G83: TestCase_AcuHMI_001_07_case09 | H83: 验证铅封封闭状态下Acuvim ⅡW， energy type、energy reading、var/PF Convention、var Calculation Method、Realtime Reading(Only for Modbus)配置参数下发 | I83: 1、AcuHMI上电启动正常 2、下挂Acuvim ⅡW电表 3、铅封封闭 | J83: 1、设置energy type为Fundamental、energy reading为Primary;、var/PF Convention为IEC、var Calculation Method为True Reactive Power、Realtime Reading(Only for Modbus)为Secondary | K83: 1、无法配置，报错铅封封闭无法进行配置 | L83: LV3
A84: 接入设备参数设置 | B84: PXE2设备参数下发 | D84: ALL | E84: FTS_AcuHMI_001_07_case10 | F84: Acuvim ⅡW class s PQ event disable配置参数下发验证 | G84: TestCase_AcuHMI_001_07_case10 | H84: 验证Acuvim ⅡW class s PQ event disable配置参数下发 | I84: 1、AcuHMI上电启动正常 2、下挂Acuvim ⅡW电表 | J84: 1、设置class s PQ event 为disable 2、查看电表class s PQ event使能情况 | K84: 2、电表配置信息class s PQ event 为disable，并且不产生event log信息 | L84: LV3
A85: 接入设备参数设置 | B85: PXE2设备参数下发 | D85: ALL | E85: FTS_AcuHMI_001_07_case11 | F85: Acuvim ⅡW class s PQ event enable、Waveform sample rate、Rateed Current、Rated Voltage配置参数下发验证 | G85: TestCase_AcuHMI_001_07_case11 | H85: 验证 Acuvim ⅡW class s PQ event enable、Waveform sample rate、Rated Current、Rated Voltage配置参数下发 | I85: 1、AcuHMI上电启动正常 2、下挂Acuvim ⅡW电表 | J85: 1、设置class s PQ event 为enable、Waveform sample rate为16points、Rated Current为0.1、Rated Voltage为10 2、查看电表配置信息class s PQ event 、Waveform sample rate、Rated Current、Rated Voltage 3、设置class s PQ event 为enable、Waveform sample rate为32points、Rated Current为0.2、Rated Voltage为11 4、查看电表配置信息class s PQ event 、Waveform sample rate、Rated Current、Rated Voltage 5、设置class s PQ event 为enable、Waveform sample rate为64points、Rated Current为0.5、Rated Voltage为200 6、查看电表配置信息class s PQ event 、Waveform sample rate、Rated Current、Rated Voltage 7、设置class s PQ event 为enable、Waveform sample rate为128points、Rated Current为0.6、Rated Voltage为201 8、查看电表配置信息class s PQ event 、Waveform sample rate、Rated Current、Rated Voltage 9、设置class s PQ event 为enable、Waveform sample rate为256points、Rated Current为0.9、Rated Voltage为399 10、查看电表配置信息class s PQ event 、Waveform sample rate、Rated Current、Rated Voltage 11、设置class s PQ event 为enable、Waveform sample rate为512points、Rated Current为1.0、Rated Voltage为400 12、查看电表配置信息class s PQ event 、Waveform sample rate、Rated Current、Rated Voltage 13、设置Rated Current为0/1.1、Rated Voltage为9/401 | K85: 2、电表配置信息class s PQ event 为enable、Waveform sample rate为16points、Rated Current为0.1、Rated Voltage为10 4、电表配置信息class s PQ event 为enable、Waveform sample rate为32points、Rated Current为0.2、Rated Voltage为11 6、电表配置信息class s PQ event 为enable、Waveform sample rate为64points、Rated Current为0.5、Rated Voltage为200 8、电表配置信息class s PQ event 为enable、Waveform sample rate为128points、Rated Current为0.6、Rated Voltage为201 10、电表配置信息class s PQ event 为enable、Waveform sample rate为256points、Rated Current为0.9、Rated Voltage为399 12、电表配置信息class s PQ event 为enable、Waveform sample rate为512points、Rated Current为1.0、Rated Voltage为400 13、无法进行配置 | L85: LV2
A86: 接入设备参数设置 | B86: PXE2设备参数下发 | D86: ALL | E86: FTS_AcuHMI_001_07_case12 | F86: Acuvim ⅡW class s PQ event enable,Voltage Sag配置参数下发验证 | G86: TestCase_AcuHMI_001_07_case12 | H86: 验证Acuvim ⅡW class s PQ event enable,Voltage Sag配置参数下发 | I86: 1、AcuHMI上电启动正常 2、下挂Acuvim ⅡW电表 3、仅使能Voltage Sag | J86: 1、设置Threshold为10、Hysteresis为1、Waveform为enable、D0为no output、RO为no output 2、电表查看配置信息Threshold、Hysteresis、Waveform、D0为no output、RO 3、设置Threshold为11、Hysteresis为2、Waveform为 disable、D0为DO1、RO为output to relay RO11-1 4、电表查看配置信息Threshold、Hysteresis、Waveform、D0为no output、RO 5、设置Threshold为12、Hysteresis为3、Waveform为 enable、D0为DO2、RO为RO21-1 6、电表查看配置信息Threshold、Hysteresis、Waveform、D0为no output、RO 7、设置Threshold为50、Hysteresis为5、Waveform为disable 、D0为DO3、RO为RO13-1 8、电表查看配置信息Threshold、Hysteresis、Waveform、D0为no output、RO 9、设置Threshold为51、Hysteresis为6、Waveform为enable、D0为DO4、RO为RO23-1 10、电表查看配置信息Threshold、Hysteresis、Waveform、D0为no output、RO 11、设置Threshold为52、Hysteresis为7、Waveform为disable、D0为DO1、RO为RO11-2 12、电表查看配置信息Threshold、Hysteresis、Waveform、D0为no output、RO 13、设置Threshold为88、Hysteresis为8、Waveform为enable、D0为DO2、RO为RO21-2 14、电表查看配置信息Threshold、Hysteresis、Waveform、D0为no output、RO 15、设置Threshold为89、Hysteresis为9、Waveform为disable、D0为DO3、RO为RO13-2 16、电表查看配置信息Threshold、Hysteresis、Waveform、D0为no output、RO 17、设置Threshold为90、Hysteresis为10、Waveform为enable、D0为DO4、RO为RO23-2 18、电表查看配置信息Threshold、Hysteresis、Waveform、D0为no output、RO 19、设置Threshold为9/91、Hysteresis为0/11 | K86: 2、电表配置信息Threshold为10、Hysteresis为1、Waveform为enable、D0为no output、RO为no output 4、电表配置信息Threshold为11、Hysteresis为2、Waveform为 disable、D0为DO1、RO为output to relay RO11-1 6、电表配置信息Threshold为12、Hysteresis为3、Waveform为 enable、D0为DO2、RO为RO11-2 8、电表配置信息Threshold为50、Hysteresis为5、Waveform为disable 、D0为DO3、RO为RO31-1 10、电表配置信息Threshold为51、Hysteresis为6、Waveform为enable、D0为DO4、RO为RO31-2 12、电表配置信息Threshold为52、Hysteresis为7、Waveform为disable、D0为DO1、RO为RO12-1 14、电表配置信息Threshold为88、Hysteresis为8、Waveform为enable、D0为DO2、RO为RO12-2 16、电表配置信息Threshold为89、Hysteresis为9、Waveform为disable、D0为DO3、RO为RO32-1 18、电表配置信息Threshold为90、Hysteresis为10、Waveform为enable、D0为DO4、RO为RO32-2 19、无法进行配置 | L86: LV2
... A93: 接入设备参数设置 | B93: PXE2设备参数下发 | D93: ALL | E93: FTS_AcuHMI_001_07_case19 | F93: Acuvim ⅡW Non-standard Seal参数配置下发验证 | G93: TestCase_AcuHMI_001_07_case19 | H93: 验证 Non-standard Seal参数配置下发 | I93: 1、AcuHMI上电启动正常 2、下挂PXB （AcuRev-4100电表 3、非铅封 | J93: 1、Non-standard Seal Option勾选Communication Channel 1 2、查看Non-standard Seall Option配置信息 3、Non-standard Seal Option勾选Communication Channel2 4、查看Non-standard Seall Option配置信息 5、Non-standard Seal Option勾选Device Run-Time 6、查看Non-standard Seall Option配置信息 7、Non-standard Seal Option勾选DI Counters 8、查看Non-standard Seall Option配置信息 9、Non-standard Seal Option勾选TOU 10、查看Non-standard Seall Option配置信息 11、Non-standard Seal Option勾选Communication Channel 1、Communication Channel 、Device Run-Time、DI Counters、TOU 12、查看Non-standard Seall Option配置信息 | K93: 2、电表Non-standard Seall Option配置信息显示勾选Communication Channel 1 4、电表Non-standard Seall Option配置信息显示勾选Communication Channel2 6、电表Non-standard Seall Option配置信息显示勾选Device Run-Time 8、电表Non-standard Seall Option配置信息显示勾选DI Counters 10、电表Non-standard Seall Option配置信息显示勾选TOU 12、电表Non-standard Seall Option配置信息显示勾选Communication Channel 1、Communication Channel 、Device Run-Time、DI Counters、TOU | L93: LV2
A94: 接入设备参数设置 | B94: PXM350设备参数下发 | E94: FTS_AcuHMI_001_07_case20 | F94: 设置不同的Wiring Method | G94: TestCase_AcuHMI_001_07_case01 | H94: 验证不同的Wiring Method | I94: 1.AcuHMI正常工作 2.下挂PXM350设备 3.Info_Seal_Status=0 | J94: 1.设置Wiring Method为0:3LN 2.通过电表或上位机查看接线方式 3.重复步骤1-2，遍历1:2LL、2:1LL、3:1LN | K94: 2.接线方式为3LN ,与设置一致 3.接线方式为1:2LL、2:1LL、3:1LN ,与设置一致 | L94: LV2
A95: 接入设备参数设置 | B95: PXM350设备参数下发 | E95: FTS_AcuHMI_001_07_case21 | F95: 设置CT1、CT2、CTN、PT1、PT2合法参数 | G95: TestCase_AcuHMI_001_07_case02 | H95: 设置CT1、CT2、CTN、PT1、PT2合法参数 | I95: 1.AcuHMI正常工作 2.下挂PXM350设备 3.Info_Seal_Status=0 | J95: 1.设置CT2=5；CT1=5；CTN=5；PT1=50.0；PT2=50.0 2.通过电表或上位机查看参数是否设置成功 3.设置CT2=5；CT1=25000；CTN=25000；PT1=220；PT2=220.0 4.通过电表或上位机查看参数是否设置成功 5.设置CT2=5；CT1=50000；CTN=50000；PT1=999999.9；PT2=400.0 6.通过电表或上位机查看参数是否设置成功 | K95: 2.与设置的参数保持一致 4.与设置的参数保持一致 6.与设置的参数保持一致 | L95: LV2
A96: 接入设备参数设置 | B96: PXM350设备参数下发 | E96: FTS_AcuHMI_001_07_case22 | F96: 设置CT1、CT2、CTN、PT1、PT2合法参数 | G96: TestCase_AcuHMI_001_07_case03 | H96: 设置CT1、CT2、CTN、PT1、PT2合法参数 | I96: 1.AcuHMI正常工作 2.下挂PXM350设备 3.Info_Seal_Status=0 | J96: 1.设置CT2=1；CT1=1；CTN=1 2.通过电表或上位机查看参数是否设置成功 3.设置CT2=80；CT1=4；CTN=4 4.通过电表或上位机查看参数是否设置成功 5.设置CT2=100；CT1=50000；CTN=50000 6.通过电表或上位机查看参数是否设置成功 7.设置CT2=200；CT1=50000；CTN=50000 8.通过电表或上位机查看参数是否设置成功 9.设置CT2=333；CT1=50000；CTN=50000 10通过电表或上位机查看参数是否设置成功 | K96: 2.与设置的参数保持一致 4.与设置的参数保持一致 6.与设置的参数保持一致 8.与设置的参数保持一致 10.与设置的参数保持一致 | L96: LV2
A97: 接入设备参数设置 | B97: PXM350设备参数下发 | E97: FTS_AcuHMI_001_07_case23 | F97: 设置CT1、CT2、CTN、PT1、PT2非法参数 | G97: TestCase_AcuHMI_001_07_case04 | H97: 设置CT1、CT2、CTN、PT1、PT2非法参数 | I97: 1.AcuHMI正常工作 2.下挂PXM350设备 3.Info_Seal_Status=0 | J97: 1.设置CT2=5；CT1=1；CTN=4；PT1=49.9；PT2=49.9 2.设置CT2=5；CT1=4；PT1=1000000.0；PT2=401.0 3.设置CT2=5；CT1=50001；CTN=50001 4.设置CT2=[6、99、199、300、334] | K97: 1.CT1、CTN、PT1、PT2设置失败 2.CT1、PT1、PT2设置失败 3.CT1、CTN设置失败 4.CT2设置失败 | L97: LV2
A98: 接入设备参数设置 | B98: PXM350设备参数下发 | E98: FTS_AcuHMI_001_07_case24 | F98: 验证Demand参数配置 | G98: TestCase_AcuHMI_001_07_case05 | H98: 验证Demand参数配置 | I98: 1.AcuHMI正常工作 2.下挂PXM350设备 3.Info_Seal_Status=0 | J98: 1.设置Compute Mode为0：滑动区块法；Period为15min、Sub-intervals为1min 2.通过电表或上位机查看参数是否设置成功 3.设置Compute Mode为0：滑动区块法；Period为30min、Sub-intervals为1min 4.通过电表或上位机查看参数是否设置成功 5.设置Compute Mode为0：滑动区块法；Period为1min、Sub-intervals为1min 6.通过电表或上位机查看参数是否设置成功 7.设置Compute Mode为0：滑动区块法；Period为15min、Sub-intervals为15min 8.通过电表或上位机查看参数是否设置成功 9.设置Compute Mode为0：滑动区块法；Period为30min、Sub-intervals为15min 10.通过电表或上位机查看参数是否设置成功 11.设置Compute Mode为0：滑动区块法；Period为30min、Sub-intervals为30min 12.通过电表或上位机查看参数是否设置成功 13.重复步骤1-12，Compute Mode遍历1：固定区块法、2：滚动区块法、3：热需量法 | K98: 2.Compute Mode为0：滑动区块法；Period为15min、Sub-intervals为1min 4.Compute Mode为0：滑动区块法；Period为30min、Sub-intervals为1min 6.Compute Mode为0：滑动区块法；Period为1min、Sub-intervals为1min 8.Compute Mode为0：滑动区块法；Period为15min、Sub-intervals为15min 10.设置Compute Mode为0：滑动区块法；Period为30min、Sub-intervals为15min 12.Compute Mode为0：滑动区块法；Period为30min、Sub-intervals为30min 13.配置参数与设置的保持一致
A99: 接入设备参数设置 | B99: PXM350设备参数下发 | E99: FTS_AcuHMI_001_07_case25 | F99: 验证Demand参数异常配置 | G99: TestCase_AcuHMI_001_07_case06 | H99: 验证Demand参数异常配置 | I99: 1.AcuHMI正常工作 2.下挂PXM350设备 3.Info_Seal_Status=0 | J99: 1.设置Compute Mode为0：滑动区块法；Period为1min、Sub-intervals为15min 2.设置Compute Mode为0：滑动区块法；Period为15min、Sub-intervals为30min 3.设置Compute Mode为0：滑动区块法；Period为0min、Sub-intervals为0min 3.设置Compute Mode为0：滑动区块法；Period为31min、Sub-intervals为31min 4.设置Compute Mode为0：滑动区块法；Period为小数、字母、特殊字符；Sub-intervals为小数、字母、特殊字符 5.重复步骤1-4，Compute Mode遍历固定区块法、滚动区块法、热需量法 | K99: 1.设置失败或配置下发不成功 2.设置失败或配置下发不成功 3.设置失败或配置下发不成功 4.设置失败或配置下发不成功 5.设置失败或配置下发不成功 | L99: LV2
A100: 接入设备参数设置 | B100: PXM350设备参数下发 | E100: FTS_AcuHMI_001_07_case26 | F100: 验证合法通信参数 | G100: TestCase_AcuHMI_001_07_case07 | H100: 验证合法通信参数 | I100: 1.AcuHMI正常工作 2.下挂PXM350设备 3.Info_Seal_Status=0 | J100: 1.设置Modbus地址为1，波特率为1200，校验方式为偶校验 2.通过电表查看配置参数 3.上位机配置修改后的参数连接电表 4.设置Modbus地址为100，波特率为2400，校验方式为奇校验 5.重复步骤2-3 6.设置Modbus地址为225，波特率为4800，校验方式为无校验1 7.重复步骤2-3 8.设置Modbus地址为246，波特率为9600，校验方式为无校验2 9.重复步骤2-3 10.设置Modbus地址为247，波特率为38400，校验方式为无校验2 11.重复步骤2-3 | K100: 2.配置参数：Modbus地址为1，波特率为1200，校验方式为偶校验 3.电表连接成功 5.Modbus地址为100，波特率为2400，校验方式为奇校验;电表连接成功 7.设置Modbus地址为225，波特率为4800，校验方式为无校验1；电表连接成功 9。Modbus地址为246，波特率为9600，校验方式为无校验2；电表连接成功 11.Modbus地址为247，波特率为38400，校验方式为无校验2；电表连接成功 | L100: LV2
A101: 接入设备参数设置 | B101: PXM350设备参数下发 | E101: FTS_AcuHMI_001_07_case27 | F101: 验证非法通信参数 | G101: TestCase_AcuHMI_001_07_case08 | H101: 验证非法通信参数 | I101: 1.AcuHMI正常工作 2.下挂PXM350设备 3.Info_Seal_Status=0 | J101: 1.设置Modbus地址为小数、字母、特殊字符、-1、0、248 2.设置波特率为600、1199、38401、115200 | K101: 1.设置失败 2.设置失败 | L101: LV2
A102: 接入设备参数设置 | B102: PXM350设备参数下发 | E102: FTS_AcuHMI_001_07_case28 | F102: 验证Measurement Side参数配置 | G102: TestCase_AcuHMI_001_07_case09 | H102: 验证Measurement Side参数配置 | I102: 1.AcuHMI正常工作 2.下挂PXM350设备 3.Info_Seal_Status=0 | J102: 1.设置Measurement Side为Primary Side 2.通过电表和上位机查看参数配置 3.设置Measurement Side为Second Side 4.通过电表和上位机查看参数配置 | K102: 2.Measurement Side为Primary Side 4.Measurement Side为Second Side | L102: LV2
A103: 接入设备参数设置 | B103: PXM350设备参数下发 | E103: FTS_AcuHMI_001_07_case29 | F103: 验证VAR/PF Convention和VAR Calculation Method参数配置 | G103: TestCase_AcuHMI_001_07_case10 | H103: 验证VAR/PF Convention和VAR Calculation Method参数配置 | I103: 1.AcuHMI正常工作 2.下挂PXM350设备 3.Info_Seal_Status=0 | J103: 1.配置VAR/PF Convention为IEC,VAR Calculation Method为真无功 2.通过电表和上位机查看参数配置 3.配置VAR/PF Convention为IEEE,VAR Calculation Method为广义无功 4.通过电表和上位机查看参数配置 | K103: 2.VAR/PF Convention为IEC,VAR Calculation Method为真无功 4.VAR/PF Convention为IEEE,VAR Calculation Method为广义无功 | L103: LV2
A104: 接入设备参数设置 | B104: PXM350设备参数下发 | E104: FTS_AcuHMI_001_07_case30 | F104: 验证Non-standard Seal参数配置 | G104: FTS_AcuHMI_001_07_case11 | H104: 验证Non-standard Seal参数配置 | I104: 1.AcuHMI正常工作 2.下挂PXM350设备 3.Info_Seal_Status=0 | J104: 1.设置Device Clock+TOU Relates为铅封 2.通过电表和上位机查看参数配置 3.修改Device Clock+TOU Relates相关参数 4.设置Device Clock+TOU Relates非铅封 5.修改Device Clock+TOU Relates相关参数 6.重复步骤1-5，遍历Communication、Run-time and Load time | K104: 2.配置参数与设置的一致 3.页面参数置灰或提示不可修改 5.参数可修改 6.预期结果同上2、3、5 | L104: LV2
A105: 接入设备参数设置 | B105: PXM350设备参数下发 | E105: FTS_AcuHMI_001_07_case31 | F105: 验证Wirng Check Enable参数配置 | G105: TestCase_AcuHMI_001_07_case12 | H105: 验证Wirng Check Enable参数配置 | I105: 1.AcuHMI正常工作 2.下挂PXM350设备 3.Info_Seal_Status=0 | J105: 1.开启Wirng Check 2.通过电表和上位机查看参数配置 3.关闭Wirng Check 4.通过电表和上位机查看参数配置 | K105: 2.设置成功，Wirng Check显示已开启 4.设置成功，Wirng Check显示已开启 | L105: LV2
A106: 接入设备参数设置 | B106: PXM350设备参数下发 | E106: FTS_AcuHMI_001_07_case32 | F106: 验证Info_Seal_Status不为0，页面是否可编辑 | G106: TestCase_AcuHMI_001_07_case13 | H106: 验证Info_Seal_Status不为0，页面是否可编辑 | I106: 1.AcuHMI正常工作 2.下挂PXM350设备 3.Info_Seal_Status不为0 | J106: 1.编辑General->base和Advanced页面相关参数 | K106: 2.不可编辑 | L106: LV2
A107: 接入设备参数设置 | B107: PXM350设备参数下发 | E107: FTS_AcuHMI_001_07_case33 | F107: 验证Energy Digits参数配置 | G107: TestCase_AcuHMI_001_07_case14 | H107: 验证Energy Digits参数配置 | I107: 1.AcuHMI正常工作 2.下挂PXM350设备 3.Info_Seal_Status=0 | J107: 1.设置电能显示小数点位数为0 2.通过电表和上位机查看参数配置 3.设置电能显示小数点位数为1 4.通过电表和上位机查看参数配置 5.设置电能显示小数点位数为2 6.通过电表和上位机查看参数配置 7.设置电能显示小数点位数为3 8.通过电表和上位机查看参数配置 | K107: 2.参数配置成功，电能参数不保留小数 4.参数配置成功，电能参数保留1位小数 6.参数配置成功，电能参数保留2位小数 8.参数配置成功，电能参数保留3位小数 | L107: LV2
A108: 接入设备参数设置 | B108: PXB （AcuRev-4100）设备参数下发 | E108: FTS_ACHMI_032_002_001 | F108: WEB Module 模式 User Channel 路径正确 | G108: TestCase_ACHMI_032_002_001 | H108: WEB Module 模式 User Channel 路径正确 | I108: web2已正常上电，相关服务正常启动。 | J108: 1. 以 WEB Module 模式登录系统。 2. 打开 Settings -> Device -> Meter -> User and CT 页面。 | K108: 1. WEB Module 模式登录成功。 2. Settings -> Device -> Meter -> User and CT 路径可正常访问。 | L108: LV1
A109: 接入设备参数设置 | B109: PXB （AcuRev-4100）设备参数下发 | E109: FTS_ACHMI_032_002_002 | F109: Gateway 模式 User Channel 路径正确 | G109: TestCase_ACHMI_032_002_002 | H109: Gateway 模式 User Channel 路径正确 | I109: web2已正常上电，相关服务正常启动。 | J109: 1. 以 Gateway 模式登录系统。 2. 打开 Setting -> Device -> 设备名 -> Meter -> User and CT 页面。 | K109: 1. Gateway 模式登录成功。 2. Setting -> Device -> 设备名 -> Meter -> User and CT 路径可正常访问。 | L109: LV1
A110: 接入设备参数设置 | B110: PXB （AcuRev-4100）设备参数下发 | E110: FTS_ACHMI_032_002_003 | F110: 12 个 User Channel 可独立配置名称 | G110: TestCase_ACHMI_032_002_003 | H110: 12 个 User Channel 可独立配置名称 | I110: web2已正常上电，相关服务正常启动。 | J110: 1. 打开 User and CT 页面。 2. 检查 User Channel 1 ~ 12 是否全部显示，并确认每行均存在 Description 列。 3. 分别设置 User Channel 1=Name1、User Channel 2=Name2，点击保存。 | K110: 1. 页面打开成功。 2. User Channel 1 ~ 12 共 12 个独立通道全部显示，每个通道均具备 Description 列。 3. User Channel 1、User Channel 2 名称可独立保存，互不覆盖，其他通道不受影响。 | L110: LV1
...
