Workbook

Sheet 说明
A1: 版本号 | B1: 说明
A2: v1.0 | B2: 初版用例版本v1.0+用例发布日期(2025xxxx)区别
A3: v1.01 | B3: 后期新增、更新统一使用v1.01+更新日期(2025xxxx)区别

Sheet 测试用例
A1: 模块 | B1: 子模块 | C1: 用例编号 | D1: 用例标题 | E1: 预置条件 | F1: 测试步骤 | G1: 预期结果 | H1: 级别 | I1: 自动化 | J1: 需自动化 （是/否） | K1: 测试版本 | L1: 测试结果 | M1: 测试人员 | N1: 备注 | O1: 问题单来源
A2: 交流频率 | B2: 交流频率 | C2: Function_AcuRev1320_001_01_case1 | D2: 交流电在45 HZ 、55HZ、65 Hz，测量精度要求0.1% | E2: 1、Acuview2上位机 2、网线/RTU串口线 3、AcuRev1320电表 | F2: 1、连接AcuRev1320电表到Acuview2上，链接状态为connected 2、交流电源输入频率为45HZ。 3、Acuview2上和HMI上检查交流电频率是否在精度范围内，范围:44.955 ~ 45.045 4、交流电源输入频率为55HZ。 5、Acuview2上和HMI上检查交流电频率是否在精度范围内，范围:54.945 ~ 55.055 6、交流电源输入频率为65HZ。 7、Acuview2上检查交流电频率是否在精度范围内，范围:64.935 ~ 65.065 8、以上步骤同时在web页面上检查，交流电频率是否在精度范围内（是否与上位机及电表一致） | G2: 3、Acuview2上和HMI上检查交流电频率在精度范围内，范围:44.955 ~ 45.045 5、Acuview2上和HMI上检查交流电频率在精度范围内，范围:54.945 ~ 55.055 7、Acuview2上检查交流电频率在精度范围内，范围:64.935 ~ 65.065 8、web页面上检查交流电频率在精度范围内（与上位机及电表一致） | H2: LV2 | I2: 是
B3: 交流频率 | C3: Function_AcuRev1320_001_01_case2 | D3: 交流电在50HZ 、60 Hz，测量精度要求0.1% | E3: 1、Acuview2上位机 2、网线/RTU串口线 3、AcuRev1320电表 | F3: 1、连接AcuRev1320电表到Acuview2上，链接状态为connected 2、交流电源输入频率为50HZ。 3、Acuview2上和HMI上检查交流电频率是否在精度范围内，范围:49.95 ~ 50.05 4、交流电源输入频率为60HZ。 5、Acuview2上和HMI上检查交流电频率是否在精度范围内，范围:59.94 ~ 60.06 | G3: 3、Acuview2上和HMI上检查交流电频率在精度范围内，范围:49.95 ~ 50.05 5、Acuview2上和HMI上检查交流电频率在精度范围内，范围:59.94 ~ 60.06 | H3: LV0 | I3: 是
B4: 交流频率 | C4: Function_AcuRev1320_001_01_case3 | D4: 电表上设置60HZ, 交流电在40HZ 、70 Hz，无测量精度要求 | E4: 1、Acuview2上位机 2、网线/RTU串口线 3、AcuRev1320电表 | F4: 1、连接AcuRev1320电表到Acuview2上，链接状态为connected 1.1、电表上设置60HZ 2、交流电源输入频率为40HZ。 3、Acuview2上和HMI上检查交流电频率可以测试到频率数据，无精度要求 4、交流电源输入频率为70HZ。 5、Acuview2上和HMI上检查交流电频率可以测试到频率数据，无精度要求 | G4: 3、Acuview2上和HMI上检查交流电频率可以测试到频率数据，无精度要求 5、Acuview2上和HMI上检查交流电频率可以测试到频率数据，无精度要求 | H4: LV3 | I4: 是
B5: 交流频率 | C5: Function_AcuRev1320_001_01_case4 | D5: 关闭输出后，电表不会有频率显示 | E5: 1、Acuview2上位机 2、网线/RTU串口线 3、AcuRev1320电表 | F5: 1、输出50HZ频率 2、关闭源输出 3、HMI查看系统频率 4、查看上位机及web页面，频率显示是多少 | G5: 3、关闭源输出，频率显示0 4、关闭源输出，频率显示0 | H5: LV1
B6: 交流频率 | C6: Function_AcuRev1320_001_01_case5 | D6: 验证上位机Real-time 聚合数据的各个页面，测量频率正常 | E6: 1、Acuview2上位机 2、网线/RTU串口线 3、AcuRev1320电表 4、接线方式3E4w y | F6: 1、 交流电源输入频率为50HZ。 2、 等待4 小时 3、 检查Real-Time Metering （200ms）、Real-Time Metering （3s）、Real-Time Metering （10min）、Real-Time Metering （2hr）、High-Speed Metering 页面的频率 | G6: 3、 各个页面频率测量值均为50HZ 备注： 除了200ms页面，其他页面没有精度要求，测量值接近不能偏离太远 | H6: LV1
A7: 交流电压 | B7: 线-地电压(相电压)验证 | C7: Function_AcuRev1320_002_01_case1 | D7: 交流电Van、Vbn、Vcn输入额定电压分别均为69V,120V,测量Van、Vbn、Vcn、Vlnavg满足精度要求0.1% | E7: 1、Acuview2上位机 2、网线/RTU串口线 3、AcuRev1320电表 4、接线方式3E4w y y | F7: 1、连接AcuRev1320电表到Acuview2上，链接状态为connected 2、交流电源输入相电压Van、Vbn、Vcn的额定电压为69V。 3、Acuview2上和HMI上检查交流电相电压是否均在精度范围内， Van、Vbn、Vcn范围(V):68.931 ~ 69.069， Vlnavg范围(V)：68.931 ~ 69.069 4、交流电源输入相电压Van、Vbn、Vcn的额定电压为120V。 5、Acuview2上和HMI上检查交流电相电压是否均在精度范围内，范围(V):119.88 ~ 120.12， Vlnavg范围(V)：119.88 ~ 120.12 6、以上步骤中，检查web页面与Acuview2、HMI上交流电相电压是否一致，是否均在精度范围内 | G7: 3、Acuview2上和HMI上检查交流电相电压均在精度范围内，范围(V):68.931 ~ 69.069，Vlnavg范围(V)：68.931 ~ 69.069 5、Acuview2上和HMI上检查交流电相电压均在精度范围内，范围(V):119.88 ~ 120.12，Vlnavg范围(V)：119.88 ~ 120.12 6、以上步骤中，检查web页面与Acuview2、HMI上交流电相电压一致，均在精度范围内 | H7: LV0 | I7: 是 | J7: Y
B8: 线-地电压(相电压)验证 | C8: Function_AcuRev1320_002_01_case2 | D8: 交流电Van、Vbn、Vcn输入额定电压分别均为230V,347V,测量Van、Vbn、Vcn、Vlnavg满足精度要求0.1% | E8: 1、Acuview2上位机 2、网线/RTU串口线 3、AcuRev1320电表 4、接线方式3E4w y y | F8: 1、连接AcuRev1320电表到Acuview2上，链接状态为connected 2、交流电源输入相电压Van、Vbn、Vcn的额定电压为230V。 3、Acuview2上和HMI上检查交流电相电压是否均在精度范围内，范围(V):229.77 ~ 230.23， Vlnavg范围(V)：229.77 ~ 230.23 4、交流电源输入相电压Van、Vbn、Vcn的额定电压为347V。 5、Acuview2上和HMI上检查交流电相电压是否均在精度范围内，范围(V):346.653 ~ 347.347， Vlnavg范围(V)：346.653 ~ 347.347 6、以上步骤中，检查web页面与Acuview2、HMI上交流电相电压是否一致，是否均在精度范围内 | G8: 3、Acuview2上和HMI上检查交流电相电压均在精度范围内，范围(V):229.77 ~ 230.23， Vlnavg范围(V)：229.77 ~ 230.23 5、Acuview2上和HMI上检查交流电相电压均在精度范围内，范围(V):346.653 ~ 347.347， Vlnavg范围(V)：346.653 ~ 347.347 6、以上步骤中，检查web页面与Acuview2、HMI上交流电相电压一致，均在精度范围内 | H8: LV1 | I8: 是 | J8: Y
B9: 线-地电压(相电压)验证 | C9: Function_AcuRev1320_002_01_case3 | D9: 交流电Van、Vbn、Vcn输入启动电压分别均为10.2V、20V,电表有测量值,测量Van、Vbn、Vcn、Vlnavg没有精度要求 | E9: 1、Acuview2上位机 2、网线/RTU串口线 3、AcuRev1320电表 4、接线方式3E4w y y | F9: 1、连接AcuRev1320电表到Acuview2上，链接状态为connected 2、交流电源输入相电压Van、Vbn、Vcn的额定电压为10.2V。 3、Acuview2上和HMI上检查交流电相电压是否有测量显示，精度没有要求 4、交流电源输入相电压Van、Vbn、Vcn的额定电压为20V。 5、Acuview2上和HMI上检查交流电相电压是否有测量显示，精度没有要求 | G9: 3、Acuview2上和HMI上检查交流电相电压有测量显示，没有精度要求 5、Acuview2上和HMI上检查交流电相电压有测量显示，没有精度要求 | H9: LV3 | I9: 是 | J9: Y
B10: 线-地电压(相电压)验证 | C10: Function_AcuRev1320_002_01_case4 | D10: 交流电Van、Vbn、Vcn输入电压分别均为0V，1V，9V,电表Van、Vbn、Vcn、Vlnavg无测量值 | E10: 1、Acuview2上位机 2、网线/RTU串口线 3、AcuRev1320电表 4、接线方式3E4w y y | F10: 1、连接AcuRev1320电表到Acuview2上，链接状态为connected 2、交流电源输入相电压Van、Vbn、Vcn的额定电压为0V。 3、Acuview2上和HMI上检查交流电相电压是否为0V 4、交流电源输入相电压Van、Vbn、Vcn的额定电压为1V。 5、Acuview2上和HMI上检查交流电相电压是否为0V，不考虑精度 6、交流电源输入相电压Van、Vbn、Vcn的额定电压为9V。 7、Acuview2上和HMI上检查交流电相电压是否为0V，不考虑精度 8、查看web页面数据是否与上位机及电表数据一致 | G10: 3、5、7、Acuview2上和HMI上检查交流电相电压为0V 6、查看web页面数据是否与上位机及电表数据一致 | H10: LV4 | J10: Y
B11: 线-地电压(相电压)验证 | C11: Function_AcuRev1320_002_01_case5 | D11: 交流电Van、Vbn、Vcn输入额定电压为(69V,120V,230V),测量Van、Vbn、Vcn、Vlnavg满足精度要求0.1% | E11: 1、Acuview2上位机 2、网线/RTU串口线 3、AcuRev1320电表 4、接线方式3E4w y | F11: 1、连接AcuRev1320电表到Acuview2上，链接状态为connected 2、交流电源输入相电压Van、Vbn、Vcn的额定电压分别为(69V,120V,230V)。 3、Acuview2上和HMI上检查交流电相电压是否均在精度范围内，Van范围(V):68.931 ~ 69.069，Vbn范围(V):119.88 ~ 120.12，Vcn范围(V):229.77 ~ 230.23，Vlnavg范围(V):139.527 ~ 139.8063333 4、检查web页面上是否与Acuview2、HMI上交流电相电压一致，是否在范围内 | G11: 3、Acuview2上和HMI上检查交流电相电压均在精度范围内，Van范围(V):68.931 ~ 69.069，Vbn范围(V):119.88 ~ 120.12，Vcn范围(V):229.77 ~ 230.23，Vlnavg范围(V):139.527 ~ 139.8063333 4、检查web页面上与Acuview2、HMI上交流电相电压一致，在范围内 | H11: LV1 | I11: 是
B12: 线-地电压(相电压)验证 | C12: Function_AcuRev1320_002_01_case6_1 | D12: 交流电Van、Vbn、Vcn输入额定电压为(100V,100V,100V),φA、φB、φC分别为(0°、240°、120°)，断开交流源输入，Van、Vbn、Vcn、Vlnavg测量值全为0V | E12: 1、Acuview2上位机 2、网线/RTU串口线 3、AcuRev1320电表 4、接线方式3E4w y y | F12: 1、连接AcuRev1320电表到Acuview2上，链接状态为connected 2、交流电Van、Vbn、Vcn输入额定电压为(100V,100V,100V),φA、φB、φC分别为(0°、240°、120°) 3、Acuview2上和HMI上检查交流电相电压是否均在精度范围内 4、断开交流源输入 5、立即Acuview2上和HMI上检查交流电相电压Van、Vbn、Vcn、Vlnavg测量值全为0V 6, 反复执行步骤2~5， 5次。功能正常 | G12: 3、Acuview2上和HMI上检查交流电相电压均在精度0.1%范围内 5、立即Acuview2上和HMI上检查交流电相电压Vab，Vac、Vbc、Vllavg测量值全为0V 6, 反复执行步骤2~5， 5次。功能正常 | H12: LV4
B13: 线-地电压(相电压)验证 | C13: Function_AcuRev1320_002_01_case6_2 | D13: 交流电Van、Vbn、Vcn输入额定电压为(220V,220V,220V)顺序，且φA、φB、φC分别为(0°、120°、240°)，Van、Vbn、Vcn、Vlnavg测量值满足精度要求0.1% | E13: 1、Acuview2上位机 2、网线/RTU串口线 3、AcuRev1320电表 4、接线方式3E4w y y | F13: 1、连接AcuRev1320电表到Acuview2上，链接状态为connected 2、交流电源输入相电压Van、Vbn、Vcn的额定电压为220V。 3、电表相序设置为ABC，φA、φB、φC分别为(0°、120°、240°) 4、Acuview2上和HMI上检查交流电相电压Van、Vbn、Vcn、Vlnavg测量值是否满足精度要求0.1% | G13: 4、Acuview2上和HMI上检查交流电相电压均在精度范围内，范围(V):219.7800 ~ 220.2200 ， Vlnavg范围(V)：219.7800 ~ 220.2200 | H13: LV2 | I13: 是
B14: 线-地电压(相电压)验证 | C14: Function_AcuRev1320_002_01_case6_3 | D14: 交流电Van、Vbn、Vcn输入额定电压为(220V,220V,220V),逆序，且φA、φB、φC分别为(0°、120°、240°)，Van、Vbn、Vcn、Vlnavg测量值满足精度要求0.1% | E14: 1、Acuview2上位机 2、网线/RTU串口线 3、AcuRev1320电表 4、接线方式3E4w y y | F14: 1、连接AcuRev1320电表到Acuview2上，链接状态为connected 2、交流电源输入相电压Van、Vbn、Vcn的额定电压为220V。 3、电表相序设置为ACB，φA、φB、φC分别为(0°、120°、240°) 4、Acuview2上和HMI上检查交流电相电压Van、Vbn、Vcn、Vlnavg测量值是否满足精度要求0.1% | G14: 4、Acuview2上和HMI上检查交流电相电压均在精度范围内，范围(V):219.7800 ~ 220.2200 ， Vlnavg范围(V)：219.7800 ~ 220.2200 | H14: LV2 | I14: 是
B15: 线-地电压(相电压)验证 | C15: Function_AcuRev1320_002_01_case6_4 | D15: 交流电Van、Vbn、Vcn输入额定电压为(120V,120V,120V)顺序，且φA、φB、φC分别为(0°、130°、250°)，Van、Vbn、Vcn、Vlnavg测量值满足精度要求0.1% | E15: 1、Acuview2上位机 2、网线/RTU串口线 3、AcuRev1320电表 4、接线方式3E4w y y | F15: 1、连接AcuRev1320电表到Acuview2上，链接状态为connected 2、交流电源输入相电压Van、Vbn、Vcn的额定电压为120V。 3、电表相序设置为ABC，φA、φB、φC分别为(0°、130°、250°) 4、Acuview2上和HMI上检查交流电相电压Van、Vbn、Vcn、Vlnavg测量值是否满足精度要求0.1% 5、检查web页面上是否与Acuview2、HMI上交流电相电压一致，是否在范围内 | G15: 4、Acuview2上和HMI上检查交流电相电压均在精度范围内，范围(V):119.8800 ~ 120.1200 ， Vlnavg范围(V)：119.8800 ~ 120.1200 5、检查web页面上与Acuview2、HMI上交流电相电压一致，在范围内 | H15: LV2 | I15: 是
B16: 线-地电压(相电压)验证 | C16: Function_AcuRev1320_002_01_case7_1 | D16: 只加电压,看电压正常精度正常， 电流测量值为0 | E16: 1、Acuview2上位机 2、网线/RTU串口线 3、AcuRev1320电表 4、接线方式3E4w y y | F16: 1、连接AcuRev1320电表到Acuview2上，链接状态为connected 2、交流电源输入相电压Van、Vbn、Vcn的额定电压为120V。 3、电表相序设置为ABC，φA、φB、φC分别为(0°、240°、120°) 4、电表未接电流。 5、Acuview2上和HMI上检查交流电相电压Van、Vbn、Vcn、Vlnavg测量值是否满足精度要求0.1% 6、ABC三相, 输入通道input1-3、电流是否均为0A | G16: 5、Acuview2上和HMI上检查交流电相电压Van、Vbn、Vcn、Vlnavg测量值满足精度要求0.1% 6、ABC三相, 输入通道input1-3电流均为0A | H16: LV3
B17: 线-地电压(相电压)验证 | C17: Function_AcuRev1320_002_01_case7_2 | D17: 电压为0，只加电流, 电流测量值正常，但不计算夹角、功率、能量；电压为10V，电流测量值正常，且计算夹角、功率、能量 | E17: 1、Acuview2上位机 2、网线/RTU串口线 3、AcuRev1320电表 4、接线方式3E4w y y | F17: 1、连接AcuRev1320电表到Acuview2上，链接状态为connected 2、交流电源输入相电压Van、Vbn、Vcn的额定电压为0V。 3、电表相序设置为ABC，φA、φB、φC分别为(0°、240°、120°) 4、input1-3 设置为3A 5、Acuview2上和HMI上检查交流电相电压Van、Vbn、Vcn、Vlnavg测量值是否为0V。 6、ABC三相, 输入通道input1-3电流均为3A 7、交流电源输入相电压Van、Vbn、Vcn的额定电压为10V。 8、电表相序设置为ABC，φA、φB、φC分别为(0°、240°、120°) 9、input1-3 设置为3A 10、ABC三相, 输入通道input1-3电流均为3A | G17: 5、Acuview2上和HMI上检查交流电相电压Van、Vbn、Vcn、Vlnavg测量值为0V 6、ABC三相, 输入通道input1-3、均为3A，同时功率、夹角、能量不计算 10、ABC三相, 输入通道input1-3、电流均为3A，同时计算功率、夹角、能量 | H17: LV3
B18: 线-地电压(相电压)验证 | C18: Function_AcuRev1320_002_01_case7_3 | D18: 电表接入电压线束，但交流源没有开机的情况下，电表可以测试到电压值为0V | E18: 1、Acuview2上位机 2、网线/RTU串口线 3、AcuRev1320电表 4、接线方式3E4w y y | F18: 1、电表接入电压线束，但交流源没有开机的情况下， 2、检查电表可以测试到电压值是否为0V | G18: 2、检查电表可以测试到电压值为0V | H18: LV3
B19: 线-地电压(相电压)验证 | C19: Function_AcuRev1320_002_01_case8 | D19: 交流电Van、Vbn、Vcn输入额定电压分别均为480V （电气规格支持的最大相电压480V）,测量Van、Vbn、Vcn、Vlnavg满足精度要求0.1% | E19: 1、Acuview2上位机 2、网线/RTU串口线 3、AcuRev1320电表 4、接线方式3E4w y y | F19: 1、连接AcuRev1320电表到Acuview2上，链接状态为connected 2、交流电源输入相电压Van、Vbn、Vcn的额定电压为480V。 3、Acuview2上和HMI上检查交流电相电压是否均在精度范围内， Van、Vbn、Vcn范围(V):479.52 ~ 480.48， Vlnavg范围(V)：479.52 ~ 480.48 4、检查web页面与Acuview2、HMI上交流电相电压是否一致，是否均在精度范围内 | G19: 3、Acuview2上和HMI上检查交流电相电压均在精度范围内，范围(V):Van、Vbn、Vcn范围(V):479.52 ~ 480.48， Vlnavg范围(V)：479.52 ~ 480.48 4、 以上步骤中，检查web页面与Acuview2、HMI上交流电相电压一致，均在精度范围内 | H19: LV2
B20: 线-线电压(线电压)验证 | C20: Function_AcuRev1320_002_02_case1 | D20: 交流电Van、Vbn、Vcn均输入电压69V和120V, 测量Vab，Vac、Vbc、Vllavg精度均满足要求0.1% | E20: 1、Acuview2上位机 2、网线/RTU串口线 3、AcuRev1320电表 4、接线方式3E4w y y | F20: 1、连接AcuRev1320电表到Acuview2上，链接状态为connected 2、交流电源输入相电压Van、Vbn、Vcn的额定电压为69V。 3、Acuview2上和HMI上检查交流电相电压是否均在精度范围内，范围(V):119.388492 ~ 119.627508， Vllavg范围(V)：119.388492 ~ 119.627508 4、交流电源输入相电压Van、Vbn、Vcn的额定电压为120V。 5、Acuview2上和HMI上检查交流电相电压是否均在精度范围内，范围(V):207.63216 ~ 208.04784， Vllavg范围(V)：207.63216 ~ 208.04784 6、以上步骤中，检查web页面是否与Acuview2上、hmi数据保持一致，是否均在范围内 | G20: 3、Acuview2上和HMI上检查交流电相电压均在精度范围内，范围(V):119.388492 ~ 119.627508， Vllavg范围(V)：119.388492 ~ 119.627508 5、Acuview2上和HMI上检查交流电相电压均在精度范围内，范围(V):207.63216 ~ 208.04784， Vllavg范围(V)：207.63216 ~ 208.04784 6、以上步骤中，检查web页面与Acuview2上、hmi数据保持一致，均在范围内 | H20: LV0 | I20: 是 | J20: Y
B21: 线-线电压(线电压)验证 | C21: Function_AcuRev1320_002_02_case2 | D21: 交流电Van、Vbn、Vcn均输入电压230V和347V,测量Vab，Vac、Vbc、Vllavg精度均满足要求0.1% | E21: 1、Acuview2上位机 2、网线/RTU串口线 3、AcuRev1320电表 4、接线方式3E4w y y | F21: 1、连接AcuRev1320电表到Acuview2上，链接状态为connected 2、交流电源输入相电压Van、Vbn、Vcn的额定电压为230V。 3、Acuview2上和HMI上检查交流电相电压是否均在精度范围内，范围(V):397.96164 ~ 398.75836， Vllavg范围(V)：397.96164 ~ 398.75836 4、交流电源输入相电压Van、Vbn、Vcn的额定电压为。 5、Acuview2上和HMI上检查交流电相电压是否均在精度范围内347，范围(V):600.402996 ~ 601.605004， Vllavg范围(V)：600.402996 ~ 601.605004 6、以上步骤中，检查web页面是否与Acuview2上、hmi数据保持一致，是否均在范围内 | G21: 3、Acuview2上和HMI上检查交流电相电压均在精度范围内，范围(V):397.96164 ~ 398.75836， Vllavg范围(V)：397.96164 ~ 398.75836 5、Acuview2上和HMI上检查交流电相电压均在精度范围内347，范围(V):600.402996 ~ 601.605004， Vllavg范围(V)：600.402996 ~ 601.605004 6、以上步骤中，检查web页面与Acuview2上、hmi数据保持一致，均在范围内 | H21: LV1 | I21: 是 | J21: Y
B22: 线-线电压(线电压)验证 | C22: Function_AcuRev1320_002_02_case3 | D22: 交流电Van、Vbn、Vcn均输入启动电压10.2V、20V,电表有测量值，测量Vab，Vac、Vbc、Vllavg精度没有要求 | E22: 1、Acuview2上位机 2、网线/RTU串口线 3、AcuRev1320电表 4、接线方式3E4w y y | F22: 1、连接AcuRev1320电表到Acuview2上，链接状态为connected 2、交流电源输入相电压Van、Vbn、Vcn的额定电压为10.2V。 3、Acuview2上和HMI上检查交流电线电压是否有测量显示， 精度没有要求 4、交流电源输入相电压Van、Vbn、Vcn的额定电压为20V。 5、Acuview2上和HMI上检查交流电线电压是否有测量显示, 精度没有要求 | G22: 3、Acuview2上和HMI上检查交流电线电压有测量显示，精度没有要求 5、Acuview2上和HMI上检查交流电线电压有测量显示，精度没有要求 | H22: LV3 | I22: 是 | J22: Y
B23: 线-线电压(线电压)验证 | C23: Function_AcuRev1320_002_02_case4 | D23: 交流电Van、Vbn、Vcn均输入电压0V，1V，9V,电表Vab，Vac、Vbc、Vllavg无测量值 | E23: 1、Acuview2上位机 2、网线/RTU串口线 3、AcuRev1320电表 4、接线方式3E4w y y | F23: 1、连接AcuRev1320电表到Acuview2上，链接状态为connected 2、交流电源输入相电压Van、Vbn、Vcn的额定电压为0V。 3、Acuview2上和HMI上检查交流电线电压是否为0V 4、交流电源输入相电压Van、Vbn、Vcn的额定电压为1V。 5、Acuview2上和HMI上检查交流电线电压是否为0V 6、交流电源输入相电压Van、Vbn、Vcn的额定电压为9V。 7、Acuview2上和HMI上检查交流电线电压是否为0V 6、以上步骤中，检查web页面数据是否符合要求 | G23: 3、5、7、Acuview2上和HMI上检查交流电线电压为0V 6、以上步骤中，检查web页面数据符合要求 | H23: LV3 | I23: 是 | J23: Y
B24: 线-线电压(线电压)验证 | C24: Function_AcuRev1320_002_02_case5 | D24: 交流电Van、Vbn、Vcn输入额定电压为(69V,120V,230V), θA、θB、θC分别为(0°、60°、120°)测量Vab，Vac、Vbc、Vllavg满足精度要求0.1% | E24: 1、Acuview2上位机 2、网线/RTU串口线 3、AcuRev1320电表 4、接线方式3E4w y y | F24: 1、连接AcuRev1320电表到Acuview2上，链接状态为connected 2、交流电源输入相电压Van、Vbn、Vcn的电压为(69V,120V,230V), θA、θB、θC分别为(0°、60°、120°)。 3、Acuview2上和HMI上检查交流电相电压是否均在精度范围内， 4、以上步骤中，检查web页面数据是否符合要求 | G24: 3、Acuview2上和HMI上检查交流电相电压均在精度范围内 4、以上步骤中，检查web页面数据符合要求 备注: 也可以使用excel公式计算任意角度和电压的线电压。 | H24: LV2
B25: 线-线电压(线电压)验证 | C25: Function_AcuRev1320_002_02_case6_1 | D25: 交流电Van、Vbn、Vcn输入额定电压为(120V,120V,120V),逆序，且φA、φB、φC分别为(0°、260°、140°)，Vab、Vac、Vbc、Vllavg测量值满足精度要求0.1% | E25: 1、Acuview2上位机 2、网线/RTU串口线 3、AcuRev1320电表 4、接线方式3E4w y y | F25: 1、连接AcuRev1320电表到Acuview2上，链接状态为connected 2、交流电源输入相电压Van、Vbn、Vcn的额定电压为120V。 3、电表相序设置为ACB，φA、φB、φC分别为(0°、260°、140°) 4、Acuview2上和HMI上检查交流电相电压Vab、Vac、Vbc、Vllavg测量值是否满足精度要求0.1% | G25: 4、Acuview2上和HMI上检查交流电相电压均在精度范围内，详细如下: Vab：183.8507 183.6668 ~ 184.0345 Vcb：207.8461 207.6383 ~ 208.0539 Vca：225.5262 225.3007 ~ 225.7518 Vlnavg：205.7410 205.5353 ~ 205.9467 | H25: LV2 | I25: 是
B26: 线-线电压(线电压)验证 | C26: Function_AcuRev1320_002_02_case6_2 | D26: 交流电Van、Vbn、Vcn输入额定电压为(220V,220V,220V),顺序，且φA、φB、φC分别为(0°、260°、140°)，Vab、Vac、Vbc、Vllavg测量值满足精度要求0.1% | E26: 1、Acuview2上位机 2、网线/RTU串口线 3、AcuRev1320电表 4、接线方式3E4w y y | F26: 1、连接AcuRev1320电表到Acuview2上，链接状态为connected 2、交流电源输入相电压Van、Vbn、Vcn的额定电压为120V。 3、电表相序设置为ABC，φA、φB、φC分别为(0°、260°、140°) 4、Acuview2上和HMI上检查交流电相电压Vab、Vac、Vbc、Vllavg测量值是否满足精度要求0.1% | G26: 4、Acuview2上和HMI上检查交流电相电压均在精度范围内，详细如下: 备注: 也可以使用excel公式计算任意角度和电压的线电压。 | H26: LV2 | I26: 是
B27: 线-线电压(线电压)验证 | C27: Function_AcuRev1320_002_02_case7 | D27: 交流电Van、Vbn、Vcn输入额定电压分别均为479.2V （电气规格支持的最大线电压830）,测量Vab、Vac、Vbc、Vllavg测量值满足精度要求0.1% | E27: 1、Acuview2上位机 2、网线/RTU串口线 3、AcuRev1320电表 4、接线方式3E4w y y | F27: 1、连接AcuRev1320电表到Acuview2上，链接状态为connected 2、交流电源输入相电压Van、Vbn、Vcn的额定电压为479.2V 3、电表相序设置为ABC，φA、φB、φC分别为(0°、240°、120°) 4、Acuview2上和HMI上检查交流电相电压Vab、Vac、Vbc、Vllavg测量值是否满足精度要求0.1% | G27: 4、Acuview2上和HMI上检查交流电相电压均在精度范围内，详细如下: Vab：829.8255 828.9957 ~ 830.6554 Vcb：829.8255 828.9957 ~ 830.6554 Vca：829.8255 828.9957 ~ 830.6554 Vlnavg：829.8255 828.9957 ~ 830.6554 | H27: LV2
B28: 聚合页面的电压测量值验证 | C28: Function_AcuRev1320_002_03_case1 | D28: 交流电Van、Vbn、Vcn 输入电压120V，验证上位机Real-time 聚合数据的各个页面，Va、Vb、Vc、VlnAvg、Vab、Vac、Vca、Vllavg测量正常 | E28: 1、Acuview2上位机 2、网线/RTU串口线 3、AcuRev1320电表 4、接线方式3E4w y | F28: 1、连接AcuRev1320电表到Acuview2上，链接状态为connected 2、交流电源输入相电压Van、Vbn、Vcn的额定电压为120V。 3、等待4小时 4、 检查检查Real-Time Metering （200ms）、Real-Time Metering （3s）、Real-Time Metering （10min）、Real-Time Metering （2hr）、High-Speed Metering 页面的Va、Vb、Vc、VlnAvg、Vab、Vac、Vca、Vllavg测量值 | G28: 4、 各个页面相电压及其平均值测量值均为120V；线电压及其平均值为207.846V 备注： 除了200ms页面，其他页面没有精度要求，测量值接近不能偏离太远 | H28: LV2
B29: 聚合页面的电压测量值验证 | C29: Function_AcuRev1320_002_03_case2 | D29: 交流电Van、Vbn、Vcn 输入电压120V，验证上位机Real-Time Metering （10min）页面的刷新逻辑 | E29: 1、Acuview2上位机 2、网线/RTU串口线 3、AcuRev1320电表 4、接线方式3E4w y | F29: 1、连接AcuRev1320电表到Acuview2上，链接状态为connected 2、配置电表时间为任意日期的10:05 3、交流电源输入相电压Van、Vbn、Vcn的额定电压为120V。 4、10:10时检查上位机的Real-Time Metering （10min）页面 5、交流电源输入相电压Van、Vbn、Vcn的额定电压为150V。 6、10:20时检查上位机的Real-Time Metering （10min）页面 | G29: 4、 Real-Time Metering （10min）页面相电压及其平均值测量值均为120V；线电压及其平均值为207.846V 6、 Real-Time Metering （10min）页面相电压及其平均值测量值均为150V；线电压及其平均值为259.8076V 备注： 除了200ms页面，其他页面没有精度要求，测量值接近不能偏离太远 | H29: LV2
B30: 聚合页面的电压测量值验证 | C30: Function_AcuRev1320_002_03_case3 | D30: 交流电Van、Vbn、Vcn 输入电压120V，验证上位机Real-Time Metering （2hr）页面的刷新逻辑 | E30: 1、Acuview2上位机 2、网线/RTU串口线 3、AcuRev1320电表 4、接线方式3E4w y | F30: 1、连接AcuRev1320电表到Acuview2上，链接状态为connected 2、配置电表时间为任意日期的10:05 3、交流电源输入相电压Van、Vbn、Vcn的额定电压为120V。 4、10:10时检查上位机的Real-Time Metering （10min）页面 5、12:10时检查上位机的Real-Time Metering （10min）页面 | G30: 4、 Real-Time Metering （10min）页面相电压及其平均值测量值均为120V；线电压及其平均值为207.846V 5、 Real-Time Metering （2hr）页面相电压及其平均值测量值均为150V；线电压及其平均值为259.8076V | H30: LV2
A31: 交流电流 | B31: 相电流测量验证 | C31: Function_AcuRev1320_003_01_case1 | D31: CT选型5A/333mV，3E4WY，输入三路电流分别为(5A、5A，5A)，在上位机上分别配置为对应A相、B相、C相，测量Ia,Ib,Ic,Iavg满足精度0.1% | E31: 1、Acuview2上位机 2、网线/RTU串口线 3、AcuRev1320电表 4、接线方式3E4w y y | F31: 1、连接AcuRev1320电表到Acuview2上，链接状态为connected 2、输入三路电流分别为(5A、5A，5A)，在上位机上分别配置为对应A相、B相、C相 3、Acuview2上和HMI上检查交流电相电流是否均在精度0.1%范围内 4、检查web页面上，电流数据是否与Acuview2、HMI一致，是否均在范围内 | G31: 3、Acuview2上和HMI上检查交流电相电流均在精度范围内 4、检查web页面上，电流数据与Acuview2、HMI一致，均在范围内 Ia： 4.995 ~ 5.005 Ib: 4.995 ~ 5.005 Ic: 4.995 ~ 5.005 Iavg: 4.995 ~ 5.005 | H31: LV0 | I31: 是 | J31: Y
B32: 相电流测量验证 | C32: Function_AcuRev1320_003_01_case2 | D32: CT选型5A/333mV，输入三路电流分别为（0.05，0.05，0.05）,在上位机上分别配置为对应A相、B相、C相，测量Ia,Ib,Ic,Iavg满足精度0.1% | E32: 1、Acuview2上位机 2、网线/RTU串口线 3、AcuRev1320电表 4、接线方式3E4w y y | F32: 1、连接AcuRev1320电表到Acuview2上，链接状态为connected 2、输入三路电流分别为（0.05，0.05，0.05）,在上位机上分别配置为对应A相、B相、C相。 3、Acuview2上和HMI上检查交流电相电流是否均在精度0.1%范围内 | G32: 3、Acuview2上和HMI上检查交流电相电流均在精度范围内 Ia： 0.04995 ~ 0.05005 Ib: 0.04995 ~ 0.05005 Ic: 0.04995 ~ 0.05005 Iavg: 0.04995 ~ 0.05005 | H32: LV0 | I32: 是 | J32: Y
B33: 相电流测量验证 | C33: Function_AcuRev1320_003_01_case3 | D33: CT选型5A/333mV，输入一路电流分别为（6A），在上位机均配置为对应A相，测量Ia,Ib,Ic,Iavg满足精度0.1% | E33: 1、Acuview2上位机 2、网线/RTU串口线 3、AcuRev1320电表 4、接线方式3E4w y y | F33: 1、连接AcuRev1320电表到Acuview2上，链接状态为connected 2、输入一路电流分别为（6A），在上位机均配置为对应A相 3、Acuview2上和HMI上检查交流电相电流是否均在精度0.1%范围内 | G33: 3、Acuview2上和HMI上检查交流电相电流均在精度范围内 Ia： 5.994 ~ 6.006 Ib: 0 ~ 0 Ic: 0 ~ 0 Iavg: 1.998 ~ 2.002 | H33: LV1 | I33: 是
B34: 相电流测量验证 | C34: Function_AcuRev1320_003_01_case4 | D34: CT选型5A/333mV，输入两路电流分别为(4A、5A),在上位机均配置为对应B相和C相，测量Ia,Ib,Ic,Iavg满足精度0.1% | E34: 1、Acuview2上位机 2、网线/RTU串口线 3、AcuRev1320电表 4、接线方式3E4w y y | F34: 1、连接AcuRev1320电表到Acuview2上，链接状态为connected 2、输入两路电流分别为(4A、5A),在上位机均配置为对应B相和C相。 3、Acuview2上和HMI上检查交流电相电流是否均在精度0.1%范围内 | G34: 3、Acuview2上和HMI上检查交流电相电流均在精度范围内 Ia： 0 ~ 0 Ib: 3.996 ~ 4.004 Ic: 4.995 ~ 5.005 Iavg: 2.997 ~ 3.003 | H34: LV1 | I34: 是
B35: 相电流测量验证 | C35: Function_AcuRev1320_003_01_case5 | D35: CT选型5A/333mV，输入三路电流(0.005A、0.03A、0.00375A)，在上位机上分别配置为对应A相、B相、C相，测量Ia,Ib,Ic,Iavg有显示值，无精度要求 | E35: 1、Acuview2上位机 2、网线/RTU串口线 3、AcuRev1320电表 | F35: 1、连接AcuRev1320电表到Acuview2上，链接状态为connected 2、输入三路电流(0.005A、0.03A、0.00375A)，在上位机上分别配置为对应A相、B相、C相。 3、Acuview2上和HMI上检查交流电相电流是否均在精度0.1%范围内 | G35: 3、Acuview2上和HMI上检查交流电相电流有测量数据，无精度要求。 | H35: LV2 | I35: 是 | J35: Y
B36: 相电流测量验证 | C36: Function_AcuRev1320_003_01_case6 | D36: CT选型5A/333mV，输入三路电流(0.003A、0.00370A、0A)，在上位机上分别配置为对应A相、B相、C相，测量Ia,Ib,Ic,Iavg測量值为0 | E36: 1、Acuview2上位机 2、网线/RTU串口线 3、AcuRev1320电表 | F36: 1、连接AcuRev1320电表到Acuview2上，链接状态为connected 2、输入三路电流(0.003A、0.00370A、0A)，在上位机上分别配置为对应A相、B相、C相。 3、Acuview上检查交流电相电流是否均均为0A | G36: 3、Acuview2上和HMI上检查交流电相电流均为0A，不要求精度 2026/3/23： 截止电流为0.375的0.9倍 | H36: LV3 | I36: 是 | J36: Y
B37: 相电流测量验证 | C37: Function_AcuRev1320_003_01_case7 | D37: CT选型5A/333mV，输入三路电流分别为(3A、4A，5A)，顺序ABC，相角设置为(0°、240°、120°)，电表设置电流分别为Positive、Negative，在上位机上分别配置为对应A相、B相、C相，测量Ia,Ib,Ic,Iavg满足精度0.1% | E37: 1、Acuview2上位机 2、网线/RTU串口线 3、AcuRev1320电表 | F37: 1、连接AcuRev1320电表到Acuview2上，链接状态为connected 2、输入三路电流分别为(3A、4A，5A)，在上位机上分别配置为对应A相、B相、C相 3、电表上设置为顺序ABC， 相角设置为(0°、240°、120°) 4、电表设置电流方向为Positive 5、Acuview2上和HMI上检查交流电相电流是否均在精度0.1%范围内 6、电表设置电流方向为Negative 7、Acuview2上和HMI上检查交流电相电流是否均在精度0.1%范围内 8、查看web页面是否与上位机及电表保持一致 | G37: 5、Acuview2上和HMI上检查交流电相电流均在精度范围内 Ia： 2.997 ~ 3.003 Ib: 3.996 ~ 4.004 Ic: 4.995 ~ 5.005 Iavg: 3.996 ~ 4.004 6、Acuview2上和HMI上检查交流电相电流均在精度范围内 Ia：2.997 ~ 3.003 Ib: 3.996 ~ 4.004 Ic: 4.995 ~ 5.005 Iavg: 3.996 ~ 4.004 用户通道&输入通道&系统参数PF 为-1 用户通道&输入通道&系统参数有功功率P为负数 8、查看web页面与上位机及电表保持一致 | H37: LV2
B38: 相电流测量验证 | C38: Function_AcuRev1320_003_01_case7_1 | D38: Ia、Ib、Ic 输入电流3A，验证上位机Real-time 聚合数据的各个页面，Ia、Ib、Ic、Iavg 测量正常 | E38: 1、Acuview2上位机 2、网线/RTU串口线 3、AcuRev1320电表 4、接线方式3E4w y | F38: 1、连接AcuRev1320电表到Acuview2上，链接状态为connected 2、交流电源输入电流Ia、Ib、Ic 为3A 3、等待4小时 4、 检查检查Real-Time Metering （200ms）、Real-Time Metering （3s）、Real-Time Metering （10min）、Real-Time Metering （2hr）、High-Speed Metering 页面的Ia、Ib、Ic 、Iavg的测量值 | G38: 4、 各个页面电流及其平均值测量值均为3A 备注： 除了200ms页面，其他页面没有精度要求，测量值接近不能偏离太远 | H38: LV2
B39: 相电流测量验证 | C39: Function_AcuRev1320_003_01_case8_1 | D39: CT选型RCT16-100A类型，3E4w y y输入三路电流分别为(10A、10A，10A)，顺序ABC，相角设置为(0°、240°、120°)，在上位机上分别配置为对应A相、B相、C相，测量Ia,Ib,Ic,Iavg, input1~3满足精度 0.5% | E39: 1、Acuview2上位机 2、网线/RTU串口线 3、AcuRev1320电表 4、接线方式3E4w y y | F39: 1、连接AcuRev1320电表到Acuview2上，链接状态为connected 2、输入三路电流分别为(10A、10A，10A)，在上位机上分别配置为对应A相、B相、C相 3、电表上设置为顺序ABC， 相角设置为(0°、240°、120°) 4、电表设置电流方向为Positive 5、Acuview2上和HMI上检查交流电相电流是否均在精度0.5%范围内 6、电表设置电流方向为Negative 7、Acuview2上和HMI上检查交流电相电流是否均在精度 0.5%范围内 8、查看web页面是否与电表及上位机保持一致 | G39: 5、Acuview2上和HMI上检查交流电相电流均在精度范围内 8、查看web页面与电表及上位机保持一致 | H39: LV1
B40: 相电流测量验证 | C40: Function_AcuRev1320_003_01_case8_2 | D40: CT选型RCT16-500A类型，3E4w y y输入三路电流分别为(25A、25A，25A)，顺序ABC，相角设置为(0°、240°、120°)，在上位机上分别配置为对应A相、B相、C相，测量Ia,Ib,Ic,Iavg, input1~3满足精 0.5% | E40: 1、Acuview2上位机 2、网线/RTU串口线 3、AcuRev1320电表 4、接线方式3E4w y y | F40: 1、连接AcuRev1320电表到Acuview2上，链接状态为connected 2、输入三路电流分别为(25A、25A，25A)，在上位机上分别配置为对应A相、B相、C相 3、电表上设置为顺序ABC， 相角设置为(0°、240°、120°) 4、电表设置电流方向为Positive 5、Acuview2上和HMI上检查交流电相电流是否均在精度0.5%范围内 6、电表设置电流方向为Negative 7、Acuview2上和HMI上检查交流电相电流是否均在精度0.5%范围内 8、查看web页面是否与电表及上位机保持一致 | G40: 5、Acuview2上和HMI上检查交流电相电流均在精度范围内 8、查看web页面与电表及上位机保持一致 | H40: LV1
B41: 相电流测量验证 | C41: Function_AcuRev1320_003_01_case8_3 | D41: CT选型RCT16-1000A类型，3E4w y y输入三路电流分别为(50A、50A，50A)，顺序ABC，相角设置为(0°、240°、120°)，在上位机上分别配置为对应A相、B相、C相，测量Ia,Ib,Ic,Iavg, input1~3满足精度0.5% | E41: 1、Acuview2上位机 2、网线/RTU串口线 3、AcuRev1320电表 4、接线方式3E4w y y | F41: 1、连接AcuRev1320电表到Acuview2上，链接状态为connected 2、输入三路电流分别为(50A、50A，50A)，在上位机上分别配置为对应A相、B相、C相 3、电表上设置为顺序ABC， 相角设置为(0°、240°、120°) 4、电表设置电流方向为Positive 5、Acuview2上和HMI上检查交流电相电流是否均在精度0.5%范围内 6、电表设置电流方向为Negative 7、Acuview2上和HMI上检查交流电相电流是否均在精度0.5%范围内 8、查看web页面是否与电表及上位机保持一致 | G41: 5、Acuview2上和HMI上检查交流电相电流均在精度范围内 8、查看web页面与电表及上位机保持一致 | H41: LV1
B42: 相电流测量验证 | C42: Function_AcuRev1320_003_01_case9 | D42: CT选型20A/100mA，输入三路电流分别为(0.16A、1.6A，20A),在上位机上分别配置为对应A相、B相、C相，测量Ia,Ib,Ic,Iavg满足精度0.1% | E42: 1、Acuview2上位机 2、网线/RTU串口线 3、AcuRev1320电表 | F42: 1、连接AcuRev1320电表到Acuview2上，链接状态为connected 2、输入三路电流分别为(0.16A、1.6A，20A),在上位机上分别配置为对应A相、B相、C相。 3、Acuview2上和HMI上检查交流电相电流是否均在精度0.1%范围内 4、检查web页面上显示的电流数据是否与上位机及表计上的值一致，是否均在范围内 | G42: 3、Acuview2上和HMI上检查交流电相电流均在精度范围内 Ia： 0.15984 ~ 0.16016 Ib: 1.5984 ~ 1.6016 Ic: 19.98 ~ 20.02 Iavg: 7.2388 ~7.2533 4、检查web页面上显示的电流数据与上位机及表计上的值一致，均在范围内 | H42: LV1 | I42: 是
B43: 相电流测量验证 | C43: Function_AcuRev1320_003_01_case10 | D43: CT选型20A/100mA，输入三路电流范围外(2.5A、2A，1A)，在上位机上分别配置为对应A相、B相、C相，断开电流输入，则Ia,Ib,Ic,Iavg值立即为0A | E43: 1、Acuview2上位机 2、网线/RTU串口线 3、AcuRev1320电表 | F43: 1、连接AcuRev1320电表到Acuview2上，链接状态为connected 1.1、Uabc 均为100V，角度为(0°, 240°，120°) 2、输入三路电流范围外(2.5A、2A，1A) 3、Acuview2上和HMI上检查交流电相电流是否均在精度0.1%范围内。 4、断开电流输入 5、Acuview2上和HMI上检查则Ia,Ib,Ic,Iavg值是否立即为0A | G43: 3、Acuview2上和HMI上检查交流电相电流均在精度0.1%范围内。 5、Acuview2上和HMI上Ia,Ib,Ic,Iavg值立即为0A | H43: LV4
B44: 相电流测量验证 | C44: Function_AcuRev1320_003_01_case11 | D44: CT选型20A/100mA，输入三路电流分别为(3A、4A，5A)，顺序ABC，相角设置为(0°、240°、120°)，电表设置电流为Negative，在上位机上分别配置为对应A相、B相、C相，测量Ia,Ib,Ic,Iavg满足精度0.1% | E44: 1、Acuview2上位机 2、网线/RTU串口线 3、AcuRev1320电表 | F44: 1、连接AcuRev1320电表到Acuview2上，链接状态为connected 2、输入三路电流分别为(3A、4A，5A)，在上位机上分别配置为对应A相、B相、C相 3、电表上设置为顺序ABC， 相角设置为(0°、240°、120°) 4、电表设置电流方向为Positive 5、Acuview2上和HMI上检查交流电相电流是否均在精度0.1%范围内 6、电表设置电流方向为Negative 7、Acuview2上和HMI上检查交流电相电流是否均在精度0.1%范围内 8、检查PF是否为-1， 系统PhaseABC有功功率是否为-0.3kw，-0.4kw， -0.5kw， 系统PhaseABC视在功率为0.3kw，0.4kw， 0.5kw | G44: 5、Acuview2上和HMI上检查交流电相电流均在精度范围内 Ia： 2.997 ~ 3.003 Ib: 3.996 ~ 4.004 Ic: 4.995 ~ 5.005 Iavg: 3.996 ~ 4.004 6、Acuview2上和HMI上检查交流电相电流均在精度范围内 Ia：2.997 ~ 3.003 Ib: 3.996 ~ 4.004 Ic: 4.995 ~ 5.005 Iavg: 3.996 ~ 4.004 8、检查PF为-1， 系统PhaseABC有功功率为-0.3kw，-0.4kw， -0.5kw， 系统PhaseABC视在功率为0.3kw，0.4kw， 0.5kw | H44: LV2
B45: 4路输入对应不同接线方式电流验证 | C45: Function_AcuRev1320_003_02_case1 | D45: CT选型5A/333mV，1E1p2w输入InputA电流为3A，测量InputA电流精度0.1% | E45: 1、Acuview2上位机 2、网线/RTU串口线 3、AcuRev1320电表 4、接线方式为1E1p2w | F45: 1、连接AcuRev1320电表到Acuview2上，链接状态为connected 2、1E1p2w输入InputA电流为3A 3、Acuview2上和HMI上检查电流InputA是否均在精度范围内 4、检查web页面中电流相关数据是否与上位机及HMI显示一致 | G45: 3、Acuview2上和HMI上检查电流InputA在精度范围内 4、检查web页面中电流相关数据与上位机及HMI显示一致 IA: 2.997 ~ 3.003 | H45: LV0 | I45: 是
B46: 4路输入对应不同接线方式电流验证 | C46: Function_AcuRev1320_003_02_case2 | D46: CT选型5A/333mV，2ELEMENT_3_WIRE_PHASE_1接线输入InputA、InputC电流为(3A、5A)，测量InputA、InputC电流精度0.1% | E46: 1、Acuview2上位机 2、网线/RTU串口线 3、AcuRev1320电表 4、接线方式为2ELEMENT_3_WIRE_PHASE_1接线 | F46: 1、连接AcuRev1320电表到Acuview2上，链接状态为connected 2、2ELEMENT_3_WIRE_PHASE_1接线输入InputA、InputC电流为(3A、5A) 3、Acuview2上和HMI上检查电流InputA、InputC是否均在精度范围内 4、检查web页面中电流相关数据是否与上位机及HMI显示一致 | G46: 3、Acuview2上和HMI上检查电流InputA、InputC均在精度范围内 4、检查web页面中电流相关数据与上位机及HMI显示一致 Ia: 2.997 ~ 3.003 Ic: 4.995 ~ 5.005 | H46: LV0 | I46: 是
B47: 4路输入对应不同接线方式电流验证 | C47: Function_AcuRev1320_003_02_case3 | D47: CT选型5A/333mV，3ELEMENT_4_WIRE_Y接线输入InputA&B&C相电流为(3A、4A，5A)，测量InputA&B&C相电流精度0.1% | E47: 1、Acuview2上位机 2、网线/RTU串口线 3、AcuRev1320电表 4、接线方式为3ELEMENT_4_WIRE_Y | F47: 1、连接AcuRev1320电表到Acuview2上，链接状态为connected 2、3ELEMENT_4_WIRE_Y接线输入InputA&B&C相电流为(3A、4A，5A) 3、Acuview2上和HMI上检查电流InputA&B&C是否均在精度范围内 | G47: 3、Acuview2上和HMI上检查电流InputA、InputB、InputC均在精度范围内， Ia: 2.997 ~ 3.003 Ib: 3.996 ~ 4.004 Ic: 4.995 ~ 5.005 | H47: LV1 | I47: 是
B48: 4路输入对应不同接线方式电流验证 | C48: Function_AcuRev1320_003_02_case4 | D48: CT选型5A/333mV，2 ELEMENT 3 WIRE Delta,接线输入InputA、InputC电流为(6A、6A),测量Input1~2电流精度0.1% | E48: 1、Acuview2上位机 2、网线/RTU串口线 3、AcuRev1320电表 4、接线方式为2 ELEMENT 3 WIRE Delta | F48: 1、连接AcuRev1320电表到Acuview2上，链接状态为connected 2、2 ELEMENT 3 WIRE Delta接线输入InputA、InputC，电流为(6A、6A) 3、Acuview2上和HMI上检查电流InputA、InputC是否均在精度范围内 4、检查web页面电流相关数据是否与上位机、hmi一致，均符合精度要求 | G48: 3、Acuview2上和HMI上检查电流InputA、InputC均在精度范围内， 4、检查web页面电流相关数据与上位机、hmi一致，均符合精度要求 Ia: 5.994 ~ 6.006 Ic: 5.994 ~ 6.006 | H48: LV1
B49: 4路输入对应不同接线方式电流验证 | C49: Function_AcuRev1320_003_02_case5 | D49: CT选型5A/333mV，2 ELEMENT 3 WIRE Network接线输入InputA&C电流为(0.05A，0.05A)，测量InputA&C电流精度0.1% | E49: 1、Acuview2上位机 2、网线/RTU串口线 3、AcuRev1320电表 4、接线方式为2 ELEMENT 3 WIRE Network | F49: 1、连接AcuRev1320电表到Acuview2上，链接状态为connected 2、2_ELEMENT_3_WIRE_Network接线输入InputA&C(A&C相)电流为(0.05A、0.05A) 3、Acuview2上和HMI上检查电流Input1~3是否均在精度范围内 4、检查web页面电流相关数据是否与上位机、hmi一致，均符合精度要求 | G49: 3、Acuview2上和HMI上检查电流InputA&B&C均在精度范围内， 4、检查web页面电流相关数据与上位机、hmi一致，均符合精度要求 Ia: 0.04995 ~ 0.05005 Ic: 0.04995 ~ 0.05005 | H49: LV1
B50: 4路输入对应不同接线方式电流验证 | C50: Function_AcuRev1320_003_02_case6 | D50: CT选型5A/333mV，3 ELEMENT 4 WIRE Delta 接线输入InputA&B&C电流为(2.5A、2.5A，2.5A)，测量InputA&B&C电流精度0.1% | E50: 1、Acuview2上位机 2、网线/RTU串口线 3、AcuRev1320电表 4、接线方式为3 ELEMENT 4 WIRE Delta | F50: 1、连接AcuRev1320电表到Acuview2上，链接状态为connected 2、3ELEMENT_4_WIRE_Delta接线输入InputA&B&C电流为(2.5A、2.5A，2.5A) 3、Acuview2上和HMI上检查电流InputA&B&C是否均在精度范围内 4、检查web页面电流相关数据是否与上位机、hmi一致，均符合精度要求 | G50: 3、Acuview2上和HMI上检查电流InputA&B&C均在精度范围内， 4、检查web页面电流相关数据与上位机、hmi一致，均符合精度要求 Ia: 2.4975 ~ 2.5025 Ib: 2.4975 ~ 2.5025 Ic: 2.4975 ~ 2.5025 | H50: LV1
B51: 4路输入对应不同接线方式电流验证 | C51: Function_AcuRev1320_003_02_case7 | D51: CT选型5A/333mV，3 ELEMENT 4 WIRE Y 接线输入Ia、Ib、Ic 电流为(2A、3A，4A)，角度为（0，240，120）测量In 电流 | E51: 1、Acuview2上位机 2、网线/RTU串口线 3、AcuRev1320电表 4、接线方式为3 ELEMENT 4 WIRE Y | F51: 1、连接AcuRev1320电表到Acuview2上，链接状态为connected 2、3ELEMENT_4_WIRE_Y接线输入Ia、Ib、Ic 电流为(2A、3A，4A)，角度为（0，240，120） 3、Acuview2上和HMI上检查电流In的电流幅值和角度符合预期 | G51: 3、Acuview2上和HMI上检查电流Input n均在精度范围内， I_n: 1.73A 150° | H51: LV2
B52: 4路输入对应不同接线方式电流验证 | C52: Function_AcuRev1320_003_02_case8 | D52: CT选型5A/333mV，3 ELEMENT 4 WIRE Y 接线输入Ia、Ib、Ic 电流为(3A、3A，3A)，角度为（0，240，150）测量In 电流 | E52: 1、Acuview2上位机 2、网线/RTU串口线 3、AcuRev1320电表 4、接线方式为3 ELEMENT 4 WIRE Y | F52: 1、连接AcuRev1320电表到Acuview2上，链接状态为connected 2、3ELEMENT_4_WIRE_Y接线输入Ia、Ib、Ic 电流为(3A、3A，3A)，角度为（0，240，150） 3、Acuview2上和HMI上检查电流In的电流幅值和角度符合预期 | G52: 3、Acuview2上和HMI上检查电流Input n均在精度范围内， I_n: 1.553A 225° | H52: LV2
B53: 4路输入对应不同接线方式电流验证 | C53: Function_AcuRev1320_003_02_case9 | D53: CT选型5A/333mV，3 ELEMENT 4 WIRE Delta 接线输入Ia、Ib、Ic 电流为(2A、3A，4A)，角度为（0，240，120）测量In 电流 | E53: 1、Acuview2上位机 2、网线/RTU串口线 3、AcuRev1320电表 4、接线方式为3 ELEMENT 4 WIRE Delta | F53: 1、连接AcuRev1320电表到Acuview2上，链接状态为connected 2、3 ELEMENT 4 WIRE Delta接线输入Ia、Ib、Ic 电流为(2A、3A，4A)，角度为（0，240，120） 3、Acuview2上和HMI上检查电流In的电流幅值和角度符合预期 | G53: 3、Acuview2上和HMI上检查电流Input n均在精度范围内， I_n: 1.73A 150° | H53: LV2
B54: 4路输入对应不同接线方式电流验证 | C54: Function_AcuRev1320_003_02_case10 | D54: CT选型5A/333mV，3 ELEMENT 4 WIRE Delta 接线输入Ia、Ib、Ic 电流为(3A、3A，3A)，角度为（0，240，150）测量In 电流 | E54: 1、Acuview2上位机 2、网线/RTU串口线 3、AcuRev1320电表 4、接线方式为3 ELEMENT 4 WIRE Delta | F54: 1、连接AcuRev1320电表到Acuview2上，链接状态为connected 2、3 ELEMENT 4 WIRE Delta接线输入Ia、Ib、Ic 电流为(3A、3A，3A)，角度为（0，240，150） 3、Acuview2上和HMI上检查电流In的电流幅值和角度符合预期 | G54: 3、Acuview2上和HMI上检查电流Input n均在精度范围内， I_n: 1.553A 225° | H54: LV2 | J54: =COUNTIFS([1]全功能测试用例!C:C,"*'用例执行情况'!A1:T1*",[1]全功能测试用例!#REF!,"v1.01p03",[1]全功能测试用例!#REF!,"Blocked") -> #REF!
B55: 4路输入对应不同接线方式电流验证 | C55: Function_AcuRev1320_003_02_case11 | D55: CT选型5A/333mV，Independent Input Channel使能，3 ELEMENT 4 WIRE Y 接线输入Ia、Ib、Ic、In 电流为(2A、3A，4A，5A)，角度（0，240，120，200）测量4路电流与平均电流精度满足预期 | E55: 1、Acuview2上位机 2、网线/RTU串口线 3、AcuRev1320电表 4、接线方式为3 ELEMENT 4 WIRE Y | F55: 1、连接AcuRev1320电表到Acuview2上，链接状态为connected 2、3ELEMENT_4_WIRE_Y接线输入Ia、Ib、Ic、In电流为(2A、3A，4A, 5A),角度（0，240，120，200） 3、Acuview2上和HMI上检查电流的幅值精度符合预期 | G55: 3、Acuview2上和HMI上检查电流Ia、Ib、Ic、In精度符合预期： Ia:1.998~2.002 A Ib:2.997~3.003 A Ic:3.996~4.004 A In:4.995~5.005A 角度与源保持一致，精度满足±0.1° | H55: LV1
B56: 4路输入对应不同接线方式电流验证 | C56: Function_AcuRev1320_003_02_case12 | D56: CT选型20A/100mA，3ELEMENT_4_WIRE_Y接线输入InputA&B&C相电流为(5A、15A，20A)，测量Input1~3电流精度0.1% | E56: 1、Acuview2上位机 2、网线/RTU串口线 3、AcuRev1320电表 4、接线方式为3E4w y | F56: 1、连接AcuRev1320电表到Acuview2上，链接状态为connected 2、3ELEMENT_4_WIRE_Y接线输入InputA&B&C电流为(5A、15A、20A) 3、Acuview2上和HMI上检查电流InputA&B&C是否均在精度范围内 | G56: 3、Acuview2上和HMI上检查电流InputA&B&C均在精度范围内， Ia: 4.995 ~ 5.005 Ib: 14.985 ~ 15.015 Ic: 19.98 ~ 20.02 | H56: LV1 | I56: 是
B57: 4路输入对应不同接线方式电流验证 | C57: Function_AcuRev1320_003_02_case13 | D57: CT选型20A/100mA，3 ELEMENT 4 WIRE Delta 接线输入InputA&B&C电流为(19.2A、19.2A，19.2A)，测量InputA&B&C电流精度0.1% | E57: 1、Acuview2上位机 2、网线/RTU串口线 3、AcuRev1320电表 4、接线方式为3 ELEMENT 4 WIRE Delta | F57: 1、连接AcuRev1320电表到Acuview2上，链接状态为connected 2、3ELEMENT_4_WIRE_Y接线输入InputA&B&C电流为(19.2A、19.2A，19.2A) 3、Acuview2上和HMI上检查电流InputA&B&C是否均在精度范围内 | G57: 3、Acuview2上和HMI上检查电流Input1~3均在精度范围内， Ia: 19.1808 ~ 19.2192 Ib: 19.1808 ~ 19.2192 Ic: 19.1808 ~ 19.2192 | H57: LV1
B58: 4路输入对应不同接线方式电流验证 | C58: Function_AcuRev1320_003_02_case14 | D58: CT选型20A/100mA，3 ELEMENT 4 WIRE Y 接线输入Ia、Ib、Ic 电流为(8A、10A，12A)，角度为（0，240，120）测量In 电流 | E58: 1、Acuview2上位机 2、网线/RTU串口线 3、AcuRev1320电表 4、接线方式为3 ELEMENT 4 WIRE Y | F58: 1、连接AcuRev1320电表到Acuview2上，链接状态为connected 2、3ELEMENT_4_WIRE_Y接线输入Ia、Ib、Ic 电流为(8A、10A，12A)，角度为（0，240，120） 3、Acuview2上和HMI上检查电流In的电流幅值和角度符合预期 | G58: 3、Acuview2上和HMI上检查电流Input n均在精度范围内， I_n: 3.464A 150° | H58: LV2
B59: 4路输入对应不同接线方式电流验证 | C59: Function_AcuRev1320_003_02_case15 | D59: CT选型20A/100mA，3 ELEMENT 4 WIRE Y 接线输入Ia、Ib、Ic 电流为(8A、8A，8A)，角度为（0，240，150）测量In 电流 | E59: 1、Acuview2上位机 2、网线/RTU串口线 3、AcuRev1320电表 4、接线方式为3 ELEMENT 4 WIRE Y | F59: 1、连接AcuRev1320电表到Acuview2上，链接状态为connected 2、3ELEMENT_4_WIRE_Y接线输入Ia、Ib、Ic 电流为(8A、8A，8A)，角度为（0，240，150） 3、Acuview2上和HMI上检查电流In的电流幅值和角度符合预期 | G59: 3、Acuview2上和HMI上检查电流Input n均在精度范围内， I_n: 4.141A 225° | H59: LV2
B60: 4路输入对应不同接线方式电流验证 | C60: Function_AcuRev1320_003_02_case16 | D60: CT选型20A/100mA，3 ELEMENT 4 WIRE Delta 接线输入Ia、Ib、Ic 电流为(8A、10A，12A)，角度为（0，240，120）测量In 电流 | E60: 1、Acuview2上位机 2、网线/RTU串口线 3、AcuRev1320电表 4、接线方式为3 ELEMENT 4 WIRE Delta | F60: 1、连接AcuRev1320电表到Acuview2上，链接状态为connected 2、3 ELEMENT 4 WIRE Delta接线输入Ia、Ib、Ic 电流为(8A、10A，12A)，角度为（0，240，120） 3、Acuview2上和HMI上检查电流In的电流幅值和角度符合预期 | G60: 3、Acuview2上和HMI上检查电流Input n均在精度范围内， I_n: 3.464A 150° | H60: LV2
B61: 4路输入对应不同接线方式电流验证 | C61: Function_AcuRev1320_003_02_case17 | D61: CT选型20A/100mA，3 ELEMENT 4 WIRE Delta 接线输入Ia、Ib、Ic 电流为(8A、8A，8A)，角度为（0，240，150）测量In 电流 | E61: 1、Acuview2上位机 2、网线/RTU串口线 3、AcuRev1320电表 4、接线方式为3 ELEMENT 4 WIRE Delta | F61: 1、连接AcuRev1320电表到Acuview2上，链接状态为connected 2、3 ELEMENT 4 WIRE Delta接线输入Ia、Ib、Ic 电流为(8A、8A，8A)，角度为（0，240，150） 3、Acuview2上和HMI上检查电流In的电流幅值和角度符合预期 | G61: 3、Acuview2上和HMI上检查电流Input n均在精度范围内， I_n: 4.141A 225° | H61: LV2
B62: 4路输入对应不同接线方式电流验证 | C62: Function_AcuRev1320_003_02_case18 | D62: CT选型20A/100mA，Independent Input Channel使能，3 ELEMENT 4 WIRE Y 接线输入Ia、Ib、Ic、In 电流为(5A、10A，15A，20A)，角度（0，240，120，200）测量4路电流与平均电流精度满足预期 | E62: 1、Acuview2上位机 2、网线/RTU串口线 3、AcuRev1320电表 4、接线方式为3 ELEMENT 4 WIRE Y | F62: 1、连接AcuRev1320电表到Acuview2上，链接状态为connected 2、3ELEMENT_4_WIRE_Y接线输入Ia、Ib、Ic、In电流为(5A、10A，15A, 20A),角度（0，240，120，200） 3、Acuview2上和HMI上检查电流的幅值精度符合预期 | G62: 3、Acuview2上和HMI上检查电流Ia、Ib、Ic、In精度符合预期： Ia:4.995~5.005 A Ib:9.99~10.01 A Ic:15.985~15.015 A In:19.98~20.02A Iavg: 12.4875~12.5125A 角度与源保持一致，精度满足±0.1° | H62: LV2
B63: 聚合页面的电流测量值验证 | C63: Function_AcuRev1320_003_03_case1 | D63: CT选型20A/100mA，Independent Input Channel使能，3 ELEMENT 4 WIRE Y 接线输入Ia、Ib、Ic、In 电流为(5A、10A，15A，20A)，验证上位机Real-time 聚合数据的各个页面，Ia、Ib、Ic、In、Iavg测量正常 | E63: 1、Acuview2上位机 2、网线/RTU串口线 3、AcuRev1320电表 4、接线方式3E4w y | F63: 1、连接AcuRev1320电表到Acuview2上，链接状态为connected 2、交流电源输入Ia、Ib、Ic、In电流为(5A、10A，15A, 20A) 3、等待4小时 4、 检查检查Real-Time Metering （200ms）、Real-Time Metering （3s）、Real-Time Metering （10min）、Real-Time Metering （2hr）、High-Speed Metering 页面的Ia、Ib、Ic、In、Iavg测量值 | G63: 4、 各个页面Ia、Ib、Ic、In电流为(5A、10A，15A, 20A)，Iavg为14.5A 备注： 除了200ms页面，其他页面没有精度要求，测量值接近不能偏离太远 | H63: LV2
A64: 交流功率 | B64: 毫伏型号CT功率及功率因素测量 | C64: Function_AcuRev1320_004_01_case1 | D64: CT选型5A/333mV，3ELEMENT_4_WIRE_Y接线输入Input1~3(A&B&C相)电流为(3A、3A、3A)，ABC电压均为69V,电压相角θ和电流相角ϕ差值为0°，测量A&B&C的P、Q、S、PF,系统P、Q、S、PF，input1~3通道P、Q、S、PF，功率精度满足0.1% | E64: 1、Acuview2上位机 2、网线/RTU串口线 3、AcuRev1320电表 4、接线方式为3E4w y | F64: 1、连接AcuRev1320电表到Acuview2上，链接状态为connected 2、Input1~3(A&B&C相)电流为(3A、3A、3A)， 电压均为69V 3、电压相角θ和电流相角ϕ差值为0° 5、Acuview2上和HMI上检查测量A&B&C、系统、input通道的P、Q、S、PF是否均在精度范围内， 6、检查web页面功率相关数据是否与上位机及电表一致，均在精度范围内 | G64: 5、Acuview2上和HMI上检查测量A&B&C、系统、input通道的P、Q、S、PF均在精度范围内0.1%。 6、检查web页面功率相关数据与上位机及电表一致，均在精度范围内 | H64: LV0 | I64: 是
B65: 毫伏型号CT功率及功率因素测量 | C65: Function_AcuRev1320_004_01_case2 | D65: CT选型5A/333mV，3ELEMENT_4_WIRE_Y接线输入Input1~3(A&B&C相)电流为(3A)，ABC电压均为120V,电压相角θ和电流相角ϕ差值为60°，测量A&B&C的P、Q、S、PF,系统P、Q、S、PF，User1通道P、Q、S、PF，input1~3通道P、Q、S、PF，功率精度满足0.15% | E65: 1、Acuview2上位机 2、网线/RTU串口线 3、AcuRev1320电表 4、接线方式为3E4w y | F65: 1、连接AcuRev1320电表到Acuview2上，链接状态为connected 2、Input1~3(A&B&C相)电流为(3A)， 电压均为120V 3、ABC电压均为120V,电压相角θ和电流相角ϕ差值为60° 5、Acuview2上和HMI上检查测量A&B&C、系统、input通道的P、Q、S、PF是否均在精度范围内， 6、检查web页面功率相关数据是否与上位机及电表一致，均在精度范围内 | G65: 5、Acuview2上和HMI上检查测量A&B&C、系统、input通道的P、Q、S、PF均在精度范围内0.15% 6、检查web页面功率相关数据与上位机及电表一致，均在精度范围内 备注: 使用Excel表格公式计算预期值 | H65: LV1 | I65: 是
B66: 毫伏型号CT功率及功率因素测量 | C66: Function_AcuRev1320_004_01_case3 | D66: CT选型5A/333mV，3ELEMENT_4_WIRE_Y接线输入Input1~3(A&B&C相)电流为(2.5A)，ABC电压均为220V,电压相角θ和电流相角ϕ差值为120°，测量A&B&C的P、Q、S、PF,系统P、Q、S、PF，input1~3通道P、Q、S、PF，功率精度满足0.15% | E66: 1、Acuview2上位机 2、网线/RTU串口线 3、AcuRev1320电表 4、接线方式为3E4w y | F66: 1、连接AcuRev1320电表到Acuview2上，链接状态为connected 2、Input1~3(A&B&C相)电流为(2.5A)， 电压均为220V 3、电压相角θ和电流相角ϕ差值为120° 4、查看web页面与上位机及电表数据是否一致 5、Acuview2上和HMI上检查测量A&B&C、系统、input通道的P、Q、S、PF是否均在精度范围内 | G66: 3、Acuview2上和HMI上检查测量A&B&C、系统、input通道的P、Q、S、PF均在精度范围内0.15% 4、查看web页面与上位机及电表数据一致 | H66: LV1 | I66: 是
B67: 毫伏型号CT功率及功率因素测量 | C67: Function_AcuRev1320_004_01_case4 | D67: CT选型5A/333mV，3ELEMENT_4_WIRE_Y接线输入Input1~3(A&B&C相)电流为(6A)，ABC电压均为347V,电压相角θ和电流相角ϕ差值为36.87°,测量A&B&C的P、Q、S、PF,系统P、Q、S、PF，input1~3通道P、Q、S、PF，功率精度满足0.15% | E67: 1、Acuview2上位机 2、网线/RTU串口线 3、AcuRev1320电表 4、接线方式为3E4w y | F67: 1、连接AcuRev1320电表到Acuview2上，链接状态为connected 2、Input1~3(A&B&C相)电流为(6A)， 电压均为347V 3、电压相角θ和电流相角ϕ差值为36.87° 5、Acuview2上和HMI上检查测量A&B&C、系统、input通道的P、Q、S、PF是否均在精度范围内， | G67: 5、Acuview2上和HMI上检查测量A&B&C、系统、input通道的P、Q、S、PF均在精度范围内0.15% | H67: LV2 | I67: 是
B68: 毫伏型号CT功率及功率因素测量 | C68: Function_AcuRev1320_004_01_case5 | D68: CT选型5A/333mV，3ELEMENT_4_WIRE_Y接线输入Input1~3(A&B&C相)电流为(2.5A)，ABC电压均为480V,电压相角θ和电流相角ϕ差值为0°，测量A&B&C的P、Q、S、PF,系统P、Q、S、PF，input1~3通道P、Q、S、PF，功率精度满足0.1% | E68: 1、Acuview2上位机 2、网线/RTU串口线 3、AcuRev1320电表 4、接线方式为3E4w y | F68: 1、连接AcuRev1320电表到Acuview2上，链接状态为connected 2、Input1~3(A&B&C相)电流为(2.5A)， 电压均为480V 3、电压相角θ和电流相角ϕ差值为0° 5、Acuview2上和HMI上检查测量A&B&C、系统、input通道的P、Q、S、PF是否均在精度范围内 | G68: 5、Acuview2上和HMI上检查测量A&B&C、系统、input通道的P、Q、S、PF均在精度范围内0.1% | H68: LV2 | I68: 是
B69: 毫伏型号CT功率及功率因素测量 | C69: Function_AcuRev1320_004_01_case6 | D69: CT选型5A/333mV，3ELEMENT_4_WIRE_Y接线输入Input1~3(A&B&C相)电流为(3.5A)，ABC电压均为220V,电压相角θ和电流相角ϕ差值为60°,测量A&B&C的P、Q、S、PF,系统P、Q、S、PF，input1~3通道P、Q、S、PF，功率精度满足0.15% | E69: 1、Acuview2上位机 2、网线/RTU串口线 3、AcuRev1320电表 4、接线方式为3E4w y | F69: 1、连接AcuRev1320电表到Acuview2上，链接状态为connected 2、Input1~3(A&B&C相)电流为(3.5A)， 电压均为220V 3、电压相角θ和电流相角ϕ差值为60 5、Acuview2上和HMI上检查测量A&B&C、系统、input通道的P、Q、S、PF是否均在精度范围 | G69: 5、Acuview2上和HMI上检查测量A&B&C、系统、input通道的P、Q、S、PF均在精度范围内0.15%。 | H69: LV2 | I69: 是
B70: 毫伏型号CT功率及功率因素测量 | C70: Function_AcuRev1320_004_01_case7 | D70: CT选型5A/333mV，3ELEMENT_4_WIRE_Y接线输入Input1~3(A&B&C相)电流为(0.05,0.04, 0.06， 0.05)，ABC电压均为220V，电压电流相角差值为0°，测量A&B&C相、系统、input通道P、Q、S、PF，功率精度满足0.2% | E70: 1、Acuview2上位机 2、网线/RTU串口线 3、AcuRev1320电表 4、接线方式为3E4w y | F70: 1、连接AcuRev1320电表到Acuview2上，链接状态为connected 2、Input1~3(A&B&C相)电流为(0.05,0.04,0.06， 0.05)， 电压均为220V 3、电压相角θ和电流相角ϕ差值为0° 5、Acuview2上和HMI上检查测量A&B&C、系统、input通道的P、Q、S、PF是否均在精度范围内， | G70: 5、Acuview2上和HMI上检查测量A&B&C、系统、input通道的P、Q、S、PF均在精度范围内0.2% 备注: 接线方式和input对应取电压值明确后，使用excel 批量计算对应参数。 | H70: LV3 | I70: 是
B71: 毫伏型号CT功率及功率因素测量 | C71: Function_AcuRev1320_004_01_case8 | D71: CT选型5A/333mV，3ELEMENT_4_WIRE_Y接线输入Input1~3(A&B&C相)电流为(0.002A、0.003A、0A)，ABC电压均为220V，电压电流相角差值为0°，测量A&B&C相、系统、input通道P、Q、S、PF，功率测量值为0 | E71: 1、Acuview2上位机 2、网线/RTU串口线 3、AcuRev1320电表 4、接线方式为3E4w y | F71: 1、连接AcuRev1320电表到Acuview2上，链接状态为connected 2、Input1~3(A&B&C相)电流为(0.002A、0.003A、0A)， 电压均为220V 3、电压相角θ和电流相角ϕ差值为0° 5、Acuview2上和HMI上检查测量A&B&C、系统、input通道的P、Q、S、PF，功率测量值是否全为0. | G71: 5、Acuview2上和HMI上检查测量A&B&C、系统、input通道的P、Q、S、PF，功率测量值无精度要求 备注：mV启动电流0.00375A，故功率为0 | H71: LV4 | I71: 是
B72: 毫伏型号CT功率及功率因素测量 | C72: Function_AcuRev1320_004_01_case9 | D72: 3ELEMENT_4_WIRE_Y接线输入Input1~3(A&B&C相)电流为(1A、1A、1A)，ABC电压均为9V，电压电流相角差值为0°，测量A&B&C相、系统、input通道P、Q、S、PF，功率测量值为0 | E72: 1、Acuview2上位机 2、网线/RTU串口线 3、AcuRev1320电表 4、接线方式为3E4w y | F72: 1、连接AcuRev1320电表到Acuview2上，链接状态为connected 2、Input1~3(A&B&C相)电流为(1A、1A、1A)， 电压均为9V 3、电压相角θ和电流相角ϕ差值为0° 5、Acuview2上和HMI上检查测量A&B&C、系统、input通道的P、Q、S、PF，功率测量值是否全为0. | G72: 5、Acuview2上和HMI上检查测量A&B&C、系统、input通道的P、Q、S、PF,功率测量值全为0. | H72: LV3 | I72: 是
B73: 毫伏型号CT功率及功率因素测量 | C73: Function_AcuRev1320_004_01_case10 | D73: CT选型5A/333mV, 1E1p2w输入InputA电流为3A，A电压均为120V, 电压相角θ和电流相角ϕ差值为0°，系统P、Q、S、PF，Ia通道P、Q、S、PF，功率精度满足0.1% | E73: 1、Acuview2上位机 2、网线/RTU串口线 3、AcuRev1320电表 4、接线方式为1E1p2w(A相) | F73: 1、连接AcuRev1320电表到Acuview2上，链接状态为connected 2、InputA电流为3A， 电压均为120 3、电压相角θ和电流相角ϕ差值为0° 4、Acuview2上和HMI上检查测量A&B&C、系统、input通道的P、Q、S、PF是否均在精度0.1%范围内。 | G73: 4、Acuview2上和HMI上检查测量A、系统、input通道的P、Q、S、PF均在精度范围内0.1%。 | H73: LV0 | I73: 是
B74: 毫伏型号CT功率及功率因素测量 | C74: Function_AcuRev1320_004_01_case11 | D74: CT选型5A/333mV, 1E1p2w输入InputA相电流为2.5A，A电压为120V, 电压相角θ和电流相角ϕ差值为0°,修改电流方向为Negative， 测量A的P、Q、S、PF，系统P、Q、S、PF，inputA通道P、Q、S、PF，功率精度满足0.1% | E74: 1、Acuview2上位机 2、网线/RTU串口线 3、AcuRev1320电表 4、接线方式为1E1p2w(A相) | F74: 1、连接AcuRev1320电表到Acuview2上，链接状态为connected 2、InputA电流为2.5A， 电压均为120 3、电压相角θ和电流相角ϕ差值为0° 4、InputA电流方向设置为Positive 5、Acuview2上和HMI上检查测量A、系统、input通道的P、Q、S、PF是否均在精度0.2%范围内。 6、InputA电流方向设置为Positive 7、Acuview2上和HMI上检查测量A、系统、input通道的P、Q、S、PF是否均在精度0.2%范围内。 8、查看web页面与上位机及电表数据是否一致 | G74: 5、Acuview2上和HMI上检查测量A、系统、input通道的P、Q、S、PF均在精度范围内0.1%, 且PF为1 7、Acuview2上和HMI上检查测量A、系统、input通道的P、Q、S、PF均在精度范围内0.1%, 且PF为-1 8、查看web页面与上位机及电表数据一致 | H74: LV2
B75: 毫伏型号CT功率及功率因素测量 | C75: Function_AcuRev1320_004_01_case12 | D75: CT选型5A/333mV, 2 ELEMENT_3_WIRE_PHASE_1输入InputA、InputC电流为(6A 6A)，ABC电压均为120V,电压相角θ和电流相角ϕ差值为60°,测量系统P、Q、S、PF，inputA、C通道P、Q、S、PF，功率精度满足0.15% | E75: 1、Acuview2上位机 2、网线/RTU串口线 3、AcuRev1320电表 4、接线方式为2 ELEMENT_3_WIRE_PHASE_1 | F75: 1、连接AcuRev1320电表到Acuview2上，链接状态为connected 2、InputA、C电流为(6A 6A)， 电压均为120V 3、电压相角θ和电流相角ϕ差值为60°，Va VC的相角为0 240，InputA、C为300°、180° 4、Acuview2上和HMI上检查测量A&B&C、系统、input通道的P、Q、S、PF是否均在精度范围内 5、检查web页面功率相关数据是否与上位机及电表一致，均在精度范围内 | G75: 4、Acuview2上和HMI上检查测量A&B&C、系统、input通道的P、Q、S、PF均在精度范围内0.15% 5、检查web页面功率相关数据与上位机及电表一致，均在精度范围内 | H75: LV1
B76: 毫伏型号CT功率及功率因素测量 | C76: Function_AcuRev1320_004_01_case13 | D76: CT选型5A/333mV, 2 ELEMENT_3_WIRE_PHASE_1输入InputA、C电流为(6A 6A)，修改电流方向Negative，ABC电压均为69V,电压相角θ和电流相角ϕ差值为0°,测量系统P、Q、S、PF，inputA、C通道P、Q、S、PF，功率精度满足0.1% | E76: 1、Acuview2上位机 2、网线/RTU串口线 3、AcuRev1320电表 4、接线方式为2 ELEMENT_3_WIRE_PHASE_1 | F76: 1、连接AcuRev1320电表到Acuview2上，链接状态为connected 2、InputA、C电流为(6A 6A)， 电压均为69V 3、电压相角θ和电流相角ϕ差值为0°，Va Vc的相角为0 240，Input1~2为0°、240° 4、修改电流方向为Positive 5、Acuview2上和HMI上检查测量A&B&C、系统、input通道的P、Q、S、PF是否均在精度范围内 6、修改电流方向为Negative 7、Acuview2上和HMI上检查测量A&B&C、系统、input通道的P、Q、S、PF是否均在精度范围内 | G76: 5、Acuview2上和HMI上检查测量A&B&C、系统、input通道的P、Q、S、PF均在精度范围内0.1%，PF为1 7、Acuview2上和HMI上检查测量A&B&C、系统、input通道的P、Q、S、PF均在精度范围内0.1%，PF为-1 | H76: LV2
B77: 毫伏型号CT功率及功率因素测量 | C77: Function_AcuRev1320_004_01_case14 | D77: CT选型5A/333mV，2_ELEMENT_3_WIRE_NetWork接线方式，输入input1~2（A、C相）电流为0.05A，ABC电压均为120V、电压和电流相角差值为60°，测量系统P、Q、S、PF、inputA、C通道P、Q、S、PF精度满足0.25% | E77: 1、Acuview2上位机 2、网线/RTU串口线 3、AcuRev1320电表 4、接线方式为2_ELEMENT_3_WIRE_NetWork | F77: 1、连接AcuRev1320电表到Acuview2上，链接状态为connected 2、Input1~2(两路电流全部选择对应VA VC)电流为(0.05A 0.05A)， 电压均为120V 3、电压相角θ和电流相角ϕ差值为60°，Va VB的相角为0 240，Input1~2为300°、180° 4、Acuview2上和HMI上检查测量A&B&C、系统、input通道的P、Q、S、PF是否均在精度范围内 5、检查web页面功率相关数据是否与上位机及电表一致，均在精度范围内 | G77: 4、Acuview2上和HMI上检查测量A&B&C、系统、input通道的P、Q、S、PF均在精度范围内0.25% 5、检查web页面功率相关数据与上位机及电表一致，均在精度范围内 | H77: LV2
B78: 毫伏型号CT功率及功率因素测量 | C78: Function_AcuRev1320_004_01_case15 | D78: CT选型5A/333mV，2_ELEMENT_3_WIRE_Delta接线方式，电流输入input1~2电流为4A 5A，ABC电压均为100V、电压和电流相角差值为0°，测量系统P、Q、S、PF精度满足0.1% | E78: 1、Acuview2上位机 2、网线/RTU串口线 3、AcuRev1320电表 4、接线方式为2_ELEMENT_3_WIRE_Delta | F78: 1、连接AcuRev1320电表到Acuview2上，连接状态为connected 2、源依旧按照Y模式输电（Ua为100V，φua为0°，Ub为100V， 短接连到电表Un，φub为240°，Uc为100V，φuc为120°），上位机配2e2P3W delta接线，I_in1为4A、0°，I_in2为0A、0°，I_in3为5A、120°，同时从源上把电流的input2和input3调换输出位置），上位机测量到的Ia和Ib分别为4A 和5A， 角度φI1~2为330°，90°。 3、Acuview2上和HMI上检查测量系统P、Q、S、PF是否均在精度范围内 4、检查web页面功率相关数据是否与上位机及电表一致，均在精度范围内 | G78: 3、Acuview2上和HMI上检查测量系统P、Q、S、PF是否均在精度范围内0.1% 4、检查web页面功率相关数据与上位机及电表一致，均在精度范围内 系统：P=1.350kwh，Q=0.000kvar，S=1.351kva，PF= 1.000 用户：Puser1=1.350kwhkwh，Quser1=0.000kwh，Suser1=1.350kva，PF= 1.000 其他user功率为0，input功率为"-" 备注计算方式： S = (Uab * Ia + Ubc * Ic) * cos(30) P = S * cos(压流角) Q= S^2 - P^2 开根号 压流角： Uab、Ubc、Uca 角度为0°、240°、120°， Ia、Ic 是330°、90°，换算Iab、Ica是 0°、120° 比较Uab和Iab、Uca和Ica的压流角是0 | H78: LV2
B79: 毫伏型号CT功率及功率因素测量 | C79: Function_AcuRev1320_004_01_case16 | D79: CT选型5A/333mV，3_ELEMENT_4_WIRE_Delta接线方式，电流输入input1~3电流为5A，电压A、B、C分别输入207.8V,120V,120V、电压和电流相角差值为0°，测量系统P、Q、S、PF精度满足0.1% | E79: 1、Acuview2上位机 2、网线/RTU串口线 3、AcuRev1320电表 4、接线方式为3_ELEMENT_4_WIRE_Delta | F79: 1、连接AcuRev1320电表到Acuview2上，连接状态为connected 2。源按照三相四线Y接线A、B、C、N分别接入电表的电压接线柱中，三相电流分别接入电表的电流接线； 3.源A、B、C分别输入207.8V,120V,120V,电压夹角分别为330°，240°，60°，电流输入值分别为5A,角度分别为330°，210°，90° 4、Acuview2上和HMI上检查测量系统P、Q、S、PF是否均在精度范围内 备注：电压电流角度统一加30° | G79: 4、Acuview2上和HMI上检查测量系统P、Q、S、PF均在精度范围内0.1% 系统：P=2.0784kw，Q=0kvar，S=2.0784kva，PF=1 备注计算方式： S = (Uab * Ia + Ubc * Ic) * cos(30) P = S * cos(压流角) Q= S^2 - P^2 开根号 Uab、Ubc、Uca 角度为0°、240°、120° 换算：Iab、Ibc、Ica 角度为0°、240°、120° | H79: LV2
B80: 毫伏型号CT功率及功率因素测量 | C80: Function_AcuRev1320_004_01_case17 | D80: 3ELEMENT_4_WIRE_Y接线输入Input1~3(A&B&C相)电流为(3A、4A、5A)，ABC电压均为120V,电压电流相角ϕ差值为0°,配置对应user1,无功功率算法设置“True Reactive Power”，测量A&B&C的Q,系统Q，User1通道Q，input1~3通道Q，功率精度满足0.1%；无功功率算法设置“Generic Reactive Power”，测量A&B&C的Q,系统Q，User1通道Q，input1~3通道Q，功率精度满足0.1% | E80: 1、Acuview2上位机 2、网线/RTU串口线 3、AcuRev1320电表 4、接线方式为3E4w y | F80: 1、连接AcuRev1320电表到Acuview2上，链接状态为connected 2、Input1~3(A&B&C相)电流为(3A、4A、5A)， 电压均为120 3、电压相角θ和电流相角ϕ差值为0° 4、上位机配置依次对应user1， 无功功率算法设置“True Reactive Power” 5、Acuview2上和HMI上检查测量A&B&C、系统、用户通道、input通道的Q是否均在精度范围内 PhaseA_Q: 0.00 PhaseB_Q: 0.00 PhaseC_Q: 0.00 Sys_Q: 0.00 User1_Q: 0.00 Input1_Q: 0.00 Input2_Q: 0.00 Input3_Q: 0.00 6、上位机配置依次对应user1，无功功率算法设置“Generic Reactive Power” 7、Acuview2上和HMI上检查测量A&B&C、系统、用户通道、input通道的Q是否均在精度范围内 PhaseA_Q: 0.00 PhaseB_Q: 0.00 PhaseC_Q: 0.00 Sys_Q: 0.00 User1_Q: 0.00 Input1_Q: 0.00 Input2_Q: 0.00 Input3_Q: 0.00 | G80: 5、7、Acuview2上和HMI上检查测量A&B&C、系统、用户通道、input通道的Q均在精度范围内0.1% PhaseA_Q: 0.00 PhaseB_Q: 0.00 PhaseC_Q: 0.00 Sys_Q: 0.00 User1_Q: 0.00 Input1_Q: 0.00 Input2_Q: 0.00 Input3_Q: 0.00 | H80: LV1 | I80: 是
B81: 毫伏型号CT功率及功率因素测量 | C81: Function_AcuRev1320_004_01_case18 | D81: 3ELEMENT_4_WIRE_Y接线输入Input1~3(A&B&C相)电流为(3A、4A、5A)，ABC电压均为220V,电压电流相角ϕ差值为0°,配置对应user1,三相电压叠加3次谐波(50%)，无功功率算法设置“Generic Reactive Power”，测量A&B&C的Q,系统Q，User1通道Q，input1~3通道Q，功率精度满足0.1% | E81: 1、Acuview2上位机 2、网线/RTU串口线 3、AcuRev1320电表 4、接线方式为3E4w y | F81: 1、连接AcuRev1320电表到Acuview2上，链接状态为connected 2、Input1~3(A&B&C相)电流为(3A、4A、5A)， 电压均为220 3、电压相角θ和电流相角ϕ差值为0° 4、上位机配置依次对应user1，无功功率算法设置“Generic Reactive Power” 5、Acuview2上和HMI上检查测量A&B&C、系统、用户通道、input通道的Q是否均在精度范围内 PhaseA_Q: 0.00 PhaseB_Q: 0.00 PhaseC_Q: 0.00 Sys_Q: 0.00 User1_Q: 0.00 Input1_Q: 0.00 Input2_Q: 0.00 Input3_Q: 0.00 | G81: 5、Acuview2上和HMI上检查测量A&B&C、系统、用户通道、input通道的Q均在精度范围内0.1% PhaseA_Q: 0.00 PhaseB_Q: 0.00 PhaseC_Q: 0.00 Sys_Q: 0.00 User1_Q: 0.00 Input1_Q: 0.00 Input2_Q: 0.00 Input3_Q: 0.00 | H81: LV2
B82: 毫伏型号CT功率及功率因素测量 | C82: Function_AcuRev1320_004_01_case19 | D82: 3ELEMENT_4_WIRE_Y接线输入Input1~3(A&B&C相)电流为(3A、4A、5A)，ABC电压均为220V,电压电流相角ϕ差值为30°，无功功率算法设置“True Reactive Power”，测量A&B&C的Q,系统Q，input1~3通道Q，功率精度满足0.15% 3ELEMENT_4_WIRE_Y接线输入Input1~3(A&B&C相)电流为(3A、4A、5A)，ABC电压均为220V,电压电流相角ϕ差值为60°,三相电压叠加5次谐波(30%)，无功功率算法设置“Generic Reactive Power”，测量A&B&C的Q,系统Q，input1~3通道Q，功率精度满足0.15% | E82: 1、Acuview2上位机 2、网线/RTU串口线 3、AcuRev1320电表 4、接线方式为3E4w y | F82: 1、连接AcuRev1320电表到Acuview2上，链接状态为connected 2、Input1~3(A&B&C相)电流为(3A、4A、5A)， 电压均为220 3、电压相角θ和电流相角ϕ差值为30° 4、上位机配置依次对应user1，无功功率算法设置“Generic Reactive Power” 5、Acuview2上和HMI上检查测量A&B&C、系统、input通道的Q是否均在精度范围内, 单位:KW 6、Input1~3(A&B&C相)电流为(3A、4A、5A)， 电压均为220V 7、电压相角θ和电流相角ϕ差值为60°,三相电压叠加5次谐波(30%) 8、上位机配置依次对应user1，无功功率算法设置“Generic Reactive Power” 9、Acuview2上和HMI上检查测量A&B&C、系统、用户通道、input通道的Q是否均在精度范围内, 单位:KW | G82: 5、Acuview2上和HMI上检查测量A&B&C、系统、input通道的Q均在精度范围内0.15% PhaseA_Q: 0.32934 ~ 0.33066 PhaseB_Q: 0.43912 ~ 0.44088 PhaseC_Q: 0.5489 ~ 0.5511 Sys_Q: 1.31736 ~ 1.32264 Input1_Q: 0.32934 ~ 0.33066 Input2_Q: 0.43912 ~ 0.44088 Input3_Q: 0.5489 ~ 0.5511 9、Acuview2上和HMI上检查测量A&B&C、系统、input通道的Q均在精度范围内0.15% PhaseA_Q: 0.603690192 ~ 0.606109792 PhaseB_Q: 0.804920256 ~ 0.808146389 PhaseC_Q: 1.00615032 ~ 1.010182986 Sys_Q: 2.414760767 ~ 2.424439167 Input1_Q: 0.603690192 ~ 0.606109792 Input2_Q: 0.804920256 ~ 0.808146389 Input3_Q: 1.00615032 ~ 1.010182986 | H82: LV1 | I82: 是
B83: 毫安型号CT功率及功率因素测量 | C83: Function_AcuRev1320_004_02_case1 | D83: CT选型20A/100mA，3ELEMENT_4_WIRE_Y接线输入Input1~3(A&B&C相)电流为(2A)，ABC电压均为220V,电压电流相角差值为0°，,测量A&B&C的,系统，input1~3通道P、Q、S、PF，功率精度满足0.1% | E83: 1、Acuview2上位机 2、网线/RTU串口线 3、AcuRev1320电表 4、接线方式为3E4w y | F83: 1、连接AcuRev1320电表到Acuview2上，链接状态为connected 2、Input1~3(A&B&C相)电流为(2A)， 电压均为220V 3、电压相角θ和电流相角ϕ差值为0° 5、Acuview2上和HMI上检查测量A&B&C、系统、input通道的P、Q、S、PF是否均在精度范围内 备注测试方法：通过功率精度计算工具1计算精度范围内值和上位机上值比较 | G83: 5、Acuview2上和HMI上检查测量A&B&C、系统、input通道的P、Q、S、PF均在精度范围内0.1%。 备注测试方法：通过功率精度计算工具1计算精度范围内值和上位机上值比较 | H83: LV0 | I83: 是
B84: 毫安型号CT功率及功率因素测量 | C84: Function_AcuRev1320_004_02_case2 | D84: CT选型20A/100mA，3ELEMENT_4_WIRE_Y接线输入Input1~3(A&B&C相)电流为(10A)，ABC电压均为400V,电压相角θ和电流相角ϕ差值为36.87°，测量A&B&C的P、Q、S、PF,系统P、Q、S、PF，input1~3通道P、Q、S、PF，功率精度满足0.15% | E84: 1、Acuview2上位机 2、网线/RTU串口线 3、AcuRev1320电表 4、接线方式为3E4w y | F84: 1、连接AcuRev1320电表到Acuview2上，链接状态为connected 2、Input1~3(A&B&C相)电流为(10A)， 电压均为400V 3、电压相角θ和电流相角ϕ差值为36.87° 5、Acuview2上和HMI上检查测量A&B&C、系统、input通道的P、Q、S、PF是否均在精度范围内 备注测试方法：通过功率精度计算工具1计算精度范围内值和上位机上值比较 | G84: 5、Acuview2上和HMI上检查测量A&B&C、系统、input通道的P、Q、S、PF均在精度范围内0.15% 备注测试方法：通过功率精度计算工具1计算精度范围内值和上位机上值比较 | H84: LV2 | I84: 是
B85: 毫安型号CT功率及功率因素测量 | C85: Function_AcuRev1320_004_02_case3 | D85: 3ELEMENT_4_WIRE_Y接线输入Input1~3(A&B&C相)电流为(0.025A、0.10A、0.02A)，ABC电压均为220V，电压电流相角差值为0°，测量A&B&C相、系统、input通道P、Q、S、PF，有测量值，无精度要求 | E85: 1、Acuview2上位机 2、网线/RTU串口线 3、AcuRev1320电表 4、接线方式为3E4w y | F85: 1、连接AcuRev1320电表到Acuview2上，链接状态为connected 2、Input1~3(A&B&C相)电流为(0.025A、0.10A、0.02A)， 电压均为220V 3、电压相角θ和电流相角ϕ差值为0° 5、Acuview2上和HMI上检查测量A&B&C、系统、input通道的P、Q、S、PF是否均在精度范围内 | G85: 5、Acuview2上和HMI上检查测量A&B&C、系统、input通道的P、Q、S、PF, 功率有值，无精度要求。 备注：mA电流精度最低电流为0.16A；小于start_up 0.012A 电流的一半，0.006A,将电流处理为0， 20260226: mA 的pickup 值按照需求规格取值，待更新用例 | H85: LV3 | I85: 是
B86: 毫安型号CT功率及功率因素测量 | C86: Function_AcuRev1320_004_02_case4 | D86: 3ELEMENT_4_WIRE_Y接线输入Input1~3(A&B&C相)电流为(0.12A、0.006A、0.005A)，ABC电压均为220V，电压电流相角差值为0°，测量A&B&C相、系统、input通道P、Q、S、PF，功率测量值为0 | E86: 1、Acuview2上位机 2、网线/RTU串口线 3、AcuRev1320电表 4、接线方式为3E4w y | F86: 1、连接AcuRev1320电表到Acuview2上，链接状态为connected 2、Input1~3(A&B&C相)电流为(0.12A、0.006A、0.005A)， 电压均为220V 3、电压相角θ和电流相角ϕ差值为0° 5、Acuview2上和HMI上检查测量A&B&C、系统、input通道的P、Q、S、PF，功率测量值 | G86: 5、Acuview2上和HMI上检查测量A&B、系统、input1-2通道的P、Q、S、PF，功率均有值，没有精度要求. C相和第3路input，电流测量值为0，功率为0 备注：mA电流精度最低电流为0.16A；小于start_up 0.012A 电流的一半，0.006A,将电流处理为0， 20260226: mA 的pickup 值按照需求规格取值，换算二次侧就是0.012A，没有取一半的要求，待更新用例 2026/3/19:pick uo是0.012A，有个0.9倍的实现逻辑,此处测试用例中Iche | H86: LV3
B87: 毫安型号CT功率及功率因素测量 | C87: Function_AcuRev1320_004_02_case5 | D87: CT选型20A/100mA，3_ELEMENT_4_WIRE_Delta接线方式，电流输入input1~3电流为5A，电压A、B、C分别输入207.8V,120V,120V、电压和电流相角差值为0°，测量系统P、Q、S、PF精度满足0.1% | E87: 1、Acuview2上位机 2、网线/RTU串口线 3、AcuRev1320电表 4、接线方式为3_ELEMENT_4_WIRE_Delta | F87: 1、连接AcuRev1320电表到Acuview2上，连接状态为connected 2。源按照三相四线Y接线A、B、C、N分别接入电表的电压接线柱中，三相电流分别接入电表的电流接线； 3.源A、B、C分别输入207.8V,120V,120V,电压夹角分别为330°，240°，60°，电流输入值分别为5A,角度分别为330°，210°，90° 4、Acuview2上和HMI上检查测量系统P、Q、S、PF是否均在精度范围内 备注：电压电流角度统一加30° | G87: 4、Acuview2上和HMI上检查测量系统P、Q、S、PF是否均在精度范围内0.1% 系统：P=2.0784kw，Q=0kvar，S=2.0784kva，PF=1 备注计算方式： S = (Uab * Ia + Ubc * Ic) * cos(30) P = S * cos(压流角) Q= S^2 - P^2 开根号 Uab、Ubc、Uca 角度为0°、240°、120° 换算：Iab、Ibc、Ica 角度为0°、240°、120° | H87: LV2
B88: 聚合页面的功率及功率因数测量值验证 | C88: Function_AcuRev1320_004_03_case1 | D88: CT选型5A/333mV，3ELEMENT_4_WIRE_Y接线输入Input1~3(A&B&C相)电流为(3A、3A、3A)，ABC电压均为120V,电压相角θ和电流相角ϕ差值为0°，验证上位机Real-time 聚合数据的各个页面A&B&C&System的P、Q、S、PF,系统P、Q、S、PF，测量正常 | E88: 1、Acuview2上位机 2、网线/RTU串口线 3、AcuRev1320电表 4、接线方式为3E4w y | F88: 1、连接AcuRev1320电表到Acuview2上，链接状态为connected 2、Input1~3(A&B&C相)电流为(3A、3A、3A)， 电压均为120V 3、电压相角θ和电流相角ϕ差值为0° 4、等待4小时 5、 检查检查Real-Time Metering （200ms）、Real-Time Metering （3s）、Real-Time Metering （10min）、Real-Time Metering （2hr）、High-Speed Metering 页面的A&B&C、系统的P、Q、S、PF测量值 | G88: 5、各个页面A&B&C、系统的P、Q、S、PF测量值一致 P： 0.36 Q: 0 S: 0.36 PF：1 系统的有功和视在功率为1.08 备注： 除了200ms页面，其他页面没有精度要求，测量值接近不能偏离太远 | H88: LV2
A89: 负载特性(RLC) | B89: 系统中只有一种负载类型 | C89: Function_AcuRev1320_005_01_case1 | D89: 3ELEMENT_4_WIRE_Y接线输入Input1~3(A&B&C相)电流为(10A)，电压均为100V, 电压电流相角差为0°(纯电阻负载)，,系统总负载特性、A&B&C相、input1~3通道负载特性为R | E89: 1、Acuview2上位机 2、网线/RTU串口线 3、AcuRev1320电表 4、接线方式为3E4w y | F89: 1、连接AcuRev1320电表到Acuview2上，链接状态为connected 2、Input1~3电流为(10A)， 电压均为100V 3、电压相角θ和电流相角ϕ差值为0° 4、Acuview2上和HMI上检查系统总负载特性、A&B&C相、input1~3通道负载特性是否均为R。 5、检查web页面是否与上位机及电表负载特性是否一致 | G89: 4、Acuview2上和HMI上检查系统总负载特性、A&B&C相、input1~3通道负载特性均为R。 5、检查web页面是否与上位机及电表负载特性一致 | H89: LV2 | I89: 是
B90: 系统中只有一种负载类型 | C90: Function_AcuRev1320_005_01_case1_01 | D90: 电压谐波不能影响电表负载特性 | E90: 1、Acuview2上位机 2、网线/RTU串口线 3、AcuRev1320电表 4、接线方式为3E4w y | F90: 1、连接AcuRev1320电表到Acuview2上，链接状态为connected 2、Input1~3电流为(5A)， 电压均为347V，三相电压均施加2次谐波2% 3、电压相角θ和电流相角ϕ差值为0° 4、Acuview2上和HMI上检查系统总负载特性、A&B&C相、input1~3通道负载特性是否均为R。 | G90: 4.Acuview2上和HMI上检查系统总负载特性、A&B&C相、input1~3通道负载特性均为R。 | H90: LV2
B91: 系统中只有一种负载类型 | C91: Function_AcuRev1320_005_01_case2 | D91: 3ELEMENT_4_WIRE_Y接线输入Input1~3(A&B&C相)电流为(10A)，电压均为100V, 电压电流相角差为180°(阻性负载),系统总负载特性、A&B&C相、input1~3通道负载特性为R | E91: 1、Acuview2上位机 2、网线/RTU串口线 3、AcuRev1320电表 4、接线方式为3E4w y | F91: 1、连接AcuRev1320电表到Acuview2上，链接状态为connected 2、Input1~3电流为(10A)， 电压均为100V 3、电压相角θ和电流相角ϕ差值为180° 4、Acuview2上和HMI上检查系统总负载特性、A&B&C相、User1通道、input1~3通道负载特性是否均为R。 5、检查web页面是否与上位机及电表负载特性是否一致 | G91: 4、Acuview2上和HMI上检查系统总负载特性、A&B&C相、input1~3通道负载特性均为R。 5、检查web页面是否与上位机及电表负载特性一致 | H91: LV1 | I91: 是
B92: 系统中只有一种负载类型 | C92: Function_AcuRev1320_005_01_case3 | D92: 3ELEMENT_4_WIRE_Y接线输入Input1~3(A&B&C相)电流为(10A)，电压均为100V, 电压电流相角差为30°，系统总负载特性、A&B&C相、input1~3通道负载特性为L | E92: 1、Acuview2上位机 2、网线/RTU串口线 3、AcuRev1320电表 4、接线方式为3E4w y | F92: 1、连接AcuRev1320电表到Acuview2上，链接状态为connected 2、Input1~3电流为(10A)， 电压均为100V 3、电压相角θ和电流相角ϕ差值为30° 4、Acuview2上和HMI上检查系统总负载特性、A&B&C相、input1~3通道负载特性是否均为L。 | G92: 4、Acuview2上和HMI上检查系统总负载特性、A&B&C相、input1~3通道负载特性均为L。 | H92: LV0 | I92: 是
B93: 系统中只有一种负载类型 | C93: Function_AcuRev1320_005_01_case4 | D93: 3ELEMENT_4_WIRE_Y接线输入Input1~3(A&B&C相)电流为(10A)，电压均为100V, 电压电流相角差为90°(纯感负载)，系统总负载特性、A&B&C相、input1~3通道负载特性为L | E93: 1、Acuview2上位机 2、网线/RTU串口线 3、AcuRev1320电表 4、接线方式为3E4w y | F93: 1、连接AcuRev1320电表到Acuview2上，链接状态为connected 2、Input1~3电流为(10A)， 电压均为100V 3、电压相角θ和电流相角ϕ差值为90° 4、Acuview2上和HMI上检查系统总负载特性、A&B&C相、input1~3通道负载特性是否均为L。 5、检查web页面是否与上位机及电表负载特性是否一致 | G93: 4、Acuview2上和HMI上检查系统总负载特性、A&B&C相、input1~3通道负载特性均为L。 | H93: LV3 | I93: 是
B94: 系统中只有一种负载类型 | C94: Function_AcuRev1320_005_01_case5 | D94: 3ELEMENT_4_WIRE_Y接线输入Input1~3(A&B&C相)电流为(10A)，电压均为100V, 电压电流相角差为210°，系统总负载特性、A&B&C相、input1~3通道负载特性为L | E94: 1、Acuview2上位机 2、网线/RTU串口线 3、AcuRev1320电表 4、接线方式为3E4w y | F94: 1、连接AcuRev1320电表到Acuview2上，链接状态为connected 2、Input1~3电流为(10A)， 电压均为100V 3、电压相角θ和电流相角ϕ差值为210° 4、Acuview2上和HMI上检查系统总负载特性、A&B&C相、input1~3通道负载特性是否均为L。 | G94: 4、Acuview2上和HMI上检查系统总负载特性、A&B&C相、input1~3通道负载特性均为L。 | H94: LV3 | I94: 是
B95: 系统中只有一种负载类型 | C95: Function_AcuRev1320_005_01_case6 | D95: 3ELEMENT_4_WIRE_Y接线输入Input1~3(A&B&C相)电流为(10A)，电压均为100V, 电压电流相角差为120°，系统总负载特性、A&B&C相、input1~3通道负载特性为C | E95: 1、Acuview2上位机 2、网线/RTU串口线 3、AcuRev1320电表 4、接线方式为3E4w y | F95: 1、连接AcuRev1320电表到Acuview2上，链接状态为connected 2、Input1~3电流为(10A)， 电压均为100V 3、电压相角θ和电流相角ϕ差值为120° 4、Acuview2上和HMI上检查系统总负载特性、A&B&C相、input1~3通道负载特性是否均为C。 6、检查web页面是否与上位机及电表负载特性是否一致 | G95: 4、Acuview2上和HMI上检查系统总负载特性、A&B&C相、input1~3通道负载特性均为C。 5、检查web页面是否与上位机及电表负载特性一致 | H95: LV1 | I95: 是
B96: 系统中只有一种负载类型 | C96: Function_AcuRev1320_005_01_case7 | D96: 3ELEMENT_4_WIRE_Y接线输入Input1~3(A&B&C相)电流为(10A)，电压均为100V, 电压电流相角差为270°(纯容负载)，系统总负载特性、A&B&C相、input1~3通道负载特性为C | E96: 1、Acuview2上位机 2、网线/RTU串口线 3、AcuRev1320电表 4、接线方式为3E4w y | F96: 1、连接AcuRev1320电表到Acuview2上，链接状态为connected 2、Input1~3电流为(10A)， 电压均为100V 3、电压相角θ和电流相角ϕ差值为270° 4、Acuview2上和HMI上检查系统总负载特性、A&B&C相、input1~3通道负载特性是否均为L。 | G96: 4、Acuview2上和HMI上检查系统总负载特性、A&B&C相、input1~3通道负载特性均为L。 | H96: LV3 | I96: 是
B97: 系统中只有一种负载类型 | C97: Function_AcuRev1320_005_01_case8 | D97: 3ELEMENT_4_WIRE_Y接线输入Input1~3(A&B&C相)电流为(10A)，电压均为100V, 电压电流相角差为330°，系统总负载特性、A&B&C相、input1~3通道负载特性为C | E97: 1、Acuview2上位机 2、网线/RTU串口线 3、AcuRev1320电表 4、接线方式为3E4w y | F97: 1、连接AcuRev1320电表到Acuview2上，链接状态为connected 2、Input1~3电流为(10A)， 电压均为100V 3、电压相角θ和电流相角ϕ差值为330° 4、Acuview2上和HMI上检查系统总负载特性、A&B&C相、input1~3通道负载特性是否均为C。 | G97: 4、Acuview2上和HMI上检查系统总负载特性、A&B&C相、input1~3通道负载特性均为C。 | H97: LV2 | I97: 是
B98: 系统中只有一种负载类型 | C98: Function_AcuRev1320_005_01_case9 | D98: 2E3P3w delta输入Input1~2电流为(5A)，ABC电压均为100V，线电压φab:0°,&φbc:240°( 电流Ia:270°， I2:30°), 系统负载特性为L。 input1、input2、A B C 相均无负载特性。 | E98: 1、Acuview2上位机 2、网线/RTU串口线 3、AcuRev1320电表 4、接线方式为2E3P3w delta | F98: 1、连接AcuRev1320电表到Acuview2上，链接状态为connected 2、Input1~2电流为(5A)， 电压均为100V 3、线电压φab:0°&φbc:240°(电流Ia:270°， I2:30°) 4、Acuview2上和HMI上检查系统总负载特性、A&B&C相、input1~2通道负载特性是否正确 5、检查web页面是否与上位机及电表负载特性是否一致，是否显示- | G98: 4、Acuview2上和HMI上系统负载特性为L。 input1、input2、A B C 相均无负载特性，显示“-”。 5、检查web页面是否与上位机及电表负载特性一致 补充计算过程 系统：P=0.75kwh，Q=1.299kvar，S=1.500kva，PF= 0.500 用户：Puser1=0.75kwhkwh，Quser1=1.299kwh，Suser1=1.500kva，PF= 0.500 其他user功率为0，input功率为"-" 备注计算方式： S = (Uab * Ia + Ubc * Ic) * cos(30) P = S * cos(压流角) Q= S^2 - P^2 开根号 压流角： Uab、Ubc、Uca 角度为0°、240°、120°， Ia、Ic 是270°、30°，换算Iab、Ica是 300°、60° 比较Uab和Iab、Uca和Ica的压流角是60 夹角在第一象限，Q为正数【一二象限为正数、三四象限为负数】 | H98: LV2
B99: 系统中只有一种负载类型 | C99: Function_AcuRev1320_005_01_case10 | D99: 2E3P3w delta输入Input1~2电流为(5A)，ABC电压均为100V，线电压φab:0°&φbc:240°(电流Ia:210°， I2:330°), 系统负载特性为C， input1、input2、A B C 相均无负载特性。 | E99: 1、Acuview2上位机 2、网线/RTU串口线 3、AcuRev1320电表 4、接线方式为2E3P3w delta | F99: 1、连接AcuRev1320电表到Acuview2上，链接状态为connected 2、Input1~2电流为(5A)， 电压均为100V 3、线电压φab:0°&φbc:240°(电流Ia:210°， I2:330°) 4、Acuview2上和HMI上检查系统总负载特性、A&B&C相、input1~2通道负载特性是否正确 | G99: 5、Acuview2上和HMI上系统负载特性为C。 input1、input2、A B C 相均无负载特性，显示“-”。 补充计算过程： 系统：P=-0.75kwh，Q=1.299kvar，S=1.500kva，PF= -0.500 用户：Puser1=-0.75kwhkwh，Quser1=1.299kwh，Suser1=1.500kva，PF= -0.500 其他user功率为0，input功率为"-" 备注计算方式： S = (Uab * Ia + Ubc * Ic) * cos(30) P = S * cos(压流角) Q= S^2 - P^2 开根号 压流角： Uab、Ubc、Uca 角度为0°、240°、120°， Ia、Ic 是210°、330°，换算Iab、Ica是 240°、0° 比较Uab和Iab、Uca和Ica的压流角是120 夹角在第二象限，Q为正数【一二象限为正数、三四象限为负数】 | H99: LV3
B100: 系统中只有一种负载类型 | C100: Function_AcuRev1320_005_01_case11 | D100: 上位机配3e4W delta接线，input1、input2、input3分别配置Vab、Vbc，Vca， 模拟φuab，φubc，φuca平衡(0° 240° 120° )，压流夹角为0°，检查负载特性为R | E100: 1、Acuview2上位机 2、网线/RTU串口线 3、AcuRev1320电表 | F100: 1、连接AcuRev1320电表到Acuview2上，连接状态为connected 2。源按照三相四线Y接线A、B、C、N分别接入电表的电压接线柱中，三相电流分别接入电表的电流接线； 3.源A、B、C分别输入207.8V,120V,120V,电压夹角分别为330°，240°，60°，电流输入值分别为5A,角度分别为330°，210°，90° 3.1查看上位机及HMI中real-time显示情况 4.上位机和HMI上检查系统负载特性为R 备注：电压电流角度统一加30° | G100: 3.1 上位机和HMI上Va/Vb/Vc电压为“-” 4、上位机和HMI上input1、2、3配置电压Vab、Vbc、Vca 4.1 上位机和HMI上Vab、Vbc、Vca电压为173.205V 5.上位机和HMI上Vab、Vbc、Vca电压为240V 6、上位机和HMI上Vab、Vbc、Vca相角为(0°、240°、120°) 7.检查上位机和HMI上系统负载特性为R 系统：P=2.0784kw，Q=0kvar，S=2.0784kva，PF=1 备注计算方式： S = (Uab * Ia + Ubc * Ic) * cos(30) P = S * cos(压流角) Q= S^2 - P^2 开根号 Uab、Ubc、Uca 角度为0°、240°、120° 换算：Iab、Ibc、Ica 角度为0°、240°、120° | H100: LV2
...

Sheet 测试用例12.8之前
A1: 模块 | B1: 子模块 | C1: 用例编号 | D1: 用例标题 | E1: 预置条件 | F1: 测试步骤 | G1: 预期结果 | H1: 级别 | I1: 自动化 | J1: 需自动化 （是/否） | K1: 测试版本 | L1: 测试结果 | M1: 测试人员 | N1: 备注 | O1: 问题单来源
A2: 交流频率 | B2: 交流频率 | C2: Function_AcuRev4100_001_01_case1 | D2: 交流电在42.5 HZ 、65HZ、69 Hz，测量精度要求0.2% | E2: 1、Acuview2上位机 2、网线/RTU串口线 3、AcuRev4100电表 | F2: 1、连接AcuRev4100电表到Acuview2上，链接状态为connected 2、交流电源输入频率为42.5HZ。 3、Acuview2上和HMI上检查交流电频率是否在精度范围内，范围:42.415 ~ 42.585 4、交流电源输入频率为65HZ。 5、Acuview2上和HMI上检查交流电频率是否在精度范围内，范围:64.87 ~ 65.13 6、交流电源输入频率为69HZ。 7、Acuview2上检查交流电频率是否在精度范围内，范围:68.862 ~ 69.138 | G2: 3、Acuview2上和HMI上检查交流电频率在精度范围内，范围:42.415 ~ 42.585 5、Acuview2上和HMI上检查交流电频率在精度范围内，范围:64.87 ~ 65.13 7、Acuview2上检查交流电频率在精度范围内，范围:68.862 ~ 69.138 | H2: LV2 | I2: 是
B3: 交流频率 | C3: Function_AcuRev4100_001_01_case2 | D3: 交流电在45 HZ 、55Hz，测量精度要求0.2% | E3: 1、Acuview2上位机 2、网线/RTU串口线 3、AcuRev4100电表 | F3: 1、连接AcuRev4100电表到Acuview2上，链接状态为connected 2、交流电源输入频率45HZ。 3、Acuview2上和HMI上检查交流电频率是否在精度范围内，范围: 4、交流电源输入频率为55HZ。 5、Acuview2上和HMI上检查交流电频率是否在精度范围内，范围: | G3: 3、Acuview2上和HMI上检查交流电频率在精度范围内，范围:44.991 ~ 45.009 5、Acuview2上和HMI上检查交流电频率在精度范围内，范围:54.989 ~ 55.011 | H3: LV1 | I3: 是
B4: 交流频率 | C4: Function_AcuRev4100_001_01_case3 | D4: 交流电在50HZ 、60 Hz，测量精度要求0.2% | E4: 1、Acuview2上位机 2、网线/RTU串口线 3、AcuRev4100电表 | F4: 1、连接AcuRev4100电表到Acuview2上，链接状态为connected 2、交流电源输入频率为50HZ。 3、Acuview2上和HMI上检查交流电频率是否在精度范围内，范围:49.9 ~ 50.1 4、交流电源输入频率为60HZ。 5、Acuview2上和HMI上检查交流电频率是否在精度范围内，范围:59.88 ~ 60.12 | G4: 3、Acuview2上和HMI上检查交流电频率在精度范围内，范围:49.9 ~ 50.1 5、Acuview2上和HMI上检查交流电频率在精度范围内，范围:59.88 ~ 60.12 | H4: LV0 | I4: 是
B5: 交流频率 | C5: Function_AcuRev4100_001_01_case4 | D5: 电表上设置60HZ, 交流电在40HZ 、70 Hz，无测量精度要求 | E5: 1、Acuview2上位机 2、网线/RTU串口线 3、AcuRev4100电表 | F5: 1、连接AcuRev4100电表到Acuview2上，链接状态为connected 1.1、电表上设置60HZ 2、交流电源输入频率为40HZ。 3、Acuview2上和HMI上检查交流电频率可以测试到频率数据，无精度要求 4、交流电源输入频率为70HZ。 5、Acuview2上和HMI上检查交流电频率可以测试到频率数据，无精度要求 | G5: 3、Acuview2上和HMI上检查交流电频率可以测试到频率数据，无精度要求 5、Acuview2上和HMI上检查交流电频率可以测试到频率数据，无精度要求 | H5: LV3 | I5: 是
B6: 交流频率 | C6: Function_AcuRev4100_001_01_case5 | D6: 关闭输出后，电表不会有频率显示 | E6: 1、Acuview2上位机 2、网线/RTU串口线 3、AcuRev4100电表 | F6: 1、输出50HZ频率 2、关闭源输出 3、HMI查看系统频率 | G6: 1、关闭源输出，频率显示0 | H6: LV1
A7: 交流电压 | B7: 线-地电压(相电压)验证 | C7: Function_AcuRev4100_002_01_case1 | D7: 交流电Van、Vbn、Vcn输入额定电压分别均为69V,120V,测量Van、Vbn、Vcn、Vlnavg满足精度要求0.1% | E7: 1、Acuview2上位机 2、网线/RTU串口线 3、AcuRev4100电表 | F7: 1、连接AcuRev4100电表到Acuview2上，链接状态为connected 2、交流电源输入相电压Van、Vbn、Vcn的额定电压为69V。 3、Acuview2上和HMI上检查交流电相电压是否均在精度范围内， Van、Vbn、Vcn范围(V):68.931 ~ 69.069， Vlnavg范围(V)：68.931 ~ 69.069 4、交流电源输入相电压Van、Vbn、Vcn的额定电压为120V。 5、Acuview2上和HMI上检查交流电相电压是否均在精度范围内，范围(V):119.88 ~ 120.12， Vlnavg范围(V)：119.88 ~ 120.12 | G7: 3、Acuview2上和HMI上检查交流电相电压均在精度范围内，范围(V):68.931 ~ 69.069，Vlnavg范围(V)：68.931 ~ 69.069 5、Acuview2上和HMI上检查交流电相电压均在精度范围内，范围(V):119.88 ~ 120.12，Vlnavg范围(V)：119.88 ~ 120.12 | H7: LV1 | I7: 是
B8: 线-地电压(相电压)验证 | C8: Function_AcuRev4100_002_01_case2 | D8: 交流电Van、Vbn、Vcn输入额定电压分别均为230V,347V,测量Van、Vbn、Vcn、Vlnavg满足精度要求0.1% | E8: 1、Acuview2上位机 2、网线/RTU串口线 3、AcuRev4100电表 | F8: 1、连接AcuRev4100电表到Acuview2上，链接状态为connected 2、交流电源输入相电压Van、Vbn、Vcn的额定电压为230V。 3、Acuview2上和HMI上检查交流电相电压是否均在精度范围内，范围(V):229.77 ~ 230.23， Vlnavg范围(V)：229.77 ~ 230.23 4、交流电源输入相电压Van、Vbn、Vcn的额定电压为347V。 5、Acuview2上和HMI上检查交流电相电压是否均在精度范围内，范围(V):346.653 ~ 347.347， Vlnavg范围(V)：346.653 ~ 347.347 | G8: 3、Acuview2上和HMI上检查交流电相电压均在精度范围内，范围(V):229.77 ~ 230.23， Vlnavg范围(V)：229.77 ~ 230.23 5、Acuview2上和HMI上检查交流电相电压均在精度范围内，范围(V):346.653 ~ 347.347， Vlnavg范围(V)：346.653 ~ 347.347 | H8: LV2 | I8: 是
B9: 线-地电压(相电压)验证 | C9: Function_AcuRev4100_002_01_case3 | D9: 交流电Van、Vbn、Vcn输入电压分别均为220V,380V,测量Van、Vbn、Vcn、Vlnavg满足精度要求0.1% | E9: 1、Acuview2上位机 2、网线/RTU串口线 3、AcuRev4100电表 | F9: 1、连接AcuRev4100电表到Acuview2上，链接状态为connected 2、交流电源输入相电压Van、Vbn、Vcn的额定电压为220V。 3、Acuview2上和HMI上检查交流电相电压是否均在精度范围内，范围(V):219.78 ~ 220.22， Vlnavg范围(V)：219.78 ~ 220.22 4、交流电源输入相电压Van、Vbn、Vcn的额定电压为380V。 5、Acuview2上和HMI上检查交流电相电压是否均在精度范围内，范围(V):379.62 ~ 380.38， Vlnavg范围(V)：379.62 ~ 380.38 | G9: 3、Acuview2上和HMI上检查交流电相电压均在精度范围内，范围(V):219.78 ~ 220.22， Vlnavg范围(V)：219.78 ~ 220.22 5、Acuview2上和HMI上检查交流电相电压均在精度范围内，范围(V):379.62 ~ 380.38， Vlnavg范围(V)：379.62 ~ 380.38 | H9: LV0 | I9: 是
B10: 线-地电压(相电压)验证 | C10: Function_AcuRev4100_002_01_case4 | D10: 交流电Van、Vbn、Vcn输入电压分别均为100V,200V,测量Van、Vbn、Vcn、Vlnavg满足精度要求0.1% | E10: 1、Acuview2上位机 2、网线/RTU串口线 3、AcuRev4100电表 | F10: 1、连接AcuRev4100电表到Acuview2上，链接状态为connected 2、交流电源输入相电压Van、Vbn、Vcn的额定电压为100V。 3、Acuview2上和HMI上检查交流电相电压是否均在精度范围内，范围(V):99.9 ~ 100.1， Vlnavg范围(V)：99.9 ~ 100.1 4、交流电源输入相电压Van、Vbn、Vcn的额定电压为200V。 5、Acuview2上和HMI上检查交流电相电压是否均在精度范围内，范围(V):199.8 ~ 200.2， Vlnavg范围(V)：199.8 ~ 200.2 | G10: 3、Acuview2上和HMI上检查交流电相电压均在精度范围内，范围(V):99.9 ~ 100.1， Vlnavg范围(V)：99.9 ~ 100.1 5、Acuview2上和HMI上检查交流电相电压均在精度范围内，范围(V):199.8 ~ 200.2， Vlnavg范围(V)：199.8 ~ 200.2 | H10: LV2 | I10: 是
B11: 线-地电压(相电压)验证 | C11: Function_AcuRev4100_002_01_case5 | D11: 交流电Van、Vbn、Vcn输入电压分别均为300V,400V,测量Van、Vbn、Vcn、Vlnavg满足精度要求0.1% | E11: 1、Acuview2上位机 2、网线/RTU串口线 3、AcuRev4100电表 | F11: 1、连接AcuRev4100电表到Acuview2上，链接状态为connected 2、交流电源输入相电压Van、Vbn、Vcn的额定电压为300V。 3、Acuview2上和HMI上检查交流电相电压是否均在精度范围内，范围(V):199.8 ~ 200.2， Vlnavg范围(V)：199.8 ~ 200.2 4、交流电源输入相电压Van、Vbn、Vcn的额定电压为400V。 5、Acuview2上和HMI上检查交流电相电压是否均在精度范围内，范围(V):399.6 ~ 400.4， Vlnavg范围(V)：399.6 ~ 400.4 | G11: 3、Acuview2上和HMI上检查交流电相电压均在精度范围内，范围(V):199.8 ~ 200.2， Vlnavg范围(V)：199.8 ~ 200.2 5、Acuview2上和HMI上检查交流电相电压均在精度范围内，范围(V):399.6 ~ 400.4， Vlnavg范围(V)：399.6 ~ 400.4 | H11: LV2 | I11: 是
B12: 线-地电压(相电压)验证 | C12: Fault_AcuRev4100_002_01_case6 | D12: 交流电Van、Vbn、Vcn输入范围外电压分别均为40V,68V,测量Van、Vbn、Vcn、Vlnavg满足精度要求0.1% | E12: 1、Acuview2上位机 2、网线/RTU串口线 3、AcuRev4100电表 | F12: 1、连接AcuRev4100电表到Acuview2上，链接状态为connected 2、交流电源输入相电压Van、Vbn、Vcn的额定电压为40V。 3、Acuview2上和HMI上检查交流电相电压是否有测量显示，满足精度要求0.1% 4、交流电源输入相电压Van、Vbn、Vcn的额定电压为68V。 5、Acuview2上和HMI上检查交流电相电压是否有测量显示，满足精度要求0.1% | G12: 3、Acuview2上和HMI上检查交流电相电压有测量显示，满足精度要求0.1% 5、Acuview2上和HMI上检查交流电相电压有测量显示，满足精度要求0.1% | H12: LV3 | I12: 是
B13: 线-地电压(相电压)验证 | C13: Fault_AcuRev4100_002_01_case7 | D13: 交流电Van、Vbn、Vcn输入启动电压分别均为10.2V、20V,电表有测量值,测量Van、Vbn、Vcn、Vlnavg没有精度要求 | E13: 1、Acuview2上位机 2、网线/RTU串口线 3、AcuRev4100电表 | F13: 1、连接AcuRev4100电表到Acuview2上，链接状态为connected 2、交流电源输入相电压Van、Vbn、Vcn的额定电压为10.2V。 3、Acuview2上和HMI上检查交流电相电压是否有测量显示，精度没有要求 4、交流电源输入相电压Van、Vbn、Vcn的额定电压为20V。 5、Acuview2上和HMI上检查交流电相电压是否有测量显示，精度没有要求 | G13: 3、Acuview2上和HMI上检查交流电相电压有测量显示，没有精度要求 5、Acuview2上和HMI上检查交流电相电压有测量显示，没有精度要求 | H13: LV3 | I13: 是
B14: 线-地电压(相电压)验证 | C14: Fault_AcuRev4100_002_01_case8 | D14: 交流电Van、Vbn、Vcn输入电压分别均为1V，9V,电表Van、Vbn、Vcn、Vlnavg无测量值 | E14: 1、Acuview2上位机 2、网线/RTU串口线 3、AcuRev4100电表 | F14: 1、连接AcuRev4100电表到Acuview2上，链接状态为connected 2、交流电源输入相电压Van、Vbn、Vcn的额定电压为1V。 3、Acuview2上和HMI上检查交流电相电压是否为0V 4、交流电源输入相电压Van、Vbn、Vcn的额定电压为9V。 5、Acuview2上和HMI上检查交流电相电压是否为0V，不考虑精度 | G14: 3、Acuview2上和HMI上检查交流电相电压为0V 5、Acuview2上和HMI上检查交流电相电压为0V | H14: LV4
B15: 线-地电压(相电压)验证 | C15: Fault_AcuRev4100_002_01_case8_1 | D15: 交流电Van、Vbn、Vcn输入电压分别均为0V,电表Van、Vbn、Vcn、Vlnavg测量值为0V | E15: 1、Acuview2上位机 2、网线/RTU串口线 3、AcuRev4100电表 | F15: 1、连接AcuRev4100电表到Acuview2上，链接状态为connected 2、交流电源输入相电压Van、Vbn、Vcn的额定电压为0V。 3、Acuview2上和HMI上检查交流电相电压是否为0V | G15: 3、Acuview2上和HMI上检查交流电相电压为0V | H15: LV4 | I15: 是
B16: 线-地电压(相电压)验证 | C16: Function_AcuRev4100_002_01_case9 | D16: 交流电Van、Vbn、Vcn输入额定电压为(69V,120V,230V),测量Van、Vbn、Vcn、Vlnavg满足精度要求0.1% | E16: 1、Acuview2上位机 2、网线/RTU串口线 3、AcuRev4100电表 | F16: 1、连接AcuRev4100电表到Acuview2上，链接状态为connected 2、交流电源输入相电压Van、Vbn、Vcn的额定电压分别为(69V,120V,230V)。 3、Acuview2上和HMI上检查交流电相电压是否均在精度范围内，Van范围(V):68.931 ~ 69.069，Vbn范围(V):119.88 ~ 120.12，Vcn范围(V):229.77 ~ 230.23，Vlnavg范围(V):139.527 ~ 139.8063333 | G16: 3、Acuview2上和HMI上检查交流电相电压均在精度范围内，Van范围(V):68.931 ~ 69.069，Vbn范围(V):119.88 ~ 120.12，Vcn范围(V):229.77 ~ 230.23，Vlnavg范围(V):139.527 ~ 139.8063333 | H16: LV2 | I16: 是
B17: 线-地电压(相电压)验证 | C17: Function_AcuRev4100_002_01_case10 | D17: 交流电Van、Vbn、Vcn输入额定电压为(347V,100V,220V),测量Van、Vbn、Vcn、Vlnavg满足精度要求0.1% | E17: 1、Acuview2上位机 2、网线/RTU串口线 3、AcuRev4100电表 | F17: 1、连接AcuRev4100电表到Acuview2上，链接状态为connected 2、交流电源输入相电压Van、Vbn、Vcn的额定电压分别为(347V,100V,220V)。 3、Acuview2上和HMI上检查交流电相电压是否均在精度范围内，Van范围(V):346.653 ~ 347.347，Vbn范围(V):99.9 ~ 100.1，Vcn范围(V):219.78 ~ 220.22，Vlnavg范围(V):222.111 ~ 222.5556667 | G17: 3、Acuview2上和HMI上检查交流电相电压均在精度范围内,Van范围(V):346.653 ~ 347.347，Vbn范围(V):99.9 ~ 100.1，Vcn范围(V):219.78 ~ 220.22，Vlnavg范围(V):222.111 ~ 222.5556667 | H17: LV2 | I17: 是
B18: 线-地电压(相电压)验证 | C18: Function_AcuRev4100_002_01_case11 | D18: 交流电Van、Vbn、Vcn输入额定电压为(220V,380V,440V),测量Van、Vbn、Vcn、Vlnavg满足精度要求0.1% | E18: 1、Acuview2上位机 2、网线/RTU串口线 3、AcuRev4100电表 | F18: 1、连接AcuRev4100电表到Acuview2上，链接状态为connected 2、交流电源输入相电压Van、Vbn、Vcn的额定电压分别为(220V,380V,440V)。 3、Acuview2上和HMI上检查交流电相电压是否均在精度范围内，Van范围(V): 219.78 ~ 220.22，Vbn范围(V): 379.62 ~ 380.38，Vcn范围(V): 399.6 ~ 400.4，Vlnavg范围(V): 333 ~ 333.6666667 | G18: 3、Acuview2上和HMI上检查交流电相电压均在精度范围内，Van范围(V): 219.78 ~ 220.22，Vbn范围(V): 379.62 ~ 380.38，Vcn范围(V): 439.5600 ~ 440.4400 ，Vlnavg范围(V): 346.3200 ~ 347.0133 | H18: LV2 | I18: 是
B19: 线-地电压(相电压)验证 | C19: Fault_AcuRev4100_002_01_case11_1 | D19: 交流电Van、Vbn、Vcn输入额定电压为(100V,100V,100V),φA、φB、φC分别为(0°、240°、120°)，断开交流源输入，Van、Vbn、Vcn、Vlnavg测量值全为0V | E19: 1、Acuview2上位机 2、网线/RTU串口线 3、AcuRev4100电表 | F19: 1、连接AcuRev4100电表到Acuview2上，链接状态为connected 2、交流电Van、Vbn、Vcn输入额定电压为(100V,100V,100V),φA、φB、φC分别为(0°、240°、120°) 3、Acuview2上和HMI上检查交流电相电压是否均在精度范围内 4、断开交流源输入 5、立即Acuview2上和HMI上检查交流电相电压Van、Vbn、Vcn、Vlnavg测量值全为0V | G19: 3、Acuview2上和HMI上检查交流电相电压均在精度0.1%范围内 5、立即Acuview2上和HMI上检查交流电相电压Vab，Vac、Vbc、Vllavg测量值全为0V | H19: LV3
B20: 线-地电压(相电压)验证 | C20: Fault_AcuRev4100_002_01_case11_2 | D20: 交流电Van、Vbn、Vcn输入额定电压为(220V,220V,220V),φA、φB、φC分别为(0°、240°、120°)，立即反复降低电压到10%，Van、Vbn、Vcn、Vlnavg测量值满足精度要求 | E20: 1、Acuview2上位机 2、网线/RTU串口线 3、AcuRev4100电表 | F20: 1、连接AcuRev4100电表到Acuview2上，链接状态为connected 2、交流电Van、Vbn、Vcn输入额定电压为(220V,220V,220V),φA、φB、φC分别为(0°、240°、120°) 3、立即降低电压到10%， 等待10s 4、立即升电压到100%， 等待10s 5、Acuview2上和HMI上检查交流电相电压是否均在精度0.1%范围内 | G20: 5、Acuview2上和HMI上检查交流电相电压均在精度0.1%范围内 | H20: LV3
B21: 线-地电压(相电压)验证 | C21: Fault_AcuRev4100_002_01_case11_3 | D21: 交流电Van、Vbn、Vcn输入额定电压为(220V,220V,220V),φA、φB、φC分别为(0°、240°、120°)，立即反复降低电压到50%，Van、Vbn、Vcn、Vlnavg测量值满足精度要求 | E21: 1、Acuview2上位机 2、网线/RTU串口线 3、AcuRev4100电表 | F21: 1、连接AcuRev4100电表到Acuview2上，链接状态为connected 2、交流电Van、Vbn、Vcn输入额定电压为(220V,220V,220V),φA、φB、φC分别为(0°、240°、120°) 3、立即降低电压到50%， 等待10s 4、Acuview2上和HMI上检查交流电相电压是否均在精度0.1%范围内 5、立即升电压到100%， 等待10s 6、Acuview2上和HMI上检查交流电相电压是否均在精度0.1%范围内 | G21: 4、Acuview2上和HMI上检查交流电相电压均在精度0.1%范围内 6、Acuview2上和HMI上检查交流电相电压均在精度0.1%范围内 | H21: LV3
B22: 线-地电压(相电压)验证 | C22: Fault_AcuRev4100_002_01_case11_4 | D22: 交流电Van、Vbn、Vcn输入额定电压为(220V,220V,220V)顺序，且φA、φB、φC分别为(0°、120°、240°)，Van、Vbn、Vcn、Vlnavg测量值满足精度要求0.1% | E22: 1、Acuview2上位机 2、网线/RTU串口线 3、AcuRev4100电表 | F22: 1、连接AcuRev4100电表到Acuview2上，链接状态为connected 2、交流电源输入相电压Van、Vbn、Vcn的额定电压为220V。 3、电表相序设置为ABC，φA、φB、φC分别为(0°、120°、240°) 4、Acuview2上和HMI上检查交流电相电压Van、Vbn、Vcn、Vlnavg测量值是否满足精度要求0.1% | G22: 4、Acuview2上和HMI上检查交流电相电压均在精度范围内，范围(V):219.7800 ~ 220.2200 ， Vlnavg范围(V)：219.7800 ~ 220.2200 | H22: LV2 | I22: 是
B23: 线-地电压(相电压)验证 | C23: Fault_AcuRev4100_002_01_case11_5 | D23: 交流电Van、Vbn、Vcn输入额定电压为(220V,220V,220V),逆序，且φA、φB、φC分别为(0°、120°、240°)，Van、Vbn、Vcn、Vlnavg测量值满足精度要求0.1% | E23: 1、Acuview2上位机 2、网线/RTU串口线 3、AcuRev4100电表 | F23: 1、连接AcuRev4100电表到Acuview2上，链接状态为connected 2、交流电源输入相电压Van、Vbn、Vcn的额定电压为220V。 3、电表相序设置为ACB，φA、φB、φC分别为(0°、120°、240°) 4、Acuview2上和HMI上检查交流电相电压Van、Vbn、Vcn、Vlnavg测量值是否满足精度要求0.1% | G23: 4、Acuview2上和HMI上检查交流电相电压均在精度范围内，范围(V):219.7800 ~ 220.2200 ， Vlnavg范围(V)：219.7800 ~ 220.2200 | H23: LV3 | I23: 是
B24: 线-地电压(相电压)验证 | C24: Fault_AcuRev4100_002_01_case11_6 | D24: 交流电Van、Vbn、Vcn输入额定电压为(120V,120V,120V),逆序，且φA、φB、φC分别为(0°、240°、120°)，Van、Vbn、Vcn、Vlnavg测量值满足精度要求0.1% | E24: 1、Acuview2上位机 2、网线/RTU串口线 3、AcuRev4100电表 | F24: 1、连接AcuRev4100电表到Acuview2上，链接状态为connected 2、交流电源输入相电压Van、Vbn、Vcn的额定电压为120V。 3、电表相序设置为ACB，φA、φB、φC分别为(0°、240°、120°) 4、Acuview2上和HMI上检查交流电相电压Van、Vbn、Vcn、Vlnavg测量值是否满足精度要求0.1% | G24: 4、Acuview2上和HMI上检查交流电相电压均在精度范围内，范围(V):119.8800 ~ 120.1200 ， Vlnavg范围(V)：119.8800 ~ 120.1200 | H24: LV3 | I24: 是
B25: 线-地电压(相电压)验证 | C25: Fault_AcuRev4100_002_01_case11_7 | D25: 交流电Van、Vbn、Vcn输入额定电压为(120V,120V,120V)顺序，且φA、φB、φC分别为(0°、120°、240°)，Van、Vbn、Vcn、Vlnavg测量值满足精度要求0.1% | E25: 1、Acuview2上位机 2、网线/RTU串口线 3、AcuRev4100电表 | F25: 1、连接AcuRev4100电表到Acuview2上，链接状态为connected 2、交流电源输入相电压Van、Vbn、Vcn的额定电压为120V。 3、电表相序设置为ABC，φA、φB、φC分别为(0°、120°、240°) 4、Acuview2上和HMI上检查交流电相电压Van、Vbn、Vcn、Vlnavg测量值是否满足精度要求0.1% | G25: 4、Acuview2上和HMI上检查交流电相电压均在精度范围内，范围(V):119.8800 ~ 120.1200 ， Vlnavg范围(V)：119.8800 ~ 120.1200 | H25: LV2 | I25: 是
B26: 线-地电压(相电压)验证 | C26: Fault_AcuRev4100_002_01_case11_8 | D26: 交流电Van、Vbn、Vcn输入额定电压为(120V,120V,120V)顺序，且φA、φB、φC分别为(0°、130°、250°)，Van、Vbn、Vcn、Vlnavg测量值满足精度要求0.1% | E26: 1、Acuview2上位机 2、网线/RTU串口线 3、AcuRev4100电表 | F26: 1、连接AcuRev4100电表到Acuview2上，链接状态为connected 2、交流电源输入相电压Van、Vbn、Vcn的额定电压为120V。 3、电表相序设置为ABC，φA、φB、φC分别为(0°、130°、250°) 4、Acuview2上和HMI上检查交流电相电压Van、Vbn、Vcn、Vlnavg测量值是否满足精度要求0.1% | G26: 4、Acuview2上和HMI上检查交流电相电压均在精度范围内，范围(V):119.8800 ~ 120.1200 ， Vlnavg范围(V)：119.8800 ~ 120.1200 | H26: LV2 | I26: 是
B27: 线-地电压(相电压)验证 | C27: Fault_AcuRev4100_002_01_case11_9 | D27: 交流电Van、Vbn、Vcn输入额定电压为(120V,120V,120V)顺序，且φA、φB、φC分别为(0°、260°、140°)，Van、Vbn、Vcn、Vlnavg量值满足精度要求0.1% | E27: 1、Acuview2上位机 2、网线/RTU串口线 3、AcuRev4100电表 | F27: 1、连接AcuRev4100电表到Acuview2上，链接状态为connected 2、交流电源输入相电压Van、Vbn、Vcn的额定电压为120V。 3、电表相序设置为ABC，φA、φB、φC分别为(0°、260°、140°) 4、Acuview2上和HMI上检查交流电相电压Van、Vbn、Vcn、Vlnavg测量值是否满足精度要求0.1% | G27: 4、Acuview2上和HMI上检查交流电相电压均在精度范围内，范围(V):119.8800 ~ 120.1200 ， Vlnavg范围(V)：119.8800 ~ 120.1200 | H27: LV2 | I27: 是
B28: 线-地电压(相电压)验证 | C28: Fault_AcuRev4100_002_01_case11_10 | D28: 只加电压,看电压正常精度正常， 电流测量值为0 | E28: 1、Acuview2上位机 2、网线/RTU串口线 3、AcuRev4100电表 4、接线方式3e3p4w y | F28: 1、连接AcuRev4100电表到Acuview2上，链接状态为connected 2、交流电源输入相电压Van、Vbn、Vcn的额定电压为120V。 3、电表相序设置为ABC，φA、φB、φC分别为(0°、240°、120°) 4、电表未接电流。 5、Acuview2上和HMI上检查交流电相电压Van、Vbn、Vcn、Vlnavg测量值是否满足精度要求0.1% 6、ABC三相, 输入通道input1-24、用户user1-12电流是否均为0A | G28: 5、Acuview2上和HMI上检查交流电相电压Van、Vbn、Vcn、Vlnavg测量值满足精度要求0.1% 6、ABC三相, 输入通道input1-24、用户user1-12电流均为0A | H28: LV3
B29: 线-地电压(相电压)验证 | C29: Fault_AcuRev4100_002_01_case11_11 | D29: 电压为0，只加电流, 电流测量值正常，但不计算夹角、功率、能量；电压为10V，电流测量值正常，且计算夹角、功率、能量 | E29: 1、Acuview2上位机 2、网线/RTU串口线 3、AcuRev4100电表 4、接线方式3e3p4w y | F29: 1、连接AcuRev4100电表到Acuview2上，链接状态为connected 2、交流电源输入相电压Van、Vbn、Vcn的额定电压为0V。 3、电表相序设置为ABC，φA、φB、φC分别为(0°、240°、120°) 4、input1-3 设置为3A 5、Acuview2上和HMI上检查交流电相电压Van、Vbn、Vcn、Vlnavg测量值是否为0V。 6、ABC三相, 输入通道input1-3、用户user1电流均为3A 7、交流电源输入相电压Van、Vbn、Vcn的额定电压为10V。 8、电表相序设置为ABC，φA、φB、φC分别为(0°、240°、120°) 9、input1-3 设置为3A 10、ABC三相, 输入通道input1-3、用户user1电流均为3A | G29: 5、Acuview2上和HMI上检查交流电相电压Van、Vbn、Vcn、Vlnavg测量值为0V 6、ABC三相, 输入通道input1-3、用户user1电流均为3A，同时功率、夹角、能量不计算 10、ABC三相, 输入通道input1-3、用户user1电流均为3A，同时计算功率、夹角、能量 | H29: LV3
B30: 线-地电压(相电压)验证 | C30: Fault_AcuRev4100_002_01_case11_12 | D30: 电表接入电压线束，但交流源没有开机的情况下，电表可以测试到电压值为0V | E30: 1、Acuview2上位机 2、网线/RTU串口线 3、AcuRev4100电表 4、接线方式3e3p4w y | F30: 1、电表接入电压线束，但交流源没有开机的情况下， 2、检查电表可以测试到电压值是否为0V | G30: 2、检查电表可以测试到电压值为0V | H30: LV3
B31: 线-线电压(线电压)验证 | C31: Function_AcuRev4100_002_02_case1 | D31: 交流电Van、Vbn、Vcn均输入电压69V和120V, 测量Vab，Vac、Vbc、Vllavg精度均满足要求0.1% | E31: 1、Acuview2上位机 2、网线/RTU串口线 3、AcuRev4100电表 | F31: 1、连接AcuRev4100电表到Acuview2上，链接状态为connected 2、交流电源输入相电压Van、Vbn、Vcn的额定电压为69V。 3、Acuview2上和HMI上检查交流电相电压是否均在精度范围内，范围(V):119.388492 ~ 119.627508， Vllavg范围(V)：119.388492 ~ 119.627508 4、交流电源输入相电压Van、Vbn、Vcn的额定电压为120V。 5、Acuview2上和HMI上检查交流电相电压是否均在精度范围内，范围(V):207.63216 ~ 208.04784， Vllavg范围(V)：207.63216 ~ 208.04784 | G31: 3、Acuview2上和HMI上检查交流电相电压均在精度范围内，范围(V):119.388492 ~ 119.627508， Vllavg范围(V)：119.388492 ~ 119.627508 5、Acuview2上和HMI上检查交流电相电压均在精度范围内，范围(V):207.63216 ~ 208.04784， Vllavg范围(V)：207.63216 ~ 208.04784 | H31: LV1 | I31: 是
B32: 线-线电压(线电压)验证 | C32: Function_AcuRev4100_002_02_case2 | D32: 交流电Van、Vbn、Vcn均输入电压230V和347V,测量Vab，Vac、Vbc、Vllavg精度均满足要求0.1% | E32: 1、Acuview2上位机 2、网线/RTU串口线 3、AcuRev4100电表 | F32: 1、连接AcuRev4100电表到Acuview2上，链接状态为connected 2、交流电源输入相电压Van、Vbn、Vcn的额定电压为230V。 3、Acuview2上和HMI上检查交流电相电压是否均在精度范围内，范围(V):397.96164 ~ 398.75836， Vllavg范围(V)：397.96164 ~ 398.75836 4、交流电源输入相电压Van、Vbn、Vcn的额定电压为。 5、Acuview2上和HMI上检查交流电相电压是否均在精度范围内347，范围(V):600.402996 ~ 601.605004， Vllavg范围(V)：600.402996 ~ 601.605004 | G32: 3、Acuview2上和HMI上检查交流电相电压均在精度范围内，范围(V):397.96164 ~ 398.75836， Vllavg范围(V)：397.96164 ~ 398.75836 5、Acuview2上和HMI上检查交流电相电压均在精度范围内347，范围(V):600.402996 ~ 601.605004， Vllavg范围(V)：600.402996 ~ 601.605004 | H32: LV1 | I32: 是
B33: 线-线电压(线电压)验证 | C33: Function_AcuRev4100_002_02_case3 | D33: 交流电Van、Vbn、Vcn均输入电压220V和380V,测量Vab，Vac、Vbc、Vllavg精度均满足要求0.1% | E33: 1、Acuview2上位机 2、网线/RTU串口线 3、AcuRev4100电表 | F33: 1、连接AcuRev4100电表到Acuview2上，链接状态为connected 2、交流电源输入相电压Van、Vbn、Vcn的额定电压为220V。 3、Acuview2上和HMI上检查交流电相电压是否均在精度范围内，范围(V):380.65896 ~ 381.42104， Vllavg范围(V)：380.65896 ~ 381.42104 4、交流电源输入相电压Van、Vbn、Vcn的额定电压为380V。 5、Acuview2上和HMI上检查交流电相电压是否均在精度范围内，范围(V):657.50184 ~ 658.81816， Vllavg范围(V)：657.50184 ~ 658.81816 | G33: 3、Acuview2上和HMI上检查交流电相电压均在精度范围内，范围(V):380.65896 ~ 381.42104， Vllavg范围(V)：380.65896 ~ 381.42104 5、Acuview2上和HMI上检查交流电相电压均在精度范围内，范围(V):657.50184 ~ 658.81816， Vllavg范围(V)：657.50184 ~ 658.81816 | H33: LV0 | I33: 是
B34: 线-线电压(线电压)验证 | C34: Function_AcuRev4100_002_02_case4 | D34: 交流电Van、Vbn、Vcn均输入电压100V和200V,测量Vab，Vac、Vbc、Vllavg精度均满足要求0.1% | E34: 1、Acuview2上位机 2、网线/RTU串口线 3、AcuRev4100电表 | F34: 1、连接AcuRev4100电表到Acuview2上，链接状态为connected 2、交流电源输入相电压Van、Vbn、Vcn的额定电压为100V。 3、Acuview2上和HMI上检查交流电相电压是否均在精度范围内，范围(V):173.0268 ~ 173.3732， Vllavg范围(V)：173.0268 ~ 173.3732 4、交流电源输入相电压Van、Vbn、Vcn的额定电压为200V。 5、Acuview2上和HMI上检查交流电相电压是否均在精度范围内，范围(V):346.0536 ~ 346.7464， Vllavg范围(V)：346.0536 ~ 346.7464 | G34: 3、Acuview2上和HMI上检查交流电相电压均在精度范围内，范围(V):173.0268 ~ 173.3732， Vllavg范围(V)：173.0268 ~ 173.3732 5、Acuview2上和HMI上检查交流电相电压均在精度范围内，范围(V):346.0536 ~ 346.7464， Vllavg范围(V)：346.0536 ~ 346.7464 | H34: LV2 | I34: 是
B35: 线-线电压(线电压)验证 | C35: Function_AcuRev4100_002_02_case5 | D35: 交流电Van、Vbn、Vcn均输入电压300V和440V,测量Vab，Vac、Vbc、Vllavg精度均满足要求0.1% | E35: 1、Acuview2上位机 2、网线/RTU串口线 3、AcuRev4100电表 | F35: 1、连接AcuRev4100电表到Acuview2上，链接状态为connected 2、交流电源输入相电压Van、Vbn、Vcn的额定电压为300V。 3、Acuview2上和HMI上检查交流电相电压是否均在精度范围内，范围(V):519.0804 ~ 520.1196， Vllavg范围(V)：519.0804 ~ 520.1196 4、交流电源输入相电压Van、Vbn、Vcn的额定电压为440V。 5、Acuview2上和HMI上检查交流电相电压是否均在精度范围内，范围(V):692.1072 ~ 693.4928， Vllavg范围(V)：692.1072 ~ 693.4928 | G35: 3、Acuview2上和HMI上检查交流电相电压均在精度范围内，范围(V):519.0804 ~ 520.1196， Vllavg范围(V)：519.0804 ~ 520.1196 5、Acuview2上和HMI上检查交流电相电压均在精度范围内，范围(V):762.1024 761.3403 ~ 762.8645 ， Vllavg范围(V)：762.1024 761.3403 ~ 762.8645 | H35: LV2 | I35: 是
B36: 线-线电压(线电压)验证 | C36: Fault_AcuRev4100_002_02_case6 | D36: 交流电Van、Vbn、Vcn均输入电压40V和68V, 测量Vab，Vac、Vbc、Vllavg满足精度要求0.1% | E36: 1、Acuview2上位机 2、网线/RTU串口线 3、AcuRev4100电表 | F36: 1、连接AcuRev4100电表到Acuview2上，链接状态为connected 2、交流电源输入相电压Van、Vbn、Vcn的额定电压为40V。 3、Acuview2上和HMI上检查交流电线电压是否有测量显示，满足精度要求0.1% 4、交流电源输入相电压Van、Vbn、Vcn的额定电压为68V。 5、Acuview2上和HMI上检查交流电线电压是否有测量显示,满足精度要求0.1% | G36: 3、Acuview2上和HMI上检查交流电线电压有测量显示，满足精度要求0.1% 5、Acuview2上和HMI上检查交流电线电压有测量显示，满足精度要求0.1% | H36: LV3 | I36: 是
B37: 线-线电压(线电压)验证 | C37: Fault_AcuRev4100_002_02_case7 | D37: 交流电Van、Vbn、Vcn均输入启动电压10.2V、20V,电表有测量值，测量Vab，Vac、Vbc、Vllavg精度没有要求 | E37: 1、Acuview2上位机 2、网线/RTU串口线 3、AcuRev4100电表 | F37: 1、连接AcuRev4100电表到Acuview2上，链接状态为connected 2、交流电源输入相电压Van、Vbn、Vcn的额定电压为10.2V。 3、Acuview2上和HMI上检查交流电线电压是否有测量显示， 精度没有要求 4、交流电源输入相电压Van、Vbn、Vcn的额定电压为20V。 5、Acuview2上和HMI上检查交流电线电压是否有测量显示, 精度没有要求 | G37: 3、Acuview2上和HMI上检查交流电线电压有测量显示，精度没有要求 5、Acuview2上和HMI上检查交流电线电压有测量显示，精度没有要求 | H37: LV3 | I37: 是
B38: 线-线电压(线电压)验证 | C38: Fault_AcuRev4100_002_02_case8 | D38: 交流电Van、Vbn、Vcn均输入电压1V，9V,电表Vab，Vac、Vbc、Vllavg无测量值 | E38: 1、Acuview2上位机 2、网线/RTU串口线 3、AcuRev4100电表 | F38: 1、连接AcuRev4100电表到Acuview2上，链接状态为connected 2、交流电源输入相电压Van、Vbn、Vcn的额定电压为1V。 3、Acuview2上和HMI上检查交流电线电压是否为0V 4、交流电源输入相电压Van、Vbn、Vcn的额定电压为9V。 5、Acuview2上和HMI上检查交流电线电压是否为0V | G38: 3、Acuview2上和HMI上检查交流电线电压为0V 5、Acuview2上和HMI上检查交流电线电压为0V | H38: LV3 | I38: 是
B39: 线-线电压(线电压)验证 | C39: Fault_AcuRev4100_002_02_case8_1 | D39: 交流电Van、Vbn、Vcn均输入电压0V,电表Vab，Vac、Vbc、Vllavg测量值为0V | E39: 1、Acuview2上位机 2、网线/RTU串口线 3、AcuRev4100电表 | F39: 1、连接AcuRev4100电表到Acuview2上，链接状态为connected 2、交流电源输入相电压Van、Vbn、Vcn的额定电压为0V。 3、Acuview2上和HMI上检查交流电线电压是否为0V | G39: 3、Acuview2上和HMI上检查交流电线电压为0V | H39: LV1 | I39: 是
B40: 线-线电压(线电压)验证 | C40: Function_AcuRev4100_002_02_case9 | D40: 交流电Van、Vbn、Vcn输入额定电压为(69V,120V,230V), θA、θB、θC分别为(0°、60°、120°)测量Vab，Vac、Vbc、Vllavg满足精度要求0.1% | E40: 1、Acuview2上位机 2、网线/RTU串口线 3、AcuRev4100电表 | F40: 1、连接AcuRev4100电表到Acuview2上，链接状态为connected 2、交流电源输入相电压Van、Vbn、Vcn的电压为(69V,120V,230V), θA、θB、θC分别为(0°、60°、120°)。 3、Acuview2上和HMI上检查交流电相电压是否均在精度范围内， | G40: 3、Acuview2上和HMI上检查交流电相电压均在精度范围内 备注: 也可以使用excel公式计算任意角度和电压的线电压。 | H40: LV2
B41: 线-线电压(线电压)验证 | C41: Function_AcuRev4100_002_02_case10 | D41: 交流电Van、Vbn、Vcn输入额定电压为(347V,100V,220V),θA、θB、θC分别为(0°、45°、180°)测量Vab，Vac、Vbc、Vllavg满足精度要求0.1% | E41: 1、Acuview2上位机 2、网线/RTU串口线 3、AcuRev4100电表 | F41: 1、连接AcuRev4100电表到Acuview2上，链接状态为connected 2、交流电源输入相电压Van、Vbn、Vcn的电压为(347V,100V,220V), θA、θB、θC分别为(0°、45°、180°)。 3、Acuview2上和HMI上检查交流电相电压是否均在精度范围内， | G41: 3、Acuview2上和HMI上检查交流电相电压均在精度范围内 备注: 也可以使用excel公式计算任意角度和电压的线电压。 | H41: LV2
B42: 线-线电压(线电压)验证 | C42: Function_AcuRev4100_002_02_case11 | D42: 交流电Van、Vbn、Vcn输入额定电压为(220V,380V,440V),θA、θB、θC分别为(0°、50°、300°)测量Vab，Vac、Vbc、Vllavg满足精度要求0.1% | E42: 1、Acuview2上位机 2、网线/RTU串口线 3、AcuRev4100电表 | F42: 1、连接AcuRev4100电表到Acuview2上，链接状态为connected 2、交流电源输入相电压Van、Vbn、Vcn的电压为(220V,380V,440V),θA、θB、θC分别为(0°、50°、300°)。 3、Acuview2上和HMI上检查交流电相电压是否均在精度范围内， | G42: 3、Acuview2上和HMI上检查交流电相电压均在精度范围内 备注: 也可以使用excel公式计算任意角度和电压的线电压。 | H42: LV2
B43: 线-线电压(线电压)验证 | C43: Fault_AcuRev4100_002_02_case11_1 | D43: 交流电Van、Vbn、Vcn输入额定电压为(0V,0V,0V),φA、φB、φC分别为(0°、240°、120°)测量Vab，Vac、Vbc、Vllavg测量值全为0V | E43: 1、Acuview2上位机 2、网线/RTU串口线 3、AcuRev4100电表 | F43: 1、连接AcuRev4100电表到Acuview2上，链接状态为connected 2、交流电源输入相电压Van、Vbn、Vcn的电压为(0V,0V,0V),θA、θB、θC分别为(0°、240°、120°)。 3、Acuview2上和HMI上检查交流电相电压是否均在精度范围内， | G43: 3、Acuview2上和HMI上检查交流电相电压均在精度范围内 Vab:0 Vac:0 Vbc:0 Vllavg：0 | H43: LV3 | I43: 是
B44: 线-线电压(线电压)验证 | C44: Fault_AcuRev4100_002_02_case11_2 | D44: 交流电Van、Vbn、Vcn输入额定电压为(120V,120V,120V),逆序，且φA、φB、φC分别为(0°、240°、120°)，Vab、Vac、Vbc、Vllavg测量值满足精度要求0.1% | E44: 1、Acuview2上位机 2、网线/RTU串口线 3、AcuRev4100电表 | F44: 1、连接AcuRev4100电表到Acuview2上，链接状态为connected 2、交流电源输入相电压Van、Vbn、Vcn的额定电压为120V。 3、电表相序设置为ACB，φA、φB、φC分别为(0°、240°、120°) 4、Acuview2上和HMI上检查交流电相电压Vab、Vac、Vbc、Vllavg测量值是否满足精度要求0.1% | G44: 4、Acuview2上和HMI上检查交流电相电压均在精度范围内，范围(V):207.6383 ~ 208.0539， Vlnavg范围(V)：207.6383 ~ 208.0539 | H44: LV2 | I44: 是
B45: 线-线电压(线电压)验证 | C45: Fault_AcuRev4100_002_02_case11_3 | D45: 交流电Van、Vbn、Vcn输入额定电压为(120V,120V,120V),逆序，且φA、φB、φC分别为(0°、260°、140°)，Vab、Vac、Vbc、Vllavg测量值满足精度要求0.1% | E45: 1、Acuview2上位机 2、网线/RTU串口线 3、AcuRev4100电表 | F45: 1、连接AcuRev4100电表到Acuview2上，链接状态为connected 2、交流电源输入相电压Van、Vbn、Vcn的额定电压为120V。 3、电表相序设置为ACB，φA、φB、φC分别为(0°、260°、140°) 4、Acuview2上和HMI上检查交流电相电压Vab、Vac、Vbc、Vllavg测量值是否满足精度要求0.1% | G45: 4、Acuview2上和HMI上检查交流电相电压均在精度范围内，详细如下: Vab：183.8507 183.6668 ~ 184.0345 Vcb：207.8461 207.6383 ~ 208.0539 Vca：225.5262 225.3007 ~ 225.7518 Vlnavg：205.7410 205.5353 ~ 205.9467 | H45: LV2 | I45: 是
B46: 线-线电压(线电压)验证 | C46: Fault_AcuRev4100_002_02_case11_4 | D46: 交流电Van、Vbn、Vcn输入额定电压为(220V,220V,220V),顺序，且φA、φB、φC分别为(0°、260°、140°)，Vab、Vac、Vbc、Vllavg测量值满足精度要求0.1% | E46: 1、Acuview2上位机 2、网线/RTU串口线 3、AcuRev4100电表 | F46: 1、连接AcuRev4100电表到Acuview2上，链接状态为connected 2、交流电源输入相电压Van、Vbn、Vcn的额定电压为120V。 3、电表相序设置为ABC，φA、φB、φC分别为(0°、260°、140°) 4、Acuview2上和HMI上检查交流电相电压Vab、Vac、Vbc、Vllavg测量值是否满足精度要求0.1% | G46: 4、Acuview2上和HMI上检查交流电相电压均在精度范围内，详细如下: Vab：183.8507 183.6668 ~ 184.0345 Vcb：207.8461 207.6383 ~ 208.0539 Vca：225.5262 225.3007 ~ 225.7518 Vlnavg：205.7410 205.5353 ~ 205.9467 | H46: LV2 | I46: 是
A47: 交流电流 | B47: 相电流测量验证 | C47: Function_AcuRev4100_003_01_case1 | D47: CT选型5A/333mV，3E4WY，输入三路电流分别为(5A、5A，5A)，在上位机上分别配置为对应A相、B相、C相，测量Ia,Ib,Ic,Iavg满足精度0.1% | E47: 1、Acuview2上位机 2、网线/RTU串口线 3、AcuRev4100电表 | F47: 1、连接AcuRev4100电表到Acuview2上，链接状态为connected 2、输入三路电流分别为(5A、5A，5A)，在上位机上分别配置为对应A相、B相、C相 3、Acuview2上和HMI上检查交流电相电流是否均在精度0.1%范围内 | G47: 3、Acuview2上和HMI上检查交流电相电流均在精度范围内 Ia： 4.995 ~ 5.005 Ib: 4.995 ~ 5.005 Ic: 4.995 ~ 5.005 Iavg: 4.995 ~ 5.005 | H47: LV0 | I47: 是
B48: 相电流测量验证 | C48: Function_AcuRev4100_003_01_case2 | D48: CT选型5A/333mV，输入三路电流分别为(3.5A、4.5A，4.9A),在上位机上分别配置为对应A相、B相、C相，测量Ia,Ib,Ic,Iavg满足精度0.1% | E48: 1、Acuview2上位机 2、网线/RTU串口线 3、AcuRev4100电表 | F48: 1、连接AcuRev4100电表到Acuview2上，链接状态为connected 2、输入三路电流分别为(3.5A、4.5A，4.9A),在上位机上分别配置为对应A相、B相、C相。 3、Acuview2上和HMI上检查交流电相电流是否均在精度0.1%范围内 | G48: 3、Acuview2上和HMI上检查交流电相电流均在精度范围内 Ia： 3.4965 ~ 3.5035 Ib: 4.4955 ~ 4.5045 Ic: 4.8951 ~ 4.9049 Iavg: 4.2957 ~ 4.3043 | H48: LV1 | I48: 是
B49: 相电流测量验证 | C49: Function_AcuRev4100_003_01_case3 | D49: CT选型5A/333mV，输入三路电流分别为3A、3A，3A,在上位机上分别配置为对应A相、B相、C相，测量Ia,Ib,Ic,Iavg满足精度0.1% | E49: 1、Acuview2上位机 2、网线/RTU串口线 3、AcuRev4100电表 | F49: 1、连接AcuRev4100电表到Acuview2上，链接状态为connected 2、输入三路电流分别为3A、3A，3A,在上位机上分别配置为对应A相、B相、C相。 3、Acuview2上和HMI上检查交流电相电流是否均在精度0.1%范围内 | G49: 3、Acuview2上和HMI上检查交流电相电流均在精度范围内 Ia： 2.997 ~ 3.003 Ib: 2.997 ~ 3.003 Ic: 2.997 ~ 3.003 | H49: LV1 | I49: 是
B50: 相电流测量验证 | C50: Function_AcuRev4100_003_01_case4 | D50: CT选型5A/333mV，输入三路电流分别为5A、5A，5A,在上位机上分别配置为对应A相、B相、C相，测量Ia,Ib,Ic,Iavg满足精度0.1% | E50: 1、Acuview2上位机 2、网线/RTU串口线 3、AcuRev4100电表 | F50: 1、连接AcuRev4100电表到Acuview2上，链接状态为connected 2、输入三路电流分别为5A、5A，5A,在上位机上分别配置为对应A相、B相、C相。 3、Acuview2上和HMI上检查交流电相电流是否均在精度0.1%范围内 | G50: 3、Acuview2上和HMI上检查交流电相电流均在精度范围内 Ia： 4.995 ~ 5.005 Ib: 4.995 ~ 5.005 Ic: 4.995 ~ 5.005 Iavg: 4.995 ~ 5.005 | H50: LV2 | I50: 是
B51: 相电流测量验证 | C51: Function_AcuRev4100_003_01_case5 | D51: CT选型5A/333mV，输入一路电流分别为(3A)，在上位机均配置为对应A相，测量Ia,Ib,Ic,Iavg满足精度0.1% | E51: 1、Acuview2上位机 2、网线/RTU串口线 3、AcuRev4100电表 | F51: 1、连接AcuRev4100电表到Acuview2上，链接状态为connected 2、输入一路电流分别为(3A)，在上位机均配置为对应A相 3、Acuview2上和HMI上检查交流电相电流是否均在精度0.1%范围内 | G51: 3、Acuview2上和HMI上检查交流电相电流均在精度范围内 Ia： 2.997 ~ 3.003 Ib: 0 ~ 0 Ic: 0 ~ 0 Iavg: 0.999 ~ 1.001 | H51: LV1 | I51: 是
B52: 相电流测量验证 | C52: Function_AcuRev4100_003_01_case6 | D52: CT选型5A/333mV，输入两路电流分别为(4A、5A),在上位机均配置为对应B相和C相，测量Ia,Ib,Ic,Iavg满足精度0.1% | E52: 1、Acuview2上位机 2、网线/RTU串口线 3、AcuRev4100电表 | F52: 1、连接AcuRev4100电表到Acuview2上，链接状态为connected 2、输入两路电流分别为(4A、5A),在上位机均配置为对应B相和C相。 3、Acuview2上和HMI上检查交流电相电流是否均在精度0.1%范围内 | G52: 3、Acuview2上和HMI上检查交流电相电流均在精度范围内 Ia： 0 ~ 0 Ib: 3.996 ~ 4.004 Ic: 4.995 ~ 5.005 Iavg: 2.997 ~ 3.003 | H52: LV2 | I52: 是
B53: 相电流测量验证 | C53: Function_AcuRev4100_003_01_case7 | D53: CT选型5A/333mV，输入三路电流范围外(2.5A、2A，1A)，在上位机上分别配置为对应A相、B相、C相，测量Ia,Ib,Ic,Iavg满足精度0.1% | E53: 1、Acuview2上位机 2、网线/RTU串口线 3、AcuRev4100电表 | F53: 1、连接AcuRev4100电表到Acuview2上，链接状态为connected 2、输入三路电流范围外(2.5A、2A，1A)，在上位机上分别配置为对应A相、B相、C相 3、Acuview2上和HMI上检查交流电相电流是否均在精度0.1%范围内 | G53: 3、Acuview2上和HMI上检查交流电相电流均在精度范围内 Ia： 2.4975 ~ 2.5025 Ib: 1.998 ~ 2.002 Ic: 0.999 ~ 1.001 Iavg: 1.8315 ~ 1.835166667 | H53: LV1 | I53: 是
B54: 相电流测量验证 | C54: Function_AcuRev4100_003_01_case8 | D54: CT选型5A/333mV，输入三路电流(0.3A、0.2A、0.1A)，在上位机上分别配置为对应A相、B相、C相，测量Ia,Ib,Ic,Iavg满足精度0.1% | E54: 1、Acuview2上位机 2、网线/RTU串口线 3、AcuRev4100电表 | F54: 1、连接AcuRev4100电表到Acuview2上，链接状态为connected 2、输入三路电流(0.3A、0.2A、0.1A)，在上位机上分别配置为对应A相、B相、C相。 3、Acuview2上和HMI上检查交流电相电流是否均在精度0.1%范围内 | G54: 3、Acuview2上和HMI上检查交流电相电流均在精度0.1%范围内 Ia： 0.2997 ~ 0.3003 Ib: 0.1998 ~ 0.2002 Ic: 0.0999 ~ 0.1001 Iavg: 0.1998 ~ 0.2002 | H54: LV2 | I54: 是
B55: 相电流测量验证 | C55: Fault_AcuRev4100_003_01_case9 | D55: CT选型5A/333mV，输入三路电流(0.005A、0.03A、0.00375A)，在上位机上分别配置为对应A相、B相、C相，测量Ia,Ib,Ic,Iavg有显示值，无精度要求 | E55: 1、Acuview2上位机 2、网线/RTU串口线 3、AcuRev4100电表 | F55: 1、连接AcuRev4100电表到Acuview2上，链接状态为connected 2、输入三路电流(0.005A、0.03A、0.00375A)，在上位机上分别配置为对应A相、B相、C相。 3、Acuview2上和HMI上检查交流电相电流是否均在精度0.1%范围内 | G55: 3、Acuview2上和HMI上检查交流电相电流有测量数据，无精度要求。 | H55: LV2 | I55: 是
B56: 相电流测量验证 | C56: Fault_AcuRev4100_003_01_case9_1 | D56: CT选型5A/333mV，输入三路电流(0.003A、0.00370A、0.00373A)，在上位机上分别配置为对应A相、B相、C相，测量Ia,Ib,Ic,Iavg測量值为0 | E56: 1、Acuview2上位机 2、网线/RTU串口线 3、AcuRev4100电表 | F56: 1、连接AcuRev4100电表到Acuview2上，链接状态为connected 2、输入三路电流(0.003A、0.00370A、0.00373A)，在上位机上分别配置为对应A相、B相、C相。 3、Acuview上检查交流电相电流是否均均为0A | G56: 3、Acuview2上和HMI上检查交流电相电流均不为0A，不要求精度 | H56: LV3 | I56: 是
B57: 相电流测量验证 | C57: Fault_AcuRev4100_003_01_case9_2 | D57: CT选型5A/333mV，输入三路电流(0A、0A、0A)，在上位机上分别配置为对应A相、B相、C相，测量Ia,Ib,Ic,Iavg測量值为0 | E57: 1、Acuview2上位机 2、网线/RTU串口线 3、AcuRev4100电表 | F57: 1、连接AcuRev4100电表到Acuview2上，链接状态为connected 2、输入三路电流(0A、0A、0A)，在上位机上分别配置为对应A相、B相、C相。 3、Acuview2上和HMI上检查交流电相电流是否均均为0A | G57: 3、Acuview2上和HMI上检查交流电相电流均均为0A | H57: LV3 | I57: 是
B58: 相电流测量验证 | C58: Function_AcuRev4100_003_01_case9_3 | D58: CT选型5A/333mV，输入三路电流(0.05A、0.2A、0.25A)，在上位机上分别配置为对应A相、B相、C相，测量Ia,Ib,Ic,Iavg满足精度0.1% | E58: 1、Acuview2上位机 2、网线/RTU串口线 3、AcuRev4100电表 | F58: 1、连接AcuRev4100电表到Acuview2上，链接状态为connected 2、输入三路电流(0.05A、0.2A、0.25A)，在上位机上分别配置为对应A相、B相、C相。 3、Acuview2上和HMI上检查交流电相电流是否均在精度0.1%范围内 | G58: 3、Acuview2上和HMI上检查交流电相电流均在精度0.1%范围内 Ia： 0.01499 ~ 0.01502 Ib: 0.01499 ~ 0.01502 Ic: 0.01499 ~ 0.01502 Iavg: 0.01499 ~ 0.01502 | H58: LV2 | I58: 是
B59: 相电流测量验证 | C59: Function_AcuRev4100_003_01_case9_4 | D59: CT选型5A/333mV，输入三路电流分别为(3A、4A，5A)，顺序ABC，相角设置为(0°、240°、120°)，在上位机上分别配置为对应A相、B相、C相，测量Ia,Ib,Ic,Iavg满足精度0.1% | E59: 1、Acuview2上位机 2、网线/RTU串口线 3、AcuRev4100电表 | F59: 1、连接AcuRev4100电表到Acuview2上，链接状态为connected 2、输入三路电流分别为(3A、4A，5A)，在上位机上分别配置为对应A相、B相、C相 3、电表上设置为顺序ABC， 相角设置为(0°、240°、120°) 4、Acuview2上和HMI上检查交流电相电流是否均在精度0.1%范围内 | G59: 4、Acuview2上和HMI上检查交流电相电流均在精度范围内 Ia： 2.997 ~ 3.003 Ib: 3.996 ~ 4.004 Ic: 4.995 ~ 5.005 Iavg: 3.996 ~ 4.004 | H59: LV2 | I59: 是
... B61: 相电流测量验证 | C61: Function_AcuRev4100_003_01_case9_6 | D61: CT选型5A/333mV，输入三路电流分别为(1A、2A，3A)，顺序ABC，相角设置为(0°、260°、140°)，在上位机上分别配置为对应A相、B相、C相，测量Ia,Ib,Ic,Iavg满足精度0.1% | E61: 1、Acuview2上位机 2、网线/RTU串口线 3、AcuRev4100电表 | F61: 1、连接AcuRev4100电表到Acuview2上，链接状态为connected 2、输入三路电流分别为(1A、2A，3A)，在上位机上分别配置为对应A相、B相、C相 3、电表上设置为顺序ABC，相角设置为(0°、260°、140°) 4、Acuview2上和HMI上检查交流电相电流是否均在精度0.1%范围内 | G61: 4、Acuview2上和HMI上检查交流电相电流均在精度范围内 Ia： 0.9990 ~ 1.0010 Ib: 1.9980 ~ 2.0020 Ic: 2.9970 ~ 3.0030 Iavg: 1.9980 ~ 2.0020 | H61: LV3 | I61: 是
B62: 相电流测量验证 | C62: Function_AcuRev4100_003_01_case9_7 | D62: CT选型5A/333mV，输入三路电流分别为(3A、4A，5A)，顺序ABC，相角设置为(0°、240°、120°)，电表设置电流为Negative，在上位机上分别配置为对应A相、B相、C相，测量Ia,Ib,Ic,Iavg满足精度0.1% | E62: 1、Acuview2上位机 2、网线/RTU串口线 3、AcuRev4100电表 | F62: 1、连接AcuRev4100电表到Acuview2上，链接状态为connected 2、输入三路电流分别为(3A、4A，5A)，在上位机上分别配置为对应A相、B相、C相 3、电表上设置为顺序ABC， 相角设置为(0°、240°、120°) 4、电表设置电流方向为Positive 5、Acuview2上和HMI上检查交流电相电流是否均在精度0.1%范围内 6、电表设置电流方向为Negative 7、Acuview2上和HMI上检查交流电相电流是否均在精度0.1%范围内 | G62: 5、Acuview2上和HMI上检查交流电相电流均在精度范围内 Ia： 2.997 ~ 3.003 Ib: 3.996 ~ 4.004 Ic: 4.995 ~ 5.005 Iavg: 3.996 ~ 4.004 6、Acuview2上和HMI上检查交流电相电流均在精度范围内 Ia：2.997 ~ 3.003 Ib: 3.996 ~ 4.004 Ic: 4.995 ~ 5.005 Iavg: 3.996 ~ 4.004 用户通道&输入通道&系统参数PF 为-1 用户通道&输入通道&系统参数有功功率P为负数 | H62: LV2
B63: 相电流测量验证 | C63: Function_AcuRev4100_003_01_case9_8 | D63: CT选型RCT (50HZ/100mv)，3e3p4w y输入三路电流分别为(1.5A、1.5A，1.5A)，顺序ABC，相角设置为(0°、240°、120°)，电表设置电流为Negative，在上位机上分别配置为对应A相、B相、C相，测量Ia,Ib,Ic,Iavg, input1~3满足精度0.1% | E63: 1、Acuview2上位机 2、网线/RTU串口线 3、AcuRev4100电表 4、接线方式3e3p4w y | F63: 1、连接AcuRev4100电表到Acuview2上，链接状态为connected 2、输入三路电流分别为(1.5A、1.5A，1.5A)，在上位机上分别配置为对应A相、B相、C相 3、电表上设置为顺序ABC， 相角设置为(0°、240°、120°) 4、电表设置电流方向为Positive 5、Acuview2上和HMI上检查交流电相电流是否均在精度0.1%范围内 6、电表设置电流方向为Negative 7、Acuview2上和HMI上检查交流电相电流是否均在精度0.1%范围内 备注: 使用5A/333mV CT 代替RCT，显示倍数为66.6 | G63: 5、Acuview2上和HMI上检查交流电相电流均在精度范围内 Ia： 99.8999 ~ 100.0999 Ib: 99.8999 ~ 100.0999 Ic: 99.8999 ~ 100.0999 Iavg: 99.8999 ~ 100.0999 I_in1: 99.8999001 ~ 100.0999 I_in2: 99.8999 ~ 100.0999 I_in3: 99.8999 ~ 100.0999 I_user1: 66.5666667 ~ 66.6999 6、Acuview2上和HMI上检查交流电相电流均在精度范围内 Ia：-99.8999 ~ -100.0999 Ib: -99.8999 ~ -100.0999 Ic: -99.8999 ~ -100.0999 Iavg: -99.8999 ~ -100.0999 I_in1: -99.8999001 ~ -100.0999 I_in2: -99.8999 ~ -100.0999 I_in3: -99.8999 ~ -100.0999 I_user1: -99.8999 ~ -100.0999 | H63: LV0
B64: 相电流测量验证 | C64: Function_AcuRev4100_003_01_case9_9 | D64: CT选型RCT (50HZ/100mv)，3e3p4w y输入三路电流分别为(0.4A、0.2A，0.1A)，顺序ABC，相角设置为(0°、240°、120°)，电表设置电流为Negative，在上位机上分别配置为对应A相、B相、C相，测量Ia,Ib,Ic,Iavg, input1~3满足精度0.1% | E64: 1、Acuview2上位机 2、网线/RTU串口线 3、AcuRev4100电表 4、接线方式3e3p4w y | F64: 1、连接AcuRev4100电表到Acuview2上，链接状态为connected 2、输入三路电流分别为(0.4A、0.2A，0.1A)，在上位机上分别配置为对应A相、B相、C相 3、电表上设置为顺序ABC， 相角设置为(0°、240°、120°) 4、电表设置电流方向为Positive 5、Acuview2上和HMI上检查交流电相电流是否均在精度0.1%范围内 备注: 使用5A/333mV CT 代替RCT，显示倍数为66.6 | G64: 5、Acuview2上和HMI上检查交流电相电流均在精度范围内 Ia： 26.6134 ~ 26.6666 Ib: 13.3067 ~ 13.3333 Ic: 6.6533 ~ 6.6667 Iavg: 15.5089 ~ 15.5400 I_in1: 26.61336 ~ 26.6666 I_in2: 13.30668 ~ 13.3333 I_in3: 6.65334 ~ 6.6667 I_user1: 15.52446 ~ 15.5555 | H64: LV1
B65: 相电流测量验证 | C65: Function_AcuRev4100_003_01_case9_10 | D65: CT选型RCT (60HZ/120mv)，3e3p4w y输入三路电流分别为(1.5A、1.5A，1.5A)，顺序ABC，相角设置为(0°、240°、120°)，电表设置电流为Negative，在上位机上分别配置为对应A相、B相、C相，测量Ia,Ib,Ic,Iavg, input1~3满足精度0.1% | E65: 1、Acuview2上位机 2、网线/RTU串口线 3、AcuRev4100电表 4、接线方式3e3p4w y | F65: 1、连接AcuRev4100电表到Acuview2上，链接状态为connected 2、输入三路电流分别为(1.5A、1.5A，1.5A)，在上位机上分别配置为对应A相、B相、C相 3、电表上设置为顺序ABC， 相角设置为(0°、240°、120°) 4、电表设置电流方向为Positive 5、Acuview2上和HMI上检查交流电相电流是否均在精度0.1%范围内 6、电表设置电流方向为Negative 7、Acuview2上和HMI上检查交流电相电流是否均在精度0.1%范围内 备注: 使用5A/333mV CT 代替RCT，显示倍数为66.6 | G65: 5、Acuview2上和HMI上检查交流电相电流均在精度范围内 Ia： 99.8999 ~ 100.0999 Ib: 99.8999 ~ 100.0999 Ic: 99.8999 ~ 100.0999 Iavg: 99.8999 ~ 100.0999 I_in1: 99.8999001 ~ 100.0999 I_in2: 99.8999 ~ 100.0999 I_in3: 99.8999 ~ 100.0999 I_user1: 66.5666667 ~ 66.6999 6、Acuview2上和HMI上检查交流电相电流均在精度范围内 Ia：-99.8999 ~ -100.0999 Ib: -99.8999 ~ -100.0999 Ic: -99.8999 ~ -100.0999 Iavg: -99.8999 ~ -100.0999 I_in1: -99.8999001 ~ -100.0999 I_in2: -99.8999 ~ -100.0999 I_in3: -99.8999 ~ -100.0999 I_user1: -99.8999 ~ -100.0999 | H65: LV0
B66: 相电流测量验证 | C66: Function_AcuRev4100_003_01_case9_11 | D66: CT选型RCT (60HZ/120mv)，3e3p4w y输入三路电流分别为(0.4A、0.2A，0.1A)，顺序ABC，相角设置为(0°、240°、120°)，电表设置电流为Negative，在上位机上分别配置为对应A相、B相、C相，测量Ia,Ib,Ic,Iavg, input1~3满足精度0.1% | E66: 1、Acuview2上位机 2、网线/RTU串口线 3、AcuRev4100电表 4、接线方式3e3p4w y | F66: 1、连接AcuRev4100电表到Acuview2上，链接状态为connected 2、输入三路电流分别为(0.4A、0.2A，0.1A)，在上位机上分别配置为对应A相、B相、C相 3、电表上设置为顺序ABC， 相角设置为(0°、240°、120°) 4、电表设置电流方向为Positive 5、Acuview2上和HMI上检查交流电相电流是否均在精度0.1%范围内 备注: 使用5A/333mV CT 代替RCT，显示倍数为66.6 | G66: 5、Acuview2上和HMI上检查交流电相电流均在精度范围内 Ia： 26.6134 ~ 26.6666 Ib: 13.3067 ~ 13.3333 Ic: 6.6533 ~ 6.6667 Iavg: 15.5089 ~ 15.5400 I_in1: 26.61336 ~ 26.6666 I_in2: 13.30668 ~ 13.3333 I_in3: 6.65334 ~ 6.6667 I_user1: 15.52446 ~ 15.5555 | H66: LV1
B67: 相电流测量验证 | C67: Function_AcuRev4100_003_01_case9_12 | D67: CT选型RCT16-100A类型，3e3p4w y输入三路电流分别为(10A、10A，10A)，顺序ABC，相角设置为(0°、240°、120°)，在上位机上分别配置为对应A相、B相、C相，测量Ia,Ib,Ic,Iavg, input1~3满足精度0.1% | E67: 1、Acuview2上位机 2、网线/RTU串口线 3、AcuRev4100电表 4、接线方式3e3p4w y | F67: 1、连接AcuRev4100电表到Acuview2上，链接状态为connected 2、输入三路电流分别为(10A、10A，10A)，在上位机上分别配置为对应A相、B相、C相 3、电表上设置为顺序ABC， 相角设置为(0°、240°、120°) 4、电表设置电流方向为Positive 5、Acuview2上和HMI上检查交流电相电流是否均在精度0.1%范围内 6、电表设置电流方向为Negative 7、Acuview2上和HMI上检查交流电相电流是否均在精度0.1%范围内 | G67: 5、Acuview2上和HMI上检查交流电相电流均在精度范围内 | H67: LV0
B68: 相电流测量验证 | C68: Function_AcuRev4100_003_01_case9_13 | D68: CT选型RCT16-500A类型，3e3p4w y输入三路电流分别为(25A、25A，25A)，顺序ABC，相角设置为(0°、240°、120°)，在上位机上分别配置为对应A相、B相、C相，测量Ia,Ib,Ic,Iavg, input1~3满足精度0.1% | E68: 1、Acuview2上位机 2、网线/RTU串口线 3、AcuRev4100电表 4、接线方式3e3p4w y | F68: 1、连接AcuRev4100电表到Acuview2上，链接状态为connected 2、输入三路电流分别为(25A、25A，25A)，在上位机上分别配置为对应A相、B相、C相 3、电表上设置为顺序ABC， 相角设置为(0°、240°、120°) 4、电表设置电流方向为Positive 5、Acuview2上和HMI上检查交流电相电流是否均在精度0.1%范围内 6、电表设置电流方向为Negative 7、Acuview2上和HMI上检查交流电相电流是否均在精度0.1%范围内 | G68: 5、Acuview2上和HMI上检查交流电相电流均在精度范围内 | H68: LV0
B69: 相电流测量验证 | C69: Function_AcuRev4100_003_01_case9_14 | D69: CT选型RCT16-1000A类型，3e3p4w y输入三路电流分别为(50A、50A，50A)，顺序ABC，相角设置为(0°、240°、120°)，在上位机上分别配置为对应A相、B相、C相，测量Ia,Ib,Ic,Iavg, input1~3满足精度0.1% | E69: 1、Acuview2上位机 2、网线/RTU串口线 3、AcuRev4100电表 4、接线方式3e3p4w y | F69: 1、连接AcuRev4100电表到Acuview2上，链接状态为connected 2、输入三路电流分别为(50A、50A，50A)，在上位机上分别配置为对应A相、B相、C相 3、电表上设置为顺序ABC， 相角设置为(0°、240°、120°) 4、电表设置电流方向为Positive 5、Acuview2上和HMI上检查交流电相电流是否均在精度0.1%范围内 6、电表设置电流方向为Negative 7、Acuview2上和HMI上检查交流电相电流是否均在精度0.1%范围内 | G69: 5、Acuview2上和HMI上检查交流电相电流均在精度范围内 | H69: LV0
B70: 相电流测量验证 | C70: Function_AcuRev4100_003_01_case10 | D70: CT选型20A/100mA，输入三路电流分别为(3A、5A，10A)，,在上位机上分别配置为对应A相、B相、C相，测量Ia,Ib,Ic,Iavg满足精度0.1% | E70: 1、Acuview2上位机 2、网线/RTU串口线 3、AcuRev4100电表 | F70: 1、连接AcuRev4100电表到Acuview2上，链接状态为connected 2、输入三路电流分别为(3A、5A，10A)，,在上位机上分别配置为对应A相、B相、C相。 3、Acuview2上和HMI上检查交流电相电流是否均在精度0.1%范围内 | G70: 3、Acuview2上和HMI上检查交流电相电流均在精度范围内 Ia： 2.997 ~ 3.003 Ib: 4.995 ~ 5.005 Ic: 9.99 ~ 10.01 Iavg: 5.994 ~ 6.006 | H70: LV1 | I70: 是
B71: 相电流测量验证 | C71: Function_AcuRev4100_003_01_case11 | D71: CT选型20A/100mA，3E4WY，输入三路电流分别为(12A、15A，20A),在上位机上分别配置为对应A相、B相、C相，测量Ia,Ib,Ic,Iavg满足精度0.1% | E71: 1、Acuview2上位机 2、网线/RTU串口线 3、AcuRev4100电表 | F71: 1、连接AcuRev4100电表到Acuview2上，链接状态为connected 2、输入三路电流分别为(12A、15A，20A)，在上位机上分别配置为对应A相、B相、C相。 3、Acuview2上和HMI上检查交流电相电流是否均在精度0.1%范围内 | G71: 3、Acuview2上和HMI上检查交流电相电流均在精度范围内 Ia： 14.985 ~ 15.015 Ib: 14.985 ~ 15.015 Ic: 14.985 ~ 15.015 Iavg: 14.985 ~ 15.015 | H71: LV0 | I71: 是
B72: 相电流测量验证 | C72: Function_AcuRev4100_003_01_case12 | D72: CT选型20A/100mA，输入三路电流分别为4A、4A，4A,在上位机上分别配置为对应A相、B相、C相，测量Ia,Ib,Ic,Iavg满足精度0.1% | E72: 1、Acuview2上位机 2、网线/RTU串口线 3、AcuRev4100电表 | F72: 1、连接AcuRev4100电表到Acuview2上，链接状态为connected 2、输入三路电流分别为4A、4A，4A,在上位机上分别配置为对应A相、B相、C相。 3、Acuview2上和HMI上检查交流电相电流是否均在精度0.1%范围内。 | G72: 3、Acuview2上和HMI上检查交流电相电流均在精度范围内 Ia： 3.996 ~ 4.004 Ib: 3.996 ~ 4.004 Ic: 3.996 ~ 4.004 Iavg: 3.996 ~ 4.004 | H72: LV1 | I72: 是
B73: 相电流测量验证 | C73: Function_AcuRev4100_003_01_case13 | D73: CT选型20A/100mA，输入三路电流分别为15A、15A，15A,在上位机上分别配置为对应A相、B相、C相，测量Ia,Ib,Ic,Iavg满足精度0.1% | E73: 1、Acuview2上位机 2、网线/RTU串口线 3、AcuRev4100电表 | F73: 1、连接AcuRev4100电表到Acuview2上，链接状态为connected 2、输入三路电流分别为15A、15A，15A,在上位机上分别配置为对应A相、B相、C相。 3、Acuview2上和HMI上检查交流电相电流是否均在精度0.1%范围内。 | G73: 3、Acuview2上和HMI上检查交流电相电流均在精度范围内 Ia： 14.985 ~ 15.015 Ib: 14.985 ~ 15.015 Ic: 14.985 ~ 15.015 Iavg: 14.985 ~ 15.015 | H73: LV2 | I73: 是
B74: 相电流测量验证 | C74: Function_AcuRev4100_003_01_case14 | D74: CT选型20A/100mA，输入一路电流分别为(15A)，在上位机均配置为对应A相，测量Ia,Ib,Ic,Iavg满足精度0.1% | E74: 1、Acuview2上位机 2、网线/RTU串口线 3、AcuRev4100电表 | F74: 1、连接AcuRev4100电表到Acuview2上，链接状态为connected 2、输入一路电流分别为(15A)，在上位机均配置为对应A相。 3、Acuview2上和HMI上检查交流电相电流是否均在精度0.1%范围内。 | G74: 3、Acuview2上和HMI上检查交流电相电流均在精度范围内 Ia：14.985 ~ 15.015 Ib: 0 ~ 0 Ic: 0 ~ 0 Iavg: 4.995 ~ 5.005 | H74: LV2 | I74: 是
B75: 相电流测量验证 | C75: Function_AcuRev4100_003_01_case15 | D75: CT选型20A/100mA，输入两路电流分别为(10A、20A),在上位机均配置为对应B相和C相，测量Ia,Ib,Ic,Iavg满足精度0.1% | E75: 1、Acuview2上位机 2、网线/RTU串口线 3、AcuRev4100电表 | F75: 1、连接AcuRev4100电表到Acuview2上，链接状态为connected 2、输入两路电流分别为(10A、20A),在上位机均配置为对应B相和C相 3、Acuview2上和HMI上检查交流电相电流是否均在精度0.1%范围内。 | G75: 3、Acuview2上和HMI上检查交流电相电流均在精度范围内 Ia： 0 ~ 0 Ib: 9.99 ~ 10.01 Ic: 19.98 ~ 20.02 Iavg: 9.99 ~ 10.01 | H75: LV2 | I75: 是
B76: 相电流测量验证 | C76: Function_AcuRev4100_003_01_case16 | D76: CT选型20A/100mA，输入三路电流范围外(2.5A、2A，1A)，在上位机上分别配置为对应A相、B相、C相，测量Ia,Ib,Ic,Iavg满足精度0.1% | E76: 1、Acuview2上位机 2、网线/RTU串口线 3、AcuRev4100电表 | F76: 1、连接AcuRev4100电表到Acuview2上，链接状态为connected 2、输入三路电流范围外(2.5A、2A，1A)，在上位机上分别配置为对应A相、B相、C相。 3、Acuview2上和HMI上检查交流电相电流是否均在精度0.1%范围内。 | G76: 3、Acuview2上和HMI上检查交流电相电流均在精度范围内 Ia： 2.49750 ~ 2.50250 Ib: 1.99800 ~ 2.00200 Ic: 0.99900 ~ 1.00100 Iavg: 1.83150 ~ 1.83517 | H76: LV2 | I76: 是
B77: 相电流测量验证 | C77: Function_AcuRev4100_003_01_case17 | D77: CT选型20A/100mA，输入三路电流(0.2A、0.5A、1A)，在上位机上分别配置为对应A相、B相、C相，测量Ia,Ib,Ic,Iavg满足精度0.1% | E77: 1、Acuview2上位机 2、网线/RTU串口线 3、AcuRev4100电表 | F77: 1、连接AcuRev4100电表到Acuview2上，链接状态为connected 2、输入三路电流(0.2A、0.5A、1A)，在上位机上分别配置为对应A相、B相、C相。 3、Acuview2上和HMI上检查交流电相电流是否均在精度0.1%范围内。 | G77: 3、Acuview2上和HMI上检查交流电相电流均在精度0.1%范围内 | H77: LV3 | I77: 是
B78: 相电流测量验证 | C78: Fault_AcuRev4100_003_01_case18 | D78: CT选型20A/100mA，输入三路电流(0.025A、0.10A、0.15A)，在上位机上分别配置为对应A相、B相、C相，测量Ia,Ib,Ic,Iavg无精度要求 | E78: 1、Acuview2上位机 2、网线/RTU串口线 3、AcuRev4100电表 | F78: 1、连接AcuRev4100电表到Acuview2上，链接状态为connected 2、输入三路电流(0.025A、0.10A、0.15A)，在上位机上分别配置为对应A相、B相、C相。 3、Acuview2上和HMI上检查交流电相电流有数据，无精度要求, 不为0A | G78: 3、Acuview2上和HMI上检查交流电相电流Ia,Ib,Ic,Iavg值无精度要求, 不为0A | H78: LV3 | I78: 是
B79: 相电流测量验证 | C79: Fault_AcuRev4100_003_01_case18_2 | D79: CT选型20A/100mA，输入三路电流(0A、0A、0A)，在上位机上分别配置为对应A相、B相、C相，测量Ia,Ib,Ic,Iavg值为0 | E79: 1、Acuview2上位机 2、网线/RTU串口线 3、AcuRev4100电表 | F79: 1、连接AcuRev4100电表到Acuview2上，链接状态为connected 2、输入三路电流(0A、0A、0A)，在上位机上分别配置为对应A相、B相、C相。 3、Acuview2上和HMI上检查交流电相电流是否测量值为0 | G79: 3、Acuview2上和HMI上检查交流电相电流测量值为0 | H79: LV3 | I79: 是
B80: 相电流测量验证 | C80: Fault_AcuRev4100_003_01_case18_3 | D80: CT选型20A/100mA，输入三路电流范围外(2.5A、2A，1A)，在上位机上分别配置为对应A相、B相、C相，断开电流输入，则Ia,Ib,Ic,Iavg值立即为0A | E80: 1、Acuview2上位机 2、网线/RTU串口线 3、AcuRev4100电表 | F80: 1、连接AcuRev4100电表到Acuview2上，链接状态为connected 1.1、Uabc 均为100V，角度为(0°, 240°，120°) 2、输入三路电流范围外(2.5A、2A，1A) 3、Acuview2上和HMI上检查交流电相电流是否均在精度0.1%范围内。 4、断开电流输入 5、Acuview2上和HMI上检查则Ia,Ib,Ic,Iavg值是否立即为0A | G80: 3、Acuview2上和HMI上检查交流电相电流均在精度0.1%范围内。 5、Acuview2上和HMI上Ia,Ib,Ic,Iavg值立即为0A | H80: LV4
B81: 相电流测量验证 | C81: Fault_AcuRev4100_003_01_case18_4 | D81: CT选型20A/100mA，输入三路电流分别为(3A、4A，5A)，顺序ABC，相角设置为(0°、260°、140°)，在上位机上分别配置为对应A相、B相、C相，测量Ia,Ib,Ic,Iavg满足精度0.1% | E81: 1、Acuview2上位机 2、网线/RTU串口线 3、AcuRev4100电表 | F81: 1、连接AcuRev4100电表到Acuview2上，链接状态为connected 2、输入三路电流分别为(3A、4A，5A)，在上位机上分别配置为对应A相、B相、C相 3、电表上设置为顺序ABC， 相角设置为(0°、240°、120°) 4、Acuview2上和HMI上检查交流电相电流是否均在精度0.1%范围内 | G81: 4、Acuview2上和HMI上检查交流电相电流均在精度范围内 Ia： 2.997 ~ 3.003 Ib: 3.996 ~ 4.004 Ic: 4.995 ~ 5.005 Iavg: 3.996 ~ 4.004 | H81: LV2
B82: 相电流测量验证 | C82: Fault_AcuRev4100_003_01_case18_5 | D82: CT选型20A/100mA，输入三路电流分别为(3A、4A，5A)，顺序ABC，相角设置为(0°、240°、120°)，电表设置电流为Negative，在上位机上分别配置为对应A相、B相、C相，测量Ia,Ib,Ic,Iavg满足精度0.1% | E82: 1、Acuview2上位机 2、网线/RTU串口线 3、AcuRev4100电表 | F82: 1、连接AcuRev4100电表到Acuview2上，链接状态为connected 2、输入三路电流分别为(3A、4A，5A)，在上位机上分别配置为对应A相、B相、C相 3、电表上设置为顺序ABC， 相角设置为(0°、240°、120°) 4、电表设置电流方向为Positive 5、Acuview2上和HMI上检查交流电相电流是否均在精度0.1%范围内 6、电表设置电流方向为Negative 7、Acuview2上和HMI上检查交流电相电流是否均在精度0.1%范围内 8、检查PF是否为-1， 系统PhaseABC有功功率是否为-0.3kw，-0.4kw， -0.5kw， 系统PhaseABC视在功率为0.3kw，0.4kw， 0.5kw | G82: 5、Acuview2上和HMI上检查交流电相电流均在精度范围内 Ia： 2.997 ~ 3.003 Ib: 3.996 ~ 4.004 Ic: 4.995 ~ 5.005 Iavg: 3.996 ~ 4.004 6、Acuview2上和HMI上检查交流电相电流均在精度范围内 Ia：2.997 ~ 3.003 Ib: 3.996 ~ 4.004 Ic: 4.995 ~ 5.005 Iavg: 3.996 ~ 4.004 8、检查PF为-1， 系统PhaseABC有功功率为-0.3kw，-0.4kw， -0.5kw， 系统PhaseABC视在功率为0.3kw，0.4kw， 0.5kw | H82: LV2
B83: 24路输入&12个用户电流验证 | C83: Function_AcuRev4100_003_02_case1 | D83: CT选型5A/333mV，1E1p2w输入Input1~3(A相)电流为(3A、4A、5A)，测量Input1~3电流精度0.1% | E83: 1、Acuview2上位机 2、网线/RTU串口线 3、AcuRev4100电表 4、接线方式为1E1p2w | F83: 1、连接AcuRev4100电表到Acuview2上，链接状态为connected 2、1E1p2w输入Input1~3(三路电流全部选择对应VA)电流为(3A、4A、5A) 3、Acuview2上和HMI上检查电流Input1~3是否均在精度范围内 | G83: 3、Acuview2上和HMI上检查电流Input1~3均在精度范围内， I_in1: 2.997 ~ 3.003 I_in2: 3.996 ~ 4.004 I_in3: 4.995 ~ 5.005 IphaseA: 11.9880 ~ 12.0120 其他input和user Channel电流均为0 | H83: LV0 | I83: 是
B84: 24路输入&12个用户电流验证 | C84: Function_AcuRev4100_003_02_case1_1 | D84: CT选型5A/333mV，1E1p2w输入Input1~3(A相)电流为(3A、4A、5A)，上位机配置依次对应user1、user2、user3，修改电流方向，测量Input1~3、user1~3电流精度0.1% | E84: 1、Acuview2上位机 2、网线/RTU串口线 3、AcuRev4100电表 4、接线方式为1E1p2w | F84: 1、连接AcuRev4100电表到Acuview2上，链接状态为connected 2、1E1p2w输入Input1~3(三路电流全部选择对应VA)电流为(3A、4A、5A)，角度均为0，上位机配置依次对应user1~3 4、电表设置Input1~2电流方向为Positive, Input3电流方向为Negative, 5、Acuview2上和HMI上检查电流Input1~3、user1~3是否均在精度范围内 6、电表设置Input1~2电流方向为Negative, Input3电流方向为Positive, 7、Acuview2上和HMI上检查电流Input1~3、user1~3是否均在精度范围内 | G84: 5、Acuview2上和HMI上检查交流电相电流均在精度范围内 I_in1：2.997 ~ 3.003 I_in2: 3.996 ~ 4.004 I_in3: 4.995 ~ 5.005 I_avg: 0.666 ~ -0.6673 Ia： 11.9880 ~ 12.0120 Ib：0A Ic：0A input1~3用户通道&输入通道&系统参数PF 为1 input1~3用户通道&输入通道&系统参数有功功率P为正数 6、Acuview2上和HMI上检查交流电相电流均在精度范围内 I_in1：2.997 ~ 3.003 I_in2: 3.996 ~ 4.004 I_in3: 4.995 ~ 5.005 I_avg: 11.9880 ~ 12.0120 Ia： 11.9880 ~ 12.0120 Ib：0A Ic：0A input1~3用户通道&输入通道&系统参数PF 为-1 input1~3用户通道&输入通道&系统参数有功功率P为负数
B85: 24路输入&12个用户电流验证 | C85: Function_AcuRev4100_003_02_case2 | D85: CT选型5A/333mV，1E1p2w输入Input1~3(A相)电流为(3A、3A，3A)，上位机配置依次对应user1、user2、user3，测量Input1~3、user1~3电流精度0.1% | E85: 1、Acuview2上位机 2、网线/RTU串口线 3、AcuRev4100电表 4、接线方式为1E1p2w | F85: 1、连接AcuRev4100电表到Acuview2上，链接状态为connected 2、1E1p2w输入Input1~3(三路电流全部选择对应VA)电流为(3A、3A，3A)，上位机配置依次对应user1~3 3、Acuview2上和HMI上检查电流Input1~3、user1~3是否均在精度范围内 | G85: 3、Acuview2上和HMI上检查电流Input1~3、user1~3均在精度范围内， I_in1: 2.997 ~ 3.003 I_in2: 2.997 ~ 3.003 I_in3: 2.997 ~ 3.003 I_user1: 2.997 ~ 3.003 I_user2: 2.997 ~ 3.003 I_user3: 2.997 ~ 3.003 IphaseA: 8.9910 ~ 9.0090 其他input和user Channel电流均为0 | H85: LV2 | I85: 是
B86: 24路输入&12个用户电流验证 | C86: Function_AcuRev4100_003_02_case3 | D86: CT选型5A/333mV，1E1p2w输入Input1~3(A相)电流为(3.5A、4.5A，4.9A)，上位机配置依次对应user1、user2、user3，测量Input1~3、user1~3电流精度0.1% | E86: 1、Acuview2上位机 2、网线/RTU串口线 3、AcuRev4100电表 4、接线方式为1E1p2w | F86: 1、连接AcuRev4100电表到Acuview2上，链接状态为connected 2、1E1p2w输入Input1~3(三路电流全部选择对应VA)电流为(3.5A、4.5A，4.9A)，上位机配置依次对应user1~3 3、Acuview2上和HMI上检查电流Input1~3、user1~3是否均在精度范围内 | G86: 3、Acuview2上和HMI上检查电流Input1~3、user1~3均在精度范围内， I_in1: 3.4965 ~ 3.5035 I_in2: 4.4955 ~ 4.5045 I_in3: 4.8951 ~ 4.9049 I_user1: 3.4965 ~ 3.5035 I_user2: 4.4955 ~ 4.5045 I_user3: 4.8951 ~ 4.9049 IphaseA: 12.8871 ~ 12.9129 其他input和user Channel电流均为0 | H86: LV2 | I86: 是
B87: 24路输入&12个用户电流验证 | C87: Function_AcuRev4100_003_02_case4 | D87: CT选型5A/333mV，1E1p2w输入Input1~3(A相)电流为 (2.5A、2A，0.3A)， 上位机配置依次对应user1、user2、user3，测量Input1~3、user1~3电流精度0.1% | E87: 1、Acuview2上位机 2、网线/RTU串口线 3、AcuRev4100电表 4、接线方式为1E1p2w | F87: 1、连接AcuRev4100电表到Acuview2上，链接状态为connected 2、1E1p2w输入Input1~3(三路电流全部选择对应VA)电流为 (2.5A、2A，0.3A)，上位机配置依次对应user1~3 3、Acuview2上和HMI上检查电流Input1~3、user1~3是否均在精度范围内 | G87: 3、Acuview2上和HMI上检查电流Input1~3、user1~3均在精度范围内， I_in1: 2.49750 ~ 2.50250 I_in2: 1.99800 ~ 2.00200 I_in3: 0.29970 ~ 0.30030 I_user1: 2.49750 ~ 2.50250 I_user2: 1.99800 ~ 2.00200 I_user3: 0.29970 ~ 0.30030 IphaseA: 4.7952 ~ 4.8048 其他input和user Channel电流均为0 | H87: LV2 | I87: 是
B88: 24路输入&12个用户电流验证 | C88: Function_AcuRev4100_003_02_case5 | D88: CT选型5A/333mV，1E1p2w输入Input1~3(A相)电流为(0.005A、0.03A、0.045A)，上位机配置依次对应user1、user2、user3，测量Input1~3、user1~3有测量数据，无精度要求。 | E88: 1、Acuview2上位机 2、网线/RTU串口线 3、AcuRev4100电表 4、接线方式为1E1p2w | F88: 1、连接AcuRev4100电表到Acuview2上，链接状态为connected 2、1E1p2w输入Input1~3(三路电流全部选择对应VA)电流为(0.005A、0.03A、0.045A)，上位机配置依次对应user1~3 3、Acuview2上和HMI上检查电流Input1~3、user1~3是否均在精度范围内 | G88: 3、Acuview2上和HMI上检查电流Input1~3、user1~3有测量数据，但无精度要求。 其他input和user Channel电流均为0 | H88: LV2 | I88: 是
B89: 24路输入&12个用户电流验证 | C89: Function_AcuRev4100_003_02_case5_1 | D89: CT选型5A/333mV，1E1p2w输入Input1~3(A相)电流为(0A、0A、0A)，上位机配置依次对应user1、user2、user3，测量Input1~3、user1~3电流測量值为0 | E89: 1、Acuview2上位机 2、网线/RTU串口线 3、AcuRev4100电表 4、接线方式为1E1p2w | F89: 1、连接AcuRev4100电表到Acuview2上，链接状态为connected 2、1E1p2w输入Input1~3(A相)电流为(0A、0A、0A)，上位机配置依次对应user1~3 3、Acuview2上和HMI上检查电流Input1~3、user1~3是否测量值为0 | G89: 3、Acuview2上和HMI上检查电流Input1~3、user1~3测量值全为0 其他input和user Channel电流均为0 | H89: LV1 | I89: 是
B90: 24路输入&12个用户电流验证 | C90: Function_AcuRev4100_003_02_case5_2 | D90: CT选型5A/333mV，1E1p2w输入Input1~3(A相)电流为(0.05A、0.2A、0.25A)，上位机配置依次对应user1、user2、user3，测量Input1~3、user1~3电流精度0.1% | E90: 1、Acuview2上位机 2、网线/RTU串口线 3、AcuRev4100电表 4、接线方式为1E1p2w | F90: 1、连接AcuRev4100电表到Acuview2上，链接状态为connected 2、1E1p2w输入Input1~3(A相)电流为(0.05A、0.2A、0.25A)，上位机配置依次对应user1~3 3、Acuview2上和HMI上检查电流Input1~3、user1~3是否均在精度范围内 | G90: 3、Acuview2上和HMI上检查电流Input1~3、user1~3均在精度.1%范围内 其他input和user Channel电流均为0 | H90: LV2 | I90: 是
B91: 24路输入&12个用户电流验证 | C91: Function_AcuRev4100_003_02_case6 | D91: CT选型5A/333mV，1E1p2w输入Input1~12(A相)电流为(5A)， 上位机配置依次对应user1~12，测量Input1~12,user1~12电流精度0.1% | E91: 1、Acuview2上位机 2、网线/RTU串口线 3、AcuRev4100电表 4、接线方式为1E1p2w | F91: 1、连接AcuRev4100电表到Acuview2上，链接状态为connected 2、1E1p2w输入Input1~12(三路电流全部选择对应VA)电流为(5A)， 上位机配置依次对应user1~12 3、Acuview2上和HMI上检查电流Input1~12、user1~12是否均在精度范围内 | G91: 3、Acuview2上和HMI上检查电流Input1~12、user1~12均在精度范围内， I_in1~12: 4.995 ~ 5.005 I_in13~24: 0.000 ~ 0.000 I_user1~12: 4.995 ~ 5.005 其他input和user Channel电流均为0 | H91: LV4 | I91: 否
B92: 24路输入&12个用户电流验证 | C92: Function_AcuRev4100_003_02_case7 | D92: CT选型5A/333mV，2ELEMENT_3_WIRE_PHASE_1接线输入Input1~2(A&B相)电流为(3A、5A)，上位机配置依次对应user1，测量Input1~2、user1电流精度0.1% | E92: 1、Acuview2上位机 2、网线/RTU串口线 3、AcuRev4100电表 4、接线方式为2ELEMENT_3_WIRE_PHASE_1接线 | F92: 1、连接AcuRev4100电表到Acuview2上，链接状态为connected 2、2ELEMENT_3_WIRE_PHASE_1接线输入Input1~2(两路电流全部选择对应Va、Vb)电流为(3A、5A)，上位机配置依次对应user1 3、Acuview2上和HMI上检查电流Input1~2、User1是否均在精度范围内 | G92: 3、Acuview2上和HMI上检查电流Input1~2、user1均在精度范围内， I_in1: 2.997 ~ 3.003 I_in2: 4.995 ~ 5.005 I_in3~24: 0 ~ 0 I_user1: 3.9960 ~ 4.0040 I_user2~12: 0 0 其他input和user Channel电流均为0 | H92: LV1 | I92: 是
B93: 24路输入&12个用户电流验证 | C93: Function_AcuRev4100_003_02_case7_1 | D93: CT选型5A/333mV，2ELEMENT_3_WIRE_PHASE_1接线输入Input1~2(A&B相)电流为(5A、5A)，上位机配置依次对应user1，修改电流方向， 测量Input1~2、user1电流精度0.1% | E93: 1、Acuview2上位机 2、网线/RTU串口线 3、AcuRev4100电表 4、接线方式为2ELEMENT_3_WIRE_PHASE_1接线 | F93: 1、连接AcuRev4100电表到Acuview2上，链接状态为connected 2、2ELEMENT_3_WIRE_PHASE_1接线输入Input1~2(两路电流全部选择对应Va、Vb)电流为(5A、5A)，上位机配置依次对应user1 3、电表设置Input1~2电流方向为Positive 4、Acuview2上和HMI上检查电流Input1~2、User1是否均在精度范围内 5、电表设置Input1~2电流方向为Negative 6、Acuview2上和HMI上检查电流Input1~2、User1是否均在精度范围内 | G93: 4、Acuview2上和HMI上检查电流Input1~2、user1均在精度范围内， I_in1: 4.995 ~ 5.005 I_in2: 4.995 ~ 5.005 I_in3~24: 0 ~ 0 I_user1: 4.995 ~ 5.005 I_user2~12: 0 Ia: 4.995 ~ 5.005 Ib: 4.995 ~ 5.005 input1~2用户通道&输入通道&系统参数PF 为1 input1~2用户通道&输入通道&系统参数有功功率P为正数 6、Acuview2上和HMI上检查电流Input1~2、user1均在精度范围内， I_in1: 4.995 ~ 5.005 I_in2: 4.995 ~ 5.005 I_in3~24: 0 ~ 0 I_user1: 4.995 ~ 5.005 I_user2~12: 0 Ia: 4.995 ~ 5.005 Ib: 4.995 ~ 5.005 其他input和user Channel电流均为0 input1~2用户通道&输入通道&系统参数PF 为-1 input1~2用户通道&输入通道&系统参数有功功率P为负数 | H93: LV0
B94: 24路输入&12个用户电流验证 | C94: Function_AcuRev4100_003_02_case7_2 | D94: CT选型5A/333mV，2ELEMENT_3_WIRE_PHASE_1接线输入Input1~2(A&B相)电流为(3A、5A)，上位机配置依次对应user1，修改电流方向， 测量Input1~2、user1电流精度0.1% | E94: 1、Acuview2上位机 2、网线/RTU串口线 3、AcuRev4100电表 4、接线方式为2ELEMENT_3_WIRE delta接线 | F94: 1、连接AcuRev4100电表到Acuview2上，链接状态为connected 2、2ELEMENT_3_WIRE delta 接线输入Input1~2(两路电流全部选择对应Va、Vb)电流为(3A、5A)，上位机配置依次对应user1 3、电表设置Input1~2电流方向为Positive 4、Acuview2上和HMI上检查电流Input1~2、User1是否均在精度范围内 | G94: 4、Acuview2上和HMI上检查电流Input1~2、user1均在精度范围内， I_in1: 2.997 ~ 3.003 I_in2: 4.995 ~ 5.005 I_in3~24: 0 ~ 0 I_user1: 3.9960 ~ 4.0040 I_user2~12: 0 Ia: 2.997 ~ 3.003 Ib: 4.995 ~ 5.005 | H94: LV2
B95: 24路输入&12个用户电流验证 | C95: Function_AcuRev4100_003_02_case8 | D95: CT选型5A/333mV，3ELEMENT_4_WIRE_Y接线输入Input1~3(A&B&C相)电流为(3A、4A，5A)，上位机配置依次对应user1，测量Input1~3、user1电流精度0.1% | E95: 1、Acuview2上位机 2、网线/RTU串口线 3、AcuRev4100电表 4、接线方式为3ELEMENT_4_WIRE_Y | F95: 1、连接AcuRev4100电表到Acuview2上，链接状态为connected 2、3ELEMENT_4_WIRE_Y接线输入Input1~3(A&B&C相)电流为(3A、4A，5A)，上位机配置依次对应user1 3、Acuview2上和HMI上检查电流Input1~3、user1是否均在精度范围内 | G95: 3、Acuview2上和HMI上检查电流Input1~3、user1均在精度范围内， I_in1: 2.997 ~ 3.003 I_in2: 3.996 ~ 4.004 I_in3: 4.995 ~ 5.005 I_user1: 3.996 ~ 4.004 其他input和user Channel电流均为0 | H95: LV2 | I95: 是
B96: 24路输入&12个用户电流验证 | C96: Function_AcuRev4100_003_02_case9 | D96: CT选型5A/333mV，3ELEMENT_4_WIRE_Y接线输入Input1~3(A&B&C相)电流为(4A、4A，4A)，上位机配置依次对应user1，测量Input1~3、user1电流精度0.1% | E96: 1、Acuview2上位机 2、网线/RTU串口线 3、AcuRev4100电表 4、接线方式为3ELEMENT_4_WIRE_Y | F96: 1、连接AcuRev4100电表到Acuview2上，链接状态为connected 2、3ELEMENT_4_WIRE_Y接线输入Input1~3(A&B&C相)电流为(4A、4A，4A)，上位机配置依次对应user1 3、Acuview2上和HMI上检查电流Input1~3、user1是否均在精度范围内 | G96: 3、Acuview2上和HMI上检查电流Input1~3、user1均在精度范围内， I_in1: 3.996 ~ 4.004 I_in2: 3.996 ~ 4.004 I_in3: 3.996 ~ 4.004 I_user1: 3.996 ~ 4.004 其他input和user Channel电流均为0 | H96: LV1 | I96: 是
B97: 24路输入&12个用户电流验证 | C97: Function_AcuRev4100_003_02_case10 | D97: CT选型5A/333mV，3ELEMENT_4_WIRE_Y接线输入Input1~24(A&B&C相)电流为(3A、4A，5A)， 上位机配置依次对应user1~8，测量Input1~24,user1~8电流精度0.1% | E97: 1、Acuview2上位机 2、网线/RTU串口线 3、AcuRev4100电表 4、接线方式为3ELEMENT_4_WIRE_Y | F97: 1、连接AcuRev4100电表到Acuview2上，链接状态为connected 2、3ELEMENT_4_WIRE_Y接线输入Input1~24(A&B&C相)电流为(3A、4A，5A)， 上位机配置依次对应user1~8 3、Acuview2上和HMI上检查电流Input1~24、user1~8是否均在精度范围内 | G97: 3、Acuview2上和HMI上检查电流Input1~24、user1~8均在精度范围内， I_in1: 2.997 ~ 3.003 I_in2: 3.996 ~ 4.004 I_in3: 4.995 ~ 5.005 I_user1: 3.996 ~ 4.004 其他input和user Channel电流均为0 | H97: LV3
B98: 24路输入&12个用户电流验证 | C98: Function_AcuRev4100_003_02_case11 | D98: CT选型5A/333mV，3ELEMENT_4_WIRE_Y接线输入Input1~24(A&B&C相)电流为(5A)， 上位机配置依次对应user1~8，测量Input1~24,user1~8电流精度0.1% | E98: 1、Acuview2上位机 2、网线/RTU串口线 3、AcuRev4100电表 4、接线方式为3ELEMENT_4_WIRE_Y | F98: 1、连接AcuRev4100电表到Acuview2上，链接状态为connected 2、3ELEMENT_4_WIRE_Y接线输入Input1~24(A&B&C相)电流为(5A)， 上位机配置依次对应user1~8 3、Acuview2上和HMI上检查电流Input1~24、user1~8是否均在精度范围内 | G98: 3、Acuview2上和HMI上检查电流Input1~24、user1~8均在精度范围内， I_in1~24: 4.995 ~ 5.005 I_user1~8: 4.995 ~ 5.005 其他input和user Channel电流均为0 | H98: LV4
B99: 24路输入&12个用户电流验证 | C99: Function_AcuRev4100_003_02_case12 | D99: CT选型20A/100mA，1E1p2w输入Input1~3(A相)电流为(3A、4A、5A)，上位机配置依次对应user1、user2、user3，测量Input1~3、user1~3电流精度0.1% | E99: 1、Acuview2上位机 2、网线/RTU串口线 3、AcuRev4100电表 4、接线方式为1E1p2w | F99: 1、连接AcuRev4100电表到Acuview2上，链接状态为connected 2、1E1p2w输入Input1~3(三路电流全部选择对应VA)电流为(3A、4A、5A)，上位机配置依次对应user1~3 3、Acuview2上和HMI上检查电流Input1~3、user1~3是否均在精度范围内 | G99: 3、Acuview2上和HMI上检查电流Input1~3、user1~3均在精度范围内， I_in1: 2.997 ~ 3.003 I_in2: 3.996 ~ 4.004 I_in3: 4.995 ~ 5.005 I_user1: 2.997 ~ 3.003 I_user2: 3.996 ~ 4.004 I_user3: 4.995 ~ 5.005 其他input和user Channel电流均为0 | H99: LV1 | I99: 是
B100: 24路输入&12个用户电流验证 | C100: Function_AcuRev4100_003_02_case13 | D100: CT选型20A/100mA，1E1p2w输入Input1~3(A相)电流为(10A、10A,10A)，上位机配置依次对应user1、user2、user3，测量Input1~3、user1~3电流精度0.1% | E100: 1、Acuview2上位机 2、网线/RTU串口线 3、AcuRev4100电表 4、接线方式为1E1p2w | F100: 1、连接AcuRev4100电表到Acuview2上，链接状态为connected 2、1E1p2w输入Input1~3(A相)电流为(10A、10A,10A)，上位机配置依次对应user1~3 3、Acuview2上和HMI上检查电流Input1~3、user1~3是否均在精度范围内 | G100: 3、Acuview2上和HMI上检查电流Input1~3、user1~3均在精度范围内， I_in1: 9.99 ~ 10.01 I_in2: 9.99 ~ 10.01 I_in3: 9.99 ~ 10.01 I_user1: 9.99 ~ 10.01 I_user2: 9.99 ~ 10.01 I_user3: 9.99 ~ 10.01 其他input和user Channel电流均为0 | H100: LV2 | I100: 是
B101: 24路输入&12个用户电流验证 | C101: Function_AcuRev4100_003_02_case14 | D101: CT选型20A/100mA，1E1p2w输入Input1~3(A相)电流为(13A、15A,20A)，上位机配置依次对应user1、user2、user3，测量Input1~3、user1~3电流精度0.1% | E101: 1、Acuview2上位机 2、网线/RTU串口线 3、AcuRev4100电表 4、接线方式为1E1p2w | F101: 1、连接AcuRev4100电表到Acuview2上，链接状态为connected 2、1E1p2w输入Input1~3(A相)电流为(13A、15A,20A)，上位机配置依次对应user1~3 3、Acuview2上和HMI上检查电流Input1~3、user1~3是否均在精度范围内 | G101: 3、Acuview2上和HMI上检查电流Input1~3、user1~3均在精度范围内， I_in1: 12.987 ~ 13.013 I_in2: 14.985 ~ 15.015 I_in3: 19.98 ~ 20.02 I_user1: 12.987 ~ 13.013 I_user2: 14.985 ~ 15.015 I_user3: 19.98 ~ 20.02 其他input和user Channel电流均为0 | H101: LV2 | I101: 是
...

Sheet 用例统计
A1: TR编号(模块) | B1: TR名称(模块) | C1: 用例总数 | D1: LV0 | E1: LV1 | F1: LV2 | G1: LV3 | H1: LV4 | I1: 需自动化 | J1: 完成自动化 | K1: LV0（10%） | L1: LV1(15%) | M1: LV2（40%） | N1: LV3(25%) | O1: LV4（10%） | P1: 自动化率 | Q1: 备注 | R1: 自动化实现人
A2: TR_AcuRev1320_001 | B2: 交流频率 | C2: =COUNTIFS(测试用例!C:C,"*1320_001*") -> 5 | D2: =COUNTIFS(测试用例!C:C,"*1320_001*",测试用例!H:H,"LV0") -> 1 | E2: =COUNTIFS(测试用例!C:C,"*1320_001*",测试用例!H:H,"LV1") -> 2 | F2: =COUNTIFS(测试用例!C:C,"*1320_001*",测试用例!H:H,"LV2") -> 1 | G2: =COUNTIFS(测试用例!C:C,"*1320_001*",测试用例!H:H,"LV3") -> 1 | H2: =COUNTIFS(测试用例!C:C,"*1320_001*",测试用例!H:H,"LV4") -> 0 | I2: =COUNTIFS(测试用例!C:C,"*1320_001*",测试用例!J:J,"是") -> 0 | J2: =COUNTIFS(测试用例!C:C,"*1320_001*",测试用例!I:I,"是") -> 3 | K2: =D2/C2 -> 0.2 | L2: =E2/C2 -> 0.4 | M2: =F2/C2 -> 0.2 | N2: =G2/C2 -> 0.2 | O2: =H2/C2 -> 0 | P2: =J2/C2 -> 0.6 | Q2: 1320 Sprint1
A3: TR_AcuRev1320_002 | B3: 交流电压 | C3: =COUNTIFS(测试用例!C:C,"*1320_002*") -> 24 | D3: =COUNTIFS(测试用例!C:C,"*1320_002*",测试用例!H:H,"LV0") -> 2 | E3: =COUNTIFS(测试用例!C:C,"*1320_002*",测试用例!H:H,"LV1") -> 3 | F3: =COUNTIFS(测试用例!C:C,"*1320_002*",测试用例!H:H,"LV2") -> 11 | G3: =COUNTIFS(测试用例!C:C,"*1320_002*",测试用例!H:H,"LV3") -> 6 | H3: =COUNTIFS(测试用例!C:C,"*1320_002*",测试用例!H:H,"LV4") -> 2 | I3: =COUNTIFS(测试用例!C:C,"*1320_002*",测试用例!J:J,"是") -> 0 | J3: =COUNTIFS(测试用例!C:C,"*1320_002*",测试用例!I:I,"是") -> 13 | K3: =D3/C3 -> 0.083333333 | L3: =E3/C3 -> 0.125 | M3: =F3/C3 -> 0.45833333 | N3: =G3/C3 -> 0.25 | O3: =H3/C3 -> 0.083333333 | P3: =J3/C3 -> 0.54166667 | Q3: 1320 Sprint1
A4: TR_AcuRev1320_003 | B4: 交流电流 | C4: =COUNTIFS(测试用例!C:C,"*1320_003*") -> 33 | D4: =COUNTIFS(测试用例!C:C,"*1320_003*",测试用例!H:H,"LV0") -> 4 | E4: =COUNTIFS(测试用例!C:C,"*1320_003*",测试用例!H:H,"LV1") -> 13 | F4: =COUNTIFS(测试用例!C:C,"*1320_003*",测试用例!H:H,"LV2") -> 14 | G4: =COUNTIFS(测试用例!C:C,"*1320_003*",测试用例!H:H,"LV3") -> 1 | H4: =COUNTIFS(测试用例!C:C,"*1320_003*",测试用例!H:H,"LV4") -> 1 | I4: =COUNTIFS(测试用例!C:C,"*1320_003*",测试用例!J:J,"是") -> 0 | J4: =COUNTIFS(测试用例!C:C,"*1320_003*",测试用例!I:I,"是") -> 11 | K4: =D4/C4 -> 0.12121212 | L4: =E4/C4 -> 0.39393939 | M4: =F4/C4 -> 0.42424242 | N4: =G4/C4 -> 0.03030303 | O4: =H4/C4 -> 0.03030303 | P4: =J4/C4 -> 0.33333333 | Q4: 1320 Sprint1
A5: TR_AcuRev1320_004 | B5: 交流功率 | C5: =COUNTIFS(测试用例!C:C,"*1320_004*") -> 25 | D5: =COUNTIFS(测试用例!C:C,"*1320_004*",测试用例!H:H,"LV0") -> 3 | E5: =COUNTIFS(测试用例!C:C,"*1320_004*",测试用例!H:H,"LV1") -> 5 | F5: =COUNTIFS(测试用例!C:C,"*1320_004*",测试用例!H:H,"LV2") -> 12 | G5: =COUNTIFS(测试用例!C:C,"*1320_004*",测试用例!H:H,"LV3") -> 4 | H5: =COUNTIFS(测试用例!C:C,"*1320_004*",测试用例!H:H,"LV4") -> 1 | I5: =COUNTIFS(测试用例!C:C,"*1320_004*",测试用例!J:J,"是") -> 0 | J5: =COUNTIFS(测试用例!C:C,"*1320_004*",测试用例!I:I,"是") -> 15 | K5: =D5/C5 -> 0.12 | L5: =E5/C5 -> 0.2 | M5: =F5/C5 -> 0.48 | N5: =G5/C5 -> 0.16 | O5: =H5/C5 -> 0.04 | P5: =J5/C5 -> 0.6 | Q5: 1320 Sprint1
A6: TR_AcuRev1320_005 | B6: 负载特性(RLC) | C6: =COUNTIFS(测试用例!C:C,"*1320_005*") -> 21 | D6: =COUNTIFS(测试用例!C:C,"*1320_005*",测试用例!H:H,"LV0") -> 2 | E6: =COUNTIFS(测试用例!C:C,"*1320_005*",测试用例!H:H,"LV1") -> 6 | F6: =COUNTIFS(测试用例!C:C,"*1320_005*",测试用例!H:H,"LV2") -> 9 | G6: =COUNTIFS(测试用例!C:C,"*1320_005*",测试用例!H:H,"LV3") -> 4 | H6: =COUNTIFS(测试用例!C:C,"*1320_005*",测试用例!H:H,"LV4") -> 0 | I6: =COUNTIFS(测试用例!C:C,"*1320_005*",测试用例!J:J,"是") -> 0 | J6: =COUNTIFS(测试用例!C:C,"*1320_005*",测试用例!I:I,"是") -> 11 | K6: =D6/C6 -> 0.095238095 | L6: =E6/C6 -> 0.28571429 | M6: =F6/C6 -> 0.42857143 | N6: =G6/C6 -> 0.19047619 | O6: =H6/C6 -> 0 | P6: =J6/C6 -> 0.52380952 | Q6: 1320 Sprint1
A7: TR_AcuRev1320_006 | B7: 相角(phase angle) | C7: =COUNTIFS(测试用例!C:C,"*1320_006*") -> 14 | D7: =COUNTIFS(测试用例!C:C,"*1320_006*",测试用例!H:H,"LV0") -> 3 | E7: =COUNTIFS(测试用例!C:C,"*1320_006*",测试用例!H:H,"LV1") -> 2 | F7: =COUNTIFS(测试用例!C:C,"*1320_006*",测试用例!H:H,"LV2") -> 9 | G7: =COUNTIFS(测试用例!C:C,"*1320_006*",测试用例!H:H,"LV3") -> 0 | H7: =COUNTIFS(测试用例!C:C,"*1320_006*",测试用例!H:H,"LV4") -> 0 | I7: =COUNTIFS(测试用例!C:C,"*1320_006*",测试用例!J:J,"是") -> 0 | J7: =COUNTIFS(测试用例!C:C,"*1320_006*",测试用例!I:I,"是") -> 4 | K7: =D7/C7 -> 0.21428571 | L7: =E7/C7 -> 0.14285714 | M7: =F7/C7 -> 0.64285714 | N7: =G7/C7 -> 0 | O7: =H7/C7 -> 0 | P7: =J7/C7 -> 0.28571429 | Q7: 1320 Sprint1
A8: TR_AcuRev1320_007 | B8: 各次谐波 | C8: =COUNTIFS(测试用例!C:C,"*1320_007*") -> 34 | D8: =COUNTIFS(测试用例!C:C,"*1320_007*",测试用例!H:H,"LV0") -> 3 | E8: =COUNTIFS(测试用例!C:C,"*1320_007*",测试用例!H:H,"LV1") -> 6 | F8: =COUNTIFS(测试用例!C:C,"*1320_007*",测试用例!H:H,"LV2") -> 16 | G8: =COUNTIFS(测试用例!C:C,"*1320_007*",测试用例!H:H,"LV3") -> 7 | H8: =COUNTIFS(测试用例!C:C,"*1320_007*",测试用例!H:H,"LV4") -> 2 | I8: =COUNTIFS(测试用例!C:C,"*1320_007*",测试用例!J:J,"是") -> 0 | J8: =COUNTIFS(测试用例!C:C,"*1320_007*",测试用例!I:I,"是") -> 0 | K8: =D8/C8 -> 0.088235294 | L8: =E8/C8 -> 0.17647059 | M8: =F8/C8 -> 0.47058824 | N8: =G8/C8 -> 0.20588235 | O8: =H8/C8 -> 0.058823529 | P8: =J8/C8 -> 0 | Q8: 1320 Sprint1
A9: TR_AcuRev1320_008 | B9: 谐波因数 | C9: =COUNTIFS(测试用例!C:C,"*1320_008*") -> 12 | D9: =COUNTIFS(测试用例!C:C,"*1320_008*",测试用例!H:H,"LV0") -> 1 | E9: =COUNTIFS(测试用例!C:C,"*1320_008*",测试用例!H:H,"LV1") -> 2 | F9: =COUNTIFS(测试用例!C:C,"*1320_008*",测试用例!H:H,"LV2") -> 4 | G9: =COUNTIFS(测试用例!C:C,"*1320_008*",测试用例!H:H,"LV3") -> 1 | H9: =COUNTIFS(测试用例!C:C,"*1320_008*",测试用例!H:H,"LV4") -> 2 | I9: =COUNTIFS(测试用例!C:C,"*1320_008*",测试用例!J:J,"是") -> 0 | J9: =COUNTIFS(测试用例!C:C,"*1320_008*",测试用例!I:I,"是") -> 0 | K9: =D9/C9 -> 0.083333333 | L9: =E9/C9 -> 0.16666667 | M9: =F9/C9 -> 0.33333333 | N9: =G9/C9 -> 0.083333333 | O9: =H9/C9 -> 0.16666667 | P9: =J9/C9 -> 0 | Q9: 1320 Sprint1
A10: TR_AcuRev1320_009 | B10: 电能质量测量 | C10: =COUNTIFS(测试用例!C:C,"*1320_009*") -> 54 | D10: =COUNTIFS(测试用例!C:C,"*1320_009*",测试用例!H:H,"LV0") -> 6 | E10: =COUNTIFS(测试用例!C:C,"*1320_009*",测试用例!H:H,"LV1") -> 16 | F10: =COUNTIFS(测试用例!C:C,"*1320_009*",测试用例!H:H,"LV2") -> 21 | G10: =COUNTIFS(测试用例!C:C,"*1320_009*",测试用例!H:H,"LV3") -> 8 | H10: =COUNTIFS(测试用例!C:C,"*1320_009*",测试用例!H:H,"LV4") -> 3 | I10: =COUNTIFS(测试用例!C:C,"*1320_009*",测试用例!J:J,"是") -> 0 | J10: =COUNTIFS(测试用例!C:C,"*1320_009*",测试用例!I:I,"是") -> 41 | K10: =D10/C10 -> 0.11111111 | L10: =E10/C10 -> 0.2962963 | M10: =F10/C10 -> 0.38888889 | N10: =G10/C10 -> 0.14814815 | O10: =H10/C10 -> 0.055555556 | P10: =J10/C10 -> 0.75925926 | Q10: 1320 Sprint1 | R10: 丛松
A11: TR_AcuRev1320_010 | B11: 电能测量 | C11: =COUNTIFS(测试用例!C:C,"*1320_010*") -> 114 | D11: =COUNTIFS(测试用例!C:C,"*1320_010*",测试用例!H:H,"LV0") -> 10 | E11: =COUNTIFS(测试用例!C:C,"*1320_010*",测试用例!H:H,"LV1") -> 19 | F11: =COUNTIFS(测试用例!C:C,"*1320_010*",测试用例!H:H,"LV2") -> 48 | G11: =COUNTIFS(测试用例!C:C,"*1320_010*",测试用例!H:H,"LV3") -> 22 | H11: =COUNTIFS(测试用例!C:C,"*1320_010*",测试用例!H:H,"LV4") -> 10 | I11: =COUNTIFS(测试用例!C:C,"*1320_010*",测试用例!J:J,"是") -> 0 | J11: =COUNTIFS(测试用例!C:C,"*1320_010*",测试用例!I:I,"是") -> 57 | K11: =D11/C11 -> 0.087719298 | L11: =E11/C11 -> 0.16666667 | M11: =F11/C11 -> 0.42105263 | N11: =G11/C11 -> 0.19298246 | O11: =H11/C11 -> 0.087719298 | P11: =J11/C11 -> 0.5 | Q11: 1320 Sprint1
A12: TR_AcuRev1320_011 | B12: 需量测量 | C12: =COUNTIFS(测试用例!C:C,"*1320_011*") -> 29 | D12: =COUNTIFS(测试用例!C:C,"*1320_011*",测试用例!H:H,"LV0") -> 3 | E12: =COUNTIFS(测试用例!C:C,"*1320_011*",测试用例!H:H,"LV1") -> 2 | F12: =COUNTIFS(测试用例!C:C,"*1320_011*",测试用例!H:H,"LV2") -> 14 | G12: =COUNTIFS(测试用例!C:C,"*1320_011*",测试用例!H:H,"LV3") -> 5 | H12: =COUNTIFS(测试用例!C:C,"*1320_011*",测试用例!H:H,"LV4") -> 5 | I12: =COUNTIFS(测试用例!C:C,"*1320_011*",测试用例!J:J,"是") -> 0 | J12: =COUNTIFS(测试用例!C:C,"*1320_011*",测试用例!I:I,"是") -> 0 | K12: =D12/C12 -> 0.10344828 | L12: =E12/C12 -> 0.068965517 | M12: =F12/C12 -> 0.48275862 | N12: =G12/C12 -> 0.17241379 | O12: =H12/C12 -> 0.17241379 | P12: =J12/C12 -> 0 | Q12: 1320 Sprint1 | R12: 王洋&胡赞
A13: TR_AcuRev1320_012 | B13: 接线配置 | C13: =COUNTIFS(测试用例!C:C,"*1320_012*") -> 46 | D13: =COUNTIFS(测试用例!C:C,"*1320_012*",测试用例!H:H,"LV0") -> 4 | E13: =COUNTIFS(测试用例!C:C,"*1320_012*",测试用例!H:H,"LV1") -> 28 | F13: =COUNTIFS(测试用例!C:C,"*1320_012*",测试用例!H:H,"LV2") -> 7 | G13: =COUNTIFS(测试用例!C:C,"*1320_012*",测试用例!H:H,"LV3") -> 3 | H13: =COUNTIFS(测试用例!C:C,"*1320_012*",测试用例!H:H,"LV4") -> 4 | I13: =COUNTIFS(测试用例!C:C,"*1320_012*",测试用例!J:J,"是") -> 0 | J13: =COUNTIFS(测试用例!C:C,"*1320_012*",测试用例!I:I,"是") -> 0 | K13: =D13/C13 -> 0.086956522 | L13: =E13/C13 -> 0.60869565 | M13: =F13/C13 -> 0.15217391 | N13: =G13/C13 -> 0.065217391 | O13: =H13/C13 -> 0.086956522 | P13: =J13/C13 -> 0 | Q13: 1320 Sprint1
A14: TR_AcuRev1320_013 | B14: 时分用电 | C14: =COUNTIFS(测试用例!C:C,"*1320_013*") -> 91 | D14: =COUNTIFS(测试用例!C:C,"*1320_013*",测试用例!H:H,"LV0") -> 6 | E14: =COUNTIFS(测试用例!C:C,"*1320_013*",测试用例!H:H,"LV1") -> 25 | F14: =COUNTIFS(测试用例!C:C,"*1320_013*",测试用例!H:H,"LV2") -> 38 | G14: =COUNTIFS(测试用例!C:C,"*1320_013*",测试用例!H:H,"LV3") -> 18 | H14: =COUNTIFS(测试用例!C:C,"*1320_013*",测试用例!H:H,"LV4") -> 0 | I14: =COUNTIFS(测试用例!C:C,"*1320_013*",测试用例!J:J,"是") -> 0 | J14: =COUNTIFS(测试用例!C:C,"*1320_013*",测试用例!I:I,"是") -> 0 | K14: =D14/C14 -> 0.065934066 | L14: =E14/C14 -> 0.27472527 | M14: =F14/C14 -> 0.41758242 | N14: =G14/C14 -> 0.1978022 | O14: =H14/C14 -> 0 | P14: =J14/C14 -> 0 | Q14: 1320 Sprint1 | R14: 刘丛松
A15: TR_AcuRev1320_014 | B15: 电能质量事件 | C15: =COUNTIFS(测试用例!C:C,"*1320_014*") -> 138 | D15: =COUNTIFS(测试用例!C:C,"*1320_014*",测试用例!H:H,"LV0") -> 14 | E15: =COUNTIFS(测试用例!C:C,"*1320_014*",测试用例!H:H,"LV1") -> 19 | F15: =COUNTIFS(测试用例!C:C,"*1320_014*",测试用例!H:H,"LV2") -> 90 | G15: =COUNTIFS(测试用例!C:C,"*1320_014*",测试用例!H:H,"LV3") -> 11 | H15: =COUNTIFS(测试用例!C:C,"*1320_014*",测试用例!H:H,"LV4") -> 3 | I15: =COUNTIFS(测试用例!C:C,"*1320_014*",测试用例!J:J,"是") -> 0 | J15: =COUNTIFS(测试用例!C:C,"*1320_014*",测试用例!I:I,"是") -> 0 | K15: =D15/C15 -> 0.10144928 | L15: =E15/C15 -> 0.13768116 | M15: =F15/C15 -> 0.65217391 | N15: =G15/C15 -> 0.079710145 | O15: =H15/C15 -> 0.02173913 | P15: =J15/C15 -> 0 | Q15: 1320 Sprint1
A16: TR_AcuRev1320_015 | B16: 告警功能 | C16: =COUNTIFS(测试用例!C:C,"*1320_015*") -> 93 | D16: =COUNTIFS(测试用例!C:C,"*1320_015*",测试用例!H:H,"LV0") -> 5 | E16: =COUNTIFS(测试用例!C:C,"*1320_015*",测试用例!H:H,"LV1") -> 24 | F16: =COUNTIFS(测试用例!C:C,"*1320_015*",测试用例!H:H,"LV2") -> 50 | G16: =COUNTIFS(测试用例!C:C,"*1320_015*",测试用例!H:H,"LV3") -> 13 | H16: =COUNTIFS(测试用例!C:C,"*1320_015*",测试用例!H:H,"LV4") -> 0 | I16: =COUNTIFS(测试用例!C:C,"*1320_015*",测试用例!J:J,"是") -> 0 | J16: =COUNTIFS(测试用例!C:C,"*1320_015*",测试用例!I:I,"是") -> 0 | K16: =D16/C16 -> 0.053763441 | L16: =E16/C16 -> 0.25806452 | M16: =F16/C16 -> 0.53763441 | N16: =G16/C16 -> 0.13978495 | O16: =H16/C16 -> 0 | P16: =J16/C16 -> 0 | Q16: 1320 Sprint1 | R16: 王丽红
A17: TR_AcuRev1320_016 | B17: 记录与统计 | C17: =COUNTIFS(测试用例!C:C,"*1320_016*") -> 48 | D17: =COUNTIFS(测试用例!C:C,"*1320_016*",测试用例!H:H,"LV0") -> 4 | E17: =COUNTIFS(测试用例!C:C,"*1320_016*",测试用例!H:H,"LV1") -> 10 | F17: =COUNTIFS(测试用例!C:C,"*1320_016*",测试用例!H:H,"LV2") -> 20 | G17: =COUNTIFS(测试用例!C:C,"*1320_016*",测试用例!H:H,"LV3") -> 11 | H17: =COUNTIFS(测试用例!C:C,"*1320_016*",测试用例!H:H,"LV4") -> 3 | I17: =COUNTIFS(测试用例!C:C,"*1320_016*",测试用例!J:J,"是") -> 0 | J17: =COUNTIFS(测试用例!C:C,"*1320_016*",测试用例!I:I,"是") -> 0 | K17: =D17/C17 -> 0.083333333 | L17: =E17/C17 -> 0.20833333 | M17: =F17/C17 -> 0.41666667 | N17: =G17/C17 -> 0.22916667 | O17: =H17/C17 -> 0.0625 | P17: =J17/C17 -> 0 | Q17: 1320 Sprint1
A18: TR_AcuRev1320_017 | B18: DATA Log | C18: =COUNTIFS(测试用例!C:C,"*1320_017*") -> 76 | D18: =COUNTIFS(测试用例!C:C,"*1320_017*",测试用例!H:H,"LV0") -> 4 | E18: =COUNTIFS(测试用例!C:C,"*1320_017*",测试用例!H:H,"LV1") -> 12 | F18: =COUNTIFS(测试用例!C:C,"*1320_017*",测试用例!H:H,"LV2") -> 34 | G18: =COUNTIFS(测试用例!C:C,"*1320_017*",测试用例!H:H,"LV3") -> 17 | H18: =COUNTIFS(测试用例!C:C,"*1320_017*",测试用例!H:H,"LV4") -> 9 | I18: =COUNTIFS(测试用例!C:C,"*1320_017*",测试用例!J:J,"是") -> 0 | J18: =COUNTIFS(测试用例!C:C,"*1320_017*",测试用例!I:I,"是") -> 0 | K18: =D18/C18 -> 0.052631579 | L18: =E18/C18 -> 0.15789474 | M18: =F18/C18 -> 0.44736842 | N18: =G18/C18 -> 0.22368421 | O18: =H18/C18 -> 0.11842105 | P18: =J18/C18 -> 0 | Q18: 1320 Sprint1
A19: TR_AcuRev1320_018 | B19: Input&Output | C19: =COUNTIFS(测试用例!C:C,"*1320_018*") -> 59 | D19: =COUNTIFS(测试用例!C:C,"*1320_018*",测试用例!H:H,"LV0") -> 4 | E19: =COUNTIFS(测试用例!C:C,"*1320_018*",测试用例!H:H,"LV1") -> 12 | F19: =COUNTIFS(测试用例!C:C,"*1320_018*",测试用例!H:H,"LV2") -> 26 | G19: =COUNTIFS(测试用例!C:C,"*1320_018*",测试用例!H:H,"LV3") -> 15 | H19: =COUNTIFS(测试用例!C:C,"*1320_018*",测试用例!H:H,"LV4") -> 2 | I19: =COUNTIFS(测试用例!C:C,"*1320_018*",测试用例!J:J,"是") -> 0 | J19: =COUNTIFS(测试用例!C:C,"*1320_018*",测试用例!I:I,"是") -> 0 | K19: =D19/C19 -> 0.06779661 | L19: =E19/C19 -> 0.20338983 | M19: =F19/C19 -> 0.44067797 | N19: =G19/C19 -> 0.25423729 | O19: =H19/C19 -> 0.033898305 | P19: =J19/C19 -> 0 | Q19: 1320 Sprint1
A20: TR_AcuRev1320_019 | B20: 计时功能 | C20: =COUNTIFS(测试用例!C:C,"*1320_019*") -> 28 | D20: =COUNTIFS(测试用例!C:C,"*1320_019*",测试用例!H:H,"LV0") -> 1 | E20: =COUNTIFS(测试用例!C:C,"*1320_019*",测试用例!H:H,"LV1") -> 5 | F20: =COUNTIFS(测试用例!C:C,"*1320_019*",测试用例!H:H,"LV2") -> 14 | G20: =COUNTIFS(测试用例!C:C,"*1320_019*",测试用例!H:H,"LV3") -> 6 | H20: =COUNTIFS(测试用例!C:C,"*1320_019*",测试用例!H:H,"LV4") -> 2 | I20: =COUNTIFS(测试用例!C:C,"*1320_019*",测试用例!J:J,"是") -> 0 | J20: =COUNTIFS(测试用例!C:C,"*1320_019*",测试用例!I:I,"是") -> 0 | K20: =D20/C20 -> 0.035714286 | L20: =E20/C20 -> 0.17857143 | M20: =F20/C20 -> 0.5 | N20: =G20/C20 -> 0.21428571 | O20: =H20/C20 -> 0.071428571 | P20: =J20/C20 -> 0 | Q20: 1320 Sprint1
A21: TR_AcuRev1320_020 | B21: 数据重置及恢复出厂设置 | C21: =COUNTIFS(测试用例!C:C,"*1320_020*") -> 32 | D21: =COUNTIFS(测试用例!C:C,"*1320_020*",测试用例!H:H,"LV0") -> 2 | E21: =COUNTIFS(测试用例!C:C,"*1320_020*",测试用例!H:H,"LV1") -> 9 | F21: =COUNTIFS(测试用例!C:C,"*1320_020*",测试用例!H:H,"LV2") -> 13 | G21: =COUNTIFS(测试用例!C:C,"*1320_020*",测试用例!H:H,"LV3") -> 5 | H21: =COUNTIFS(测试用例!C:C,"*1320_020*",测试用例!H:H,"LV4") -> 3 | I21: =COUNTIFS(测试用例!C:C,"*1320_020*",测试用例!J:J,"是") -> 0 | J21: =COUNTIFS(测试用例!C:C,"*1320_020*",测试用例!I:I,"是") -> 0 | K21: =D21/C21 -> 0.0625 | L21: =E21/C21 -> 0.28125 | M21: =F21/C21 -> 0.40625 | N21: =G21/C21 -> 0.15625 | O21: =H21/C21 -> 0.09375 | P21: =J21/C21 -> 0 | Q21: 1320 Sprint1
A22: TR_AcuRev1320_021 | B22: 网络模块 | C22: =COUNTIFS(测试用例!C:C,"*1320_021*") -> 85 | D22: =COUNTIFS(测试用例!C:C,"*1320_021*",测试用例!H:H,"LV0") -> 3 | E22: =COUNTIFS(测试用例!C:C,"*1320_021*",测试用例!H:H,"LV1") -> 23 | F22: =COUNTIFS(测试用例!C:C,"*1320_021*",测试用例!H:H,"LV2") -> 32 | G22: =COUNTIFS(测试用例!C:C,"*1320_021*",测试用例!H:H,"LV3") -> 16 | H22: =COUNTIFS(测试用例!C:C,"*1320_021*",测试用例!H:H,"LV4") -> 11 | I22: =COUNTIFS(测试用例!C:C,"*1320_021*",测试用例!J:J,"是") -> 0 | J22: =COUNTIFS(测试用例!C:C,"*1320_021*",测试用例!I:I,"是") -> 0 | K22: =D22/C22 -> 0.035294118 | L22: =E22/C22 -> 0.27058824 | M22: =F22/C22 -> 0.37647059 | N22: =G22/C22 -> 0.18823529 | O22: =H22/C22 -> 0.12941176 | P22: =J22/C22 -> 0 | Q22: 1320 Sprint1
A23: TR_AcuRev1320_022 | B23: BACnet通信协议 | C23: =COUNTIFS(测试用例!C:C,"*1320_022*") -> 23 | D23: =COUNTIFS(测试用例!C:C,"*1320_022*",测试用例!H:H,"LV0") -> 2 | E23: =COUNTIFS(测试用例!C:C,"*1320_022*",测试用例!H:H,"LV1") -> 12 | F23: =COUNTIFS(测试用例!C:C,"*1320_022*",测试用例!H:H,"LV2") -> 5 | G23: =COUNTIFS(测试用例!C:C,"*1320_022*",测试用例!H:H,"LV3") -> 3 | H23: =COUNTIFS(测试用例!C:C,"*1320_022*",测试用例!H:H,"LV4") -> 1 | I23: =COUNTIFS(测试用例!C:C,"*1320_022*",测试用例!J:J,"是") -> 0 | J23: =COUNTIFS(测试用例!C:C,"*1320_022*",测试用例!I:I,"是") -> 0 | K23: =D23/C23 -> 0.086956522 | L23: =E23/C23 -> 0.52173913 | M23: =F23/C23 -> 0.2173913 | N23: =G23/C23 -> 0.13043478 | O23: =H23/C23 -> 0.043478261 | P23: =J23/C23 -> 0 | Q23: 1320 Sprint1 | R23: 王丽红
A24: TR_AcuRev1320_023 | B24: Firmware升级 | C24: =COUNTIFS(测试用例!C:C,"*1320_023*") -> 40 | D24: =COUNTIFS(测试用例!C:C,"*1320_023*",测试用例!H:H,"LV0") -> 2 | E24: =COUNTIFS(测试用例!C:C,"*1320_023*",测试用例!H:H,"LV1") -> 8 | F24: =COUNTIFS(测试用例!C:C,"*1320_023*",测试用例!H:H,"LV2") -> 18 | G24: =COUNTIFS(测试用例!C:C,"*1320_023*",测试用例!H:H,"LV3") -> 11 | H24: =COUNTIFS(测试用例!C:C,"*1320_023*",测试用例!H:H,"LV4") -> 1 | I24: =COUNTIFS(测试用例!C:C,"*1320_023*",测试用例!J:J,"是") -> 0 | J24: =COUNTIFS(测试用例!C:C,"*1320_023*",测试用例!I:I,"是") -> 0 | K24: =D24/C24 -> 0.05 | L24: =E24/C24 -> 0.2 | M24: =F24/C24 -> 0.45 | N24: =G24/C24 -> 0.275 | O24: =H24/C24 -> 0.025 | P24: =J24/C24 -> 0 | Q24: 1320 Sprint1 | R24: 胡赞
A25: TR_AcuRev1320_024 | B25: 铅封功能 | C25: =COUNTIFS(测试用例!C:C,"*1320_024*") -> 61 | D25: =COUNTIFS(测试用例!C:C,"*1320_024*",测试用例!H:H,"LV0") -> 2 | E25: =COUNTIFS(测试用例!C:C,"*1320_024*",测试用例!H:H,"LV1") -> 13 | F25: =COUNTIFS(测试用例!C:C,"*1320_024*",测试用例!H:H,"LV2") -> 32 | G25: =COUNTIFS(测试用例!C:C,"*1320_024*",测试用例!H:H,"LV3") -> 9 | H25: =COUNTIFS(测试用例!C:C,"*1320_024*",测试用例!H:H,"LV4") -> 4 | I25: =COUNTIFS(测试用例!C:C,"*1320_024*",测试用例!J:J,"是") -> 0 | J25: =COUNTIFS(测试用例!C:C,"*1320_024*",测试用例!I:I,"是") -> 0 | K25: =D25/C25 -> 0.032786885 | L25: =E25/C25 -> 0.21311475 | M25: =F25/C25 -> 0.52459016 | N25: =G25/C25 -> 0.14754098 | O25: =H25/C25 -> 0.06557377 | P25: =J25/C25 -> 0 | Q25: 1320 Sprint1
A26: TR_AcuRev1320_025 | B26: 校准功能 | C26: =COUNTIFS(测试用例!C:C,"*1320_025*") -> 6 | D26: =COUNTIFS(测试用例!C:C,"*1320_025*",测试用例!H:H,"LV0") -> 4 | E26: =COUNTIFS(测试用例!C:C,"*1320_025*",测试用例!H:H,"LV1") -> 0 | F26: =COUNTIFS(测试用例!C:C,"*1320_025*",测试用例!H:H,"LV2") -> 0 | G26: =COUNTIFS(测试用例!C:C,"*1320_025*",测试用例!H:H,"LV3") -> 1 | H26: =COUNTIFS(测试用例!C:C,"*1320_025*",测试用例!H:H,"LV4") -> 1 | I26: =COUNTIFS(测试用例!C:C,"*1320_025*",测试用例!J:J,"是") -> 0 | J26: =COUNTIFS(测试用例!C:C,"*1320_025*",测试用例!I:I,"是") -> 0 | K26: =D26/C26 -> 0.66666667 | L26: =E26/C26 -> 0 | M26: =F26/C26 -> 0 | N26: =G26/C26 -> 0.16666667 | O26: =H26/C26 -> 0.16666667 | P26: =J26/C26 -> 0 | Q26: 1320 Sprint1
A27: TR_AcuRev1320_026 | B27: HMI测量设置及出厂信息 | C27: =COUNTIFS(测试用例!C:C,"*1320_026*") -> 89 | D27: =COUNTIFS(测试用例!C:C,"*1320_026*",测试用例!H:H,"LV0") -> 2 | E27: =COUNTIFS(测试用例!C:C,"*1320_026*",测试用例!H:H,"LV1") -> 24 | F27: =COUNTIFS(测试用例!C:C,"*1320_026*",测试用例!H:H,"LV2") -> 45 | G27: =COUNTIFS(测试用例!C:C,"*1320_026*",测试用例!H:H,"LV3") -> 14 | H27: =COUNTIFS(测试用例!C:C,"*1320_026*",测试用例!H:H,"LV4") -> 2 | I27: =COUNTIFS(测试用例!C:C,"*1320_026*",测试用例!J:J,"是") -> 0 | J27: =COUNTIFS(测试用例!C:C,"*1320_026*",测试用例!I:I,"是") -> 0 | K27: =D27/C27 -> 0.02247191 | L27: =E27/C27 -> 0.26966292 | M27: =F27/C27 -> 0.50561798 | N27: =G27/C27 -> 0.15730337 | O27: =H27/C27 -> 0.02247191 | P27: =J27/C27 -> 0 | Q27: 1320 Sprint1
A28: TR_AcuRev1320_027 | B28: 密码及背光设置 | C28: =COUNTIFS(测试用例!C:C,"*1320_027*") -> 34 | D28: =COUNTIFS(测试用例!C:C,"*1320_027*",测试用例!H:H,"LV0") -> 3 | E28: =COUNTIFS(测试用例!C:C,"*1320_027*",测试用例!H:H,"LV1") -> 20 | F28: =COUNTIFS(测试用例!C:C,"*1320_027*",测试用例!H:H,"LV2") -> 6 | G28: =COUNTIFS(测试用例!C:C,"*1320_027*",测试用例!H:H,"LV3") -> 3 | H28: =COUNTIFS(测试用例!C:C,"*1320_027*",测试用例!H:H,"LV4") -> 1 | I28: =COUNTIFS(测试用例!C:C,"*1320_027*",测试用例!J:J,"是") -> 0 | J28: =COUNTIFS(测试用例!C:C,"*1320_027*",测试用例!I:I,"是") -> 0 | K28: =D28/C28 -> 0.088235294 | L28: =E28/C28 -> 0.58823529 | M28: =F28/C28 -> 0.17647059 | N28: =G28/C28 -> 0.088235294 | O28: =H28/C28 -> 0.029411765 | P28: =J28/C28 -> 0 | Q28: 1320 Sprint1
A29: TR_AcuRev1320_028 | B29: 电源要求 | C29: =COUNTIFS(测试用例!C:C,"*1320_028*") -> 2 | D29: =COUNTIFS(测试用例!C:C,"*1320_028*",测试用例!H:H,"LV0") -> 1 | E29: =COUNTIFS(测试用例!C:C,"*1320_028*",测试用例!H:H,"LV1") -> 1 | F29: =COUNTIFS(测试用例!C:C,"*1320_028*",测试用例!H:H,"LV2") -> 0 | G29: =COUNTIFS(测试用例!C:C,"*1320_028*",测试用例!H:H,"LV3") -> 0 | H29: =COUNTIFS(测试用例!C:C,"*1320_028*",测试用例!H:H,"LV4") -> 0 | I29: =COUNTIFS(测试用例!C:C,"*1320_028*",测试用例!J:J,"是") -> 0 | J29: =COUNTIFS(测试用例!C:C,"*1320_028*",测试用例!I:I,"是") -> 0 | K29: =D29/C29 -> 0.5 | L29: =E29/C29 -> 0.5 | M29: =F29/C29 -> 0 | N29: =G29/C29 -> 0 | O29: =H29/C29 -> 0 | P29: =J29/C29 -> 0 | Q29: 1320 Sprint1
A30: TR_AcuRev1320_029 | B30: 性能验证 | C30: =COUNTIFS(测试用例!C:C,"*1320_029*") -> 3 | D30: =COUNTIFS(测试用例!C:C,"*1320_029*",测试用例!H:H,"LV0") -> 0 | E30: =COUNTIFS(测试用例!C:C,"*1320_029*",测试用例!H:H,"LV1") -> 0 | F30: =COUNTIFS(测试用例!C:C,"*1320_029*",测试用例!H:H,"LV2") -> 0 | G30: =COUNTIFS(测试用例!C:C,"*1320_029*",测试用例!H:H,"LV3") -> 3 | H30: =COUNTIFS(测试用例!C:C,"*1320_029*",测试用例!H:H,"LV4") -> 0 | I30: =COUNTIFS(测试用例!C:C,"*1320_029*",测试用例!J:J,"是") -> 0 | J30: =COUNTIFS(测试用例!C:C,"*1320_029*",测试用例!I:I,"是") -> 0 | K30: =D30/C30 -> 0 | L30: =E30/C30 -> 0 | M30: =F30/C30 -> 0 | N30: =G30/C30 -> 1 | O30: =H30/C30 -> 0 | P30: =J30/C30 -> 0 | Q30: 1320 Sprint1
A31: TR_AcuRev1320_030 | B31: 电气参数稳定性&压力验证 | C31: =COUNTIFS(测试用例!C:C,"*1320_030*") -> 14 | D31: =COUNTIFS(测试用例!C:C,"*1320_030*",测试用例!H:H,"LV0") -> 0 | E31: =COUNTIFS(测试用例!C:C,"*1320_030*",测试用例!H:H,"LV1") -> 0 | F31: =COUNTIFS(测试用例!C:C,"*1320_030*",测试用例!H:H,"LV2") -> 4 | G31: =COUNTIFS(测试用例!C:C,"*1320_030*",测试用例!H:H,"LV3") -> 7 | H31: =COUNTIFS(测试用例!C:C,"*1320_030*",测试用例!H:H,"LV4") -> 3 | I31: =COUNTIFS(测试用例!C:C,"*1320_030*",测试用例!J:J,"是") -> 0 | J31: =COUNTIFS(测试用例!C:C,"*1320_030*",测试用例!I:I,"是") -> 11 | K31: =D31/C31 -> 0 | L31: =E31/C31 -> 0 | M31: =F31/C31 -> 0.28571429 | N31: =G31/C31 -> 0.5 | O31: =H31/C31 -> 0.21428571 | P31: =J31/C31 -> 0.78571429 | Q31: 1320 Sprint1
A32: TR_AcuRev1320_031 | B32: 挂机专项验证 | C32: =COUNTIFS(测试用例!C:C,"*1320_031*") -> 8 | D32: =COUNTIFS(测试用例!C:C,"*1320_031*",测试用例!H:H,"LV0") -> 0 | E32: =COUNTIFS(测试用例!C:C,"*1320_031*",测试用例!H:H,"LV1") -> 5 | F32: =COUNTIFS(测试用例!C:C,"*1320_031*",测试用例!H:H,"LV2") -> 0 | G32: =COUNTIFS(测试用例!C:C,"*1320_031*",测试用例!H:H,"LV3") -> 2 | H32: =COUNTIFS(测试用例!C:C,"*1320_031*",测试用例!H:H,"LV4") -> 1 | I32: =COUNTIFS(测试用例!C:C,"*1320_031*",测试用例!J:J,"是") -> 0 | J32: =COUNTIFS(测试用例!C:C,"*1320_031*",测试用例!I:I,"是") -> 0 | K32: =D32/C32 -> 0 | L32: =E32/C32 -> 0.625 | M32: =F32/C32 -> 0 | N32: =G32/C32 -> 0.25 | O32: =H32/C32 -> 0.125 | P32: =J32/C32 -> 0 | Q32: 1320 Sprint1
A33: TR_AcuRev1320_032 | B33: 上位机DataLogSetting | C33: =COUNTIFS(测试用例!C:C,"*1320_032*") -> 30 | D33: =COUNTIFS(测试用例!C:C,"*1320_032*",测试用例!H:H,"LV0") -> 1 | E33: =COUNTIFS(测试用例!C:C,"*1320_032*",测试用例!H:H,"LV1") -> 9 | F33: =COUNTIFS(测试用例!C:C,"*1320_032*",测试用例!H:H,"LV2") -> 8 | G33: =COUNTIFS(测试用例!C:C,"*1320_032*",测试用例!H:H,"LV3") -> 9 | H33: =COUNTIFS(测试用例!C:C,"*1320_032*",测试用例!H:H,"LV4") -> 3 | I33: =COUNTIFS(测试用例!C:C,"*1320_032*",测试用例!J:J,"是") -> 0 | J33: =COUNTIFS(测试用例!C:C,"*1320_032*",测试用例!I:I,"是") -> 0 | K33: =D33/C33 -> 0.033333333 | L33: =E33/C33 -> 0.3 | M33: =F33/C33 -> 0.26666667 | N33: =G33/C33 -> 0.3 | O33: =H33/C33 -> 0.1 | P33: =J33/C33 -> 0 | Q33: 1320 Sprint1
A34: TR_AcuRev1320_033 | B34: 脉冲计算器 | C34: =COUNTIFS(测试用例!C:C,"*1320_033*") -> 7 | D34: =COUNTIFS(测试用例!C:C,"*1320_033*",测试用例!H:H,"LV0") -> 1 | E34: =COUNTIFS(测试用例!C:C,"*1320_033*",测试用例!H:H,"LV1") -> 1 | F34: =COUNTIFS(测试用例!C:C,"*1320_033*",测试用例!H:H,"LV2") -> 1 | G34: =COUNTIFS(测试用例!C:C,"*1320_033*",测试用例!H:H,"LV3") -> 3 | H34: =COUNTIFS(测试用例!C:C,"*1320_033*",测试用例!H:H,"LV4") -> 1 | I34: =COUNTIFS(测试用例!C:C,"*1320_033*",测试用例!J:J,"是") -> 0 | J34: =COUNTIFS(测试用例!C:C,"*1320_033*",测试用例!I:I,"是") -> 0 | K34: =D34/C34 -> 0.14285714 | L34: =E34/C34 -> 0.14285714 | M34: =F34/C34 -> 0.14285714 | N34: =G34/C34 -> 0.42857143 | O34: =H34/C34 -> 0.14285714 | P34: =J34/C34 -> 0 | Q34: 1320 Sprint1
A35: TR_AcuRev1320_034 | B35: 数据导出导入 | C35: =COUNTIFS(测试用例!C:C,"*1320_034*") -> 10 | D35: =COUNTIFS(测试用例!C:C,"*1320_034*",测试用例!H:H,"LV0") -> 1 | E35: =COUNTIFS(测试用例!C:C,"*1320_034*",测试用例!H:H,"LV1") -> 1 | F35: =COUNTIFS(测试用例!C:C,"*1320_034*",测试用例!H:H,"LV2") -> 8 | G35: =COUNTIFS(测试用例!C:C,"*1320_034*",测试用例!H:H,"LV3") -> 0 | H35: =COUNTIFS(测试用例!C:C,"*1320_034*",测试用例!H:H,"LV4") -> 0 | I35: =COUNTIFS(测试用例!C:C,"*1320_034*",测试用例!J:J,"是") -> 0 | J35: =COUNTIFS(测试用例!C:C,"*1320_034*",测试用例!I:I,"是") -> 0 | K35: =D35/C35 -> 0.1 | L35: =E35/C35 -> 0.1 | M35: =F35/C35 -> 0.8 | N35: =G35/C35 -> 0 | O35: =H35/C35 -> 0 | P35: =J35/C35 -> 0 | Q35: 1320 Sprint1
A36: TR_AcuRev1320_035 | B36: rstp功能验证 | C36: =COUNTIFS(测试用例!C:C,"*1320_035*") -> 15 | D36: =COUNTIFS(测试用例!C:C,"*1320_035*",测试用例!H:H,"LV0") -> 3 | E36: =COUNTIFS(测试用例!C:C,"*1320_035*",测试用例!H:H,"LV1") -> 3 | F36: =COUNTIFS(测试用例!C:C,"*1320_035*",测试用例!H:H,"LV2") -> 9 | G36: =COUNTIFS(测试用例!C:C,"*1320_035*",测试用例!H:H,"LV3") -> 0 | H36: =COUNTIFS(测试用例!C:C,"*1320_035*",测试用例!H:H,"LV4") -> 0 | I36: =COUNTIFS(测试用例!C:C,"*1320_035*",测试用例!J:J,"是") -> 0 | J36: =COUNTIFS(测试用例!C:C,"*1320_035*",测试用例!I:I,"是") -> 0 | K36: =D36/C36 -> 0.2 | L36: =E36/C36 -> 0.2 | M36: =F36/C36 -> 0.6 | N36: =G36/C36 -> 0 | O36: =H36/C36 -> 0 | P36: =J36/C36 -> 0 | Q36: 1320 Sprint1
A37: TR_AcuRev1320_036 | B37: USB接口测试 | C37: =COUNTIFS(测试用例!C:C,"*1320_036*") -> 51 | D37: =COUNTIFS(测试用例!C:C,"*1320_036*",测试用例!H:H,"LV0") -> 2 | E37: =COUNTIFS(测试用例!C:C,"*1320_036*",测试用例!H:H,"LV1") -> 30 | F37: =COUNTIFS(测试用例!C:C,"*1320_036*",测试用例!H:H,"LV2") -> 19 | G37: =COUNTIFS(测试用例!C:C,"*1320_036*",测试用例!H:H,"LV3") -> 0 | H37: =COUNTIFS(测试用例!C:C,"*1320_036*",测试用例!H:H,"LV4") -> 0 | I37: =COUNTIFS(测试用例!C:C,"*1320_036*",测试用例!J:J,"是") -> 0 | J37: =COUNTIFS(测试用例!C:C,"*1320_036*",测试用例!I:I,"是") -> 0 | K37: =D37/C37 -> 0.039215686 | L37: =E37/C37 -> 0.58823529 | M37: =F37/C37 -> 0.37254902 | N37: =G37/C37 -> 0 | O37: =H37/C37 -> 0 | P37: =J37/C37 -> 0 | Q37: 1320 Sprint2
A38: TR_AcuRev1320_037 | B38: 电压闪变 | C38: =COUNTIFS(测试用例!C:C,"*1320_037*") -> 9 | D38: =COUNTIFS(测试用例!C:C,"*1320_037*",测试用例!H:H,"LV0") -> 1 | E38: =COUNTIFS(测试用例!C:C,"*1320_037*",测试用例!H:H,"LV1") -> 1 | F38: =COUNTIFS(测试用例!C:C,"*1320_037*",测试用例!H:H,"LV2") -> 7 | G38: =COUNTIFS(测试用例!C:C,"*1320_037*",测试用例!H:H,"LV3") -> 0 | H38: =COUNTIFS(测试用例!C:C,"*1320_037*",测试用例!H:H,"LV4") -> 0 | I38: =COUNTIFS(测试用例!C:C,"*1320_037*",测试用例!J:J,"是") -> 0 | J38: =COUNTIFS(测试用例!C:C,"*1320_037*",测试用例!I:I,"是") -> 0 | K38: =D38/C38 -> 0.11111111 | L38: =E38/C38 -> 0.11111111 | M38: =F38/C38 -> 0.77777778 | N38: =G38/C38 -> 0 | O38: =H38/C38 -> 0 | P38: =J38/C38 -> 0 | Q38: 1320新增
A39: TR_AcuRev1320_038 | B39: 数据推送到AcuCloud | C39: =COUNTIFS(测试用例!C:C,"*1320_038*") -> 13 | D39: =COUNTIFS(测试用例!C:C,"*1320_038*",测试用例!H:H,"LV0") -> 1 | E39: =COUNTIFS(测试用例!C:C,"*1320_038*",测试用例!H:H,"LV1") -> 0 | F39: =COUNTIFS(测试用例!C:C,"*1320_038*",测试用例!H:H,"LV2") -> 9 | G39: =COUNTIFS(测试用例!C:C,"*1320_038*",测试用例!H:H,"LV3") -> 2 | H39: =COUNTIFS(测试用例!C:C,"*1320_038*",测试用例!H:H,"LV4") -> 1 | I39: =COUNTIFS(测试用例!C:C,"*1320_038*",测试用例!J:J,"是") -> 0 | J39: =COUNTIFS(测试用例!C:C,"*1320_038*",测试用例!I:I,"是") -> 0 | K39: =D39/C39 -> 0.076923077 | L39: =E39/C39 -> 0 | M39: =F39/C39 -> 0.69230769 | N39: =G39/C39 -> 0.15384615 | O39: =H39/C39 -> 0.076923077 | P39: =J39/C39 -> 0 | Q39: 1320新增
A40: TR_AcuRev1320_039 | B40: 数据推送Data Post | C40: =COUNTIFS(测试用例!C:C,"*1320_039*") -> 15 | D40: =COUNTIFS(测试用例!C:C,"*1320_039*",测试用例!H:H,"LV0") -> 2 | E40: =COUNTIFS(测试用例!C:C,"*1320_039*",测试用例!H:H,"LV1") -> 1 | F40: =COUNTIFS(测试用例!C:C,"*1320_039*",测试用例!H:H,"LV2") -> 11 | G40: =COUNTIFS(测试用例!C:C,"*1320_039*",测试用例!H:H,"LV3") -> 0 | H40: =COUNTIFS(测试用例!C:C,"*1320_039*",测试用例!H:H,"LV4") -> 0 | I40: =COUNTIFS(测试用例!C:C,"*1320_039*",测试用例!J:J,"是") -> 0 | J40: =COUNTIFS(测试用例!C:C,"*1320_039*",测试用例!I:I,"是") -> 0 | K40: =D40/C40 -> 0.13333333 | L40: =E40/C40 -> 0.066666667 | M40: =F40/C40 -> 0.73333333 | N40: =G40/C40 -> 0 | O40: =H40/C40 -> 0 | P40: =J40/C40 -> 0 | Q40: 1320新增
A41: TR_AcuRev1320_040 | B41: DataLoggers | C41: =COUNTIFS(测试用例!C:C,"*1320_040*") -> 16 | D41: =COUNTIFS(测试用例!C:C,"*1320_040*",测试用例!H:H,"LV0") -> 3 | E41: =COUNTIFS(测试用例!C:C,"*1320_040*",测试用例!H:H,"LV1") -> 3 | F41: =COUNTIFS(测试用例!C:C,"*1320_040*",测试用例!H:H,"LV2") -> 5 | G41: =COUNTIFS(测试用例!C:C,"*1320_040*",测试用例!H:H,"LV3") -> 3 | H41: =COUNTIFS(测试用例!C:C,"*1320_040*",测试用例!H:H,"LV4") -> 2 | I41: =COUNTIFS(测试用例!C:C,"*1320_040*",测试用例!J:J,"是") -> 0 | J41: =COUNTIFS(测试用例!C:C,"*1320_040*",测试用例!I:I,"是") -> 0 | K41: =D41/C41 -> 0.1875 | L41: =E41/C41 -> 0.1875 | M41: =F41/C41 -> 0.3125 | N41: =G41/C41 -> 0.1875 | O41: =H41/C41 -> 0.125 | P41: =J41/C41 -> 0 | Q41: 1320新增
A42: TR_AcuRev1320_042 | B42: DualSource Energy | C42: =COUNTIFS(测试用例!C:C,"*1320_042*") -> 65 | D42: =COUNTIFS(测试用例!C:C,"*1320_042*",测试用例!H:H,"LV0") -> 5 | E42: =COUNTIFS(测试用例!C:C,"*1320_042*",测试用例!H:H,"LV1") -> 7 | F42: =COUNTIFS(测试用例!C:C,"*1320_042*",测试用例!H:H,"LV2") -> 52 | G42: =COUNTIFS(测试用例!C:C,"*1320_042*",测试用例!H:H,"LV3") -> 1 | H42: =COUNTIFS(测试用例!C:C,"*1320_042*",测试用例!H:H,"LV4") -> 0 | I42: =COUNTIFS(测试用例!C:C,"*1320_042*",测试用例!J:J,"是") -> 0 | J42: =COUNTIFS(测试用例!C:C,"*1320_042*",测试用例!I:I,"是") -> 0 | K42: =D42/C42 -> 0.076923077 | L42: =E42/C42 -> 0.10769231 | M42: =F42/C42 -> 0.8 | N42: =G42/C42 -> 0.015384615 | O42: =H42/C42 -> 0 | P42: =J42/C42 -> 0 | Q42: 1320新增
A43: TR_AcuRev1320_043 | B43: Independent Input | C43: =COUNTIFS(测试用例!C:C,"*1320_043*") -> 60 | D43: =COUNTIFS(测试用例!C:C,"*1320_043*",测试用例!H:H,"LV0") -> 6 | E43: =COUNTIFS(测试用例!C:C,"*1320_043*",测试用例!H:H,"LV1") -> 16 | F43: =COUNTIFS(测试用例!C:C,"*1320_043*",测试用例!H:H,"LV2") -> 29 | G43: =COUNTIFS(测试用例!C:C,"*1320_043*",测试用例!H:H,"LV3") -> 7 | H43: =COUNTIFS(测试用例!C:C,"*1320_043*",测试用例!H:H,"LV4") -> 0 | I43: =COUNTIFS(测试用例!C:C,"*1320_043*",测试用例!J:J,"是") -> 0 | J43: =COUNTIFS(测试用例!C:C,"*1320_043*",测试用例!I:I,"是") -> 0 | K43: =D43/C43 -> 0.1 | L43: =E43/C43 -> 0.26666667 | M43: =F43/C43 -> 0.48333333 | N43: =G43/C43 -> 0.11666667 | O43: =H43/C43 -> 0 | P43: =J43/C43 -> 0 | Q43: 1320新增
A44: TR_AcuRev1320_044 | B44: Custom Read | C44: =COUNTIFS(测试用例!C:C,"*1320_044*") -> 25 | D44: =COUNTIFS(测试用例!C:C,"*1320_044*",测试用例!H:H,"LV0") -> 2 | E44: =COUNTIFS(测试用例!C:C,"*1320_044*",测试用例!H:H,"LV1") -> 6 | F44: =COUNTIFS(测试用例!C:C,"*1320_044*",测试用例!H:H,"LV2") -> 14 | G44: =COUNTIFS(测试用例!C:C,"*1320_044*",测试用例!H:H,"LV3") -> 2 | H44: =COUNTIFS(测试用例!C:C,"*1320_044*",测试用例!H:H,"LV4") -> 1 | I44: =COUNTIFS(测试用例!C:C,"*1320_044*",测试用例!J:J,"是") -> 0 | J44: =COUNTIFS(测试用例!C:C,"*1320_044*",测试用例!I:I,"是") -> 0 | K44: =D44/C44 -> 0.08 | L44: =E44/C44 -> 0.24 | M44: =F44/C44 -> 0.56 | N44: =G44/C44 -> 0.08 | O44: =H44/C44 -> 0.04 | P44: =J44/C44 -> 0 | Q44: 1320新增
A45: TR_AcuRev1320_045 | B45: Audit\sys Log | C45: =COUNTIFS(测试用例!C:C,"*1320_045*") -> 63 | D45: =COUNTIFS(测试用例!C:C,"*1320_045*",测试用例!H:H,"LV0") -> 3 | E45: =COUNTIFS(测试用例!C:C,"*1320_045*",测试用例!H:H,"LV1") -> 4 | F45: =COUNTIFS(测试用例!C:C,"*1320_045*",测试用例!H:H,"LV2") -> 44 | G45: =COUNTIFS(测试用例!C:C,"*1320_045*",测试用例!H:H,"LV3") -> 3 | H45: =COUNTIFS(测试用例!C:C,"*1320_045*",测试用例!H:H,"LV4") -> 9 | I45: =COUNTIFS(测试用例!C:C,"*1320_045*",测试用例!J:J,"是") -> 0 | J45: =COUNTIFS(测试用例!C:C,"*1320_045*",测试用例!I:I,"是") -> 0 | K45: =D45/C45 -> 0.047619048 | L45: =E45/C45 -> 0.063492063 | M45: =F45/C45 -> 0.6984127 | N45: =G45/C45 -> 0.047619048 | O45: =H45/C45 -> 0.14285714 | P45: =J45/C45 -> 0 | Q45: 1320新增
A46: TR_AcuRev1320_046 | B46: Web页面Reading&setting | C46: =COUNTIFS(测试用例!C:C,"*1320_046*") -> 115 | D46: =COUNTIFS(测试用例!C:C,"*1320_046*",测试用例!H:H,"LV0") -> 11 | E46: =COUNTIFS(测试用例!C:C,"*1320_046*",测试用例!H:H,"LV1") -> 9 | F46: =COUNTIFS(测试用例!C:C,"*1320_046*",测试用例!H:H,"LV2") -> 88 | G46: =COUNTIFS(测试用例!C:C,"*1320_046*",测试用例!H:H,"LV3") -> 3 | H46: =COUNTIFS(测试用例!C:C,"*1320_046*",测试用例!H:H,"LV4") -> 0 | I46: =COUNTIFS(测试用例!C:C,"*1320_046*",测试用例!J:J,"是") -> 0 | J46: =COUNTIFS(测试用例!C:C,"*1320_046*",测试用例!I:I,"是") -> 0 | K46: =D46/C46 -> 0.095652174 | L46: =E46/C46 -> 0.07826087 | M46: =F46/C46 -> 0.76521739 | N46: =G46/C46 -> 0.026086957 | O46: =H46/C46 -> 0 | P46: =J46/C46 -> 0 | Q46: 1320新增
A47: 共计: | C47: =SUM(C2:C46) -> 1835 | D47: =SUM(D2:D46) -> 143 | E47: =SUM(E2:E46) -> 417 | F47: =SUM(F2:F46) -> 897 | G47: =SUM(G2:G46) -> 260 | H47: =SUM(H2:H46) -> 94 | I47: =SUM(I2:I46) -> 0 | J47: =SUM(J2:J46) -> 166 | K47: =D47/C47 -> 0.077929155 | L47: =E47/C47 -> 0.22724796 | M47: =F47/C47 -> 0.48882834 | N47: =G47/C47 -> 0.14168937 | O47: =H47/C47 -> 0.051226158 | P47: =J47/C47 -> 0.090463215
D50: ~

Sheet 用例定级及比例
A1: 用例级别 | B1: 比例 | C1: 定级说明
A2: LV0 | B2: 0.1 | C2: 产品checklist范围内的测试用例，覆盖最基本功能
A3: LV1 | B3: 0.15 | C3: 产品基本功能验证，不涉及配置及场景测试
A4: LV2 | B4: 0.4 | C4: 产品功能测试常见配置及场景测试
A5: LV3 | B5: 0.25 | C5: 不常见的产品测试、配置及场景测试，以及常见异常测试
A6: LV4 | B6: 0.1 | C6: 冷僻的产品功能、配置及场景测试，以及罕见异常测试

Sheet smoke用例
A1: 模块 | B1: 用例编号 | C1: 用例标题 | D1: 预置条件 | E1: 测试步骤 | F1: 预期结果 | G1: 用例级别 | H1: 测试结果 | I1: 测试人员 | J1: 备注
A2: 交流频率 | B2: Function_AcuRev1320_001_01_case2 | C2: 交流电在50HZ 、60 Hz，测量精度要求0.2% | D2: 1、Acuview2上位机 2、网线/RTU串口线 3、AcuRev1320电表 | E2: 1、连接AcuRev1320电表到Acuview2上，链接状态为connected 2、交流电源输入频率为50HZ。 3、Acuview2上和HMI上检查交流电频率是否在精度范围内，范围:49.9 ~ 50.1 4、交流电源输入频率为60HZ。 5、Acuview2上和HMI上检查交流电频率是否在精度范围内，范围:59.88 ~ 60.12 | F2: 3、Acuview2上和HMI上检查交流电频率在精度范围内，范围:49.9 ~ 50.1 5、Acuview2上和HMI上检查交流电频率在精度范围内，范围:59.88 ~ 60.12 | G2: LV0 | H2: Failed | I2: 张三 | J2: 示例: 1、发现xxx问题 2、用例xx步骤不可用，需要与测试yyy对齐 3、xxx环境不具备
A3: 线-地电压(相电压)验证 | B3: Function_AcuRev1320_002_01_case1 | C3: 交流电Van、Vbn、Vcn输入额定电压分别均为69V,120V,测量Van、Vbn、Vcn、Vlnavg满足精度要求0.1% | D3: 1、Acuview2上位机 2、网线/RTU串口线 3、AcuRev1320电表 4、接线方式3e3p4w y | E3: 1、连接AcuRev1320电表到Acuview2上，链接状态为connected 2、交流电源输入相电压Van、Vbn、Vcn的额定电压为69V。 3、Acuview2上和HMI上检查交流电相电压是否均在精度范围内， Van、Vbn、Vcn范围(V):68.931 ~ 69.069， Vlnavg范围(V)：68.931 ~ 69.069 4、交流电源输入相电压Van、Vbn、Vcn的额定电压为120V。 5、Acuview2上和HMI上检查交流电相电压是否均在精度范围内，范围(V):119.88 ~ 120.12， Vlnavg范围(V)：119.88 ~ 120.12 6、以上步骤中，检查web页面与Acuview2、HMI上交流电相电压是否一致，是否均在精度范围内 | F3: 3、Acuview2上和HMI上检查交流电相电压均在精度范围内，范围(V):68.931 ~ 69.069，Vlnavg范围(V)：68.931 ~ 69.069 5、Acuview2上和HMI上检查交流电相电压均在精度范围内，范围(V):119.88 ~ 120.12，Vlnavg范围(V)：119.88 ~ 120.12 6、以上步骤中，检查web页面与Acuview2、HMI上交流电相电压一致，均在精度范围内 | G3: LV0
A4: 线-线电压(线电压)验证 | B4: Function_AcuRev1320_002_02_case1 | C4: 交流电Van、Vbn、Vcn均输入电压69V和120V, 测量Vab，Vac、Vbc、Vllavg精度均满足要求0.1% | D4: 1、Acuview2上位机 2、网线/RTU串口线 3、AcuRev1320电表 4、接线方式3e3p4w y | E4: 1、连接AcuRev1320电表到Acuview2上，链接状态为connected 2、交流电源输入相电压Van、Vbn、Vcn的额定电压为69V。 3、Acuview2上和HMI上检查交流电相电压是否均在精度范围内，范围(V):119.388492 ~ 119.627508， Vllavg范围(V)：119.388492 ~ 119.627508 4、交流电源输入相电压Van、Vbn、Vcn的额定电压为120V。 5、Acuview2上和HMI上检查交流电相电压是否均在精度范围内，范围(V):207.63216 ~ 208.04784， Vllavg范围(V)：207.63216 ~ 208.04784 6、以上步骤中，检查web页面是否与Acuview2上、hmi数据保持一致，是否均在范围内 | F4: 3、Acuview2上和HMI上检查交流电相电压均在精度范围内，范围(V):119.388492 ~ 119.627508， Vllavg范围(V)：119.388492 ~ 119.627508 5、Acuview2上和HMI上检查交流电相电压均在精度范围内，范围(V):207.63216 ~ 208.04784， Vllavg范围(V)：207.63216 ~ 208.04784 6、以上步骤中，检查web页面与Acuview2上、hmi数据保持一致，均在范围内 | G4: LV0
A5: 相电流测量验证 | B5: Function_AcuRev1320_003_01_case1 | C5: CT选型5A/333mV，3E4WY，输入三路电流分别为(5A、5A，5A)，在上位机上分别配置为对应A相、B相、C相，测量Ia,Ib,Ic,Iavg满足精度0.1% | D5: 1、Acuview2上位机 2、网线/RTU串口线 3、AcuRev1320电表 4、接线方式3e3p4w y | E5: 1、连接AcuRev1320电表到Acuview2上，链接状态为connected 2、输入三路电流分别为(5A、5A，5A)，在上位机上分别配置为对应A相、B相、C相 3、Acuview2上和HMI上检查交流电相电流是否均在精度0.1%范围内 4、检查web页面上，电流数据是否与Acuview2、HMI一致，是否均在范围内 | F5: 3、Acuview2上和HMI上检查交流电相电流均在精度范围内 4、检查web页面上，电流数据与Acuview2、HMI一致，均在范围内 Ia： 4.995 ~ 5.005 Ib: 4.995 ~ 5.005 Ic: 4.995 ~ 5.005 Iavg: 4.995 ~ 5.005 | G5: LV0
A6: 4路输入对应不同接线方式电流验证 | B6: Function_AcuRev1320_003_02_case1 | C6: CT选型5A/333mV，1E1p2w输入InputA电流为3A，测量InputA电流精度0.1% | D6: 1、Acuview2上位机 2、网线/RTU串口线 3、AcuRev1320电表 4、接线方式为1E1p2w | E6: 1、连接AcuRev1320电表到Acuview2上，链接状态为connected 2、1E1p2w输入InputA电流为3A 3、Acuview2上和HMI上检查电流InputA是否均在精度范围内 4、检查web页面中电流相关数据是否与上位机及HMI显示一致 | F6: 3、Acuview2上和HMI上检查电流InputA在精度范围内 4、检查web页面中电流相关数据与上位机及HMI显示一致 IA: 2.997 ~ 3.003 | G6: LV0
A7: 4路输入对应不同接线方式电流验证 | B7: Function_AcuRev1320_003_02_case2 | C7: CT选型5A/333mV，2ELEMENT_3_WIRE_PHASE_1接线输入InputA、InputC电流为(3A、5A)，测量InputA、InputC电流精度0.1% | D7: 1、Acuview2上位机 2、网线/RTU串口线 3、AcuRev1320电表 4、接线方式为2ELEMENT_3_WIRE_PHASE_1接线 | E7: 1、连接AcuRev1320电表到Acuview2上，链接状态为connected 2、2ELEMENT_3_WIRE_PHASE_1接线输入InputA、InputC电流为(3A、5A) 3、Acuview2上和HMI上检查电流InputA、InputC是否均在精度范围内 4、检查web页面中电流相关数据是否与上位机及HMI显示一致 | F7: 3、Acuview2上和HMI上检查电流InputA、InputC均在精度范围内 4、检查web页面中电流相关数据与上位机及HMI显示一致 Ia: 2.997 ~ 3.003 Ic: 4.995 ~ 5.005 | G7: LV0
A8: 毫伏型号CT功率及功率因素测量 | B8: Function_AcuRev1320_004_01_case1 | C8: CT选型5A/333mV，3ELEMENT_4_WIRE_Y接线输入Input1~3(A&B&C相)电流为(3A、3A、3A)，ABC电压均为69V,电压相角θ和电流相角ϕ差值为0°，测量A&B&C的P、Q、S、PF,系统P、Q、S、PF，input1~3通道P、Q、S、PF，功率精度满足0.1% | D8: 1、Acuview2上位机 2、网线/RTU串口线 3、AcuRev1320电表 4、接线方式为3E3p4w | E8: 1、连接AcuRev1320电表到Acuview2上，链接状态为connected 2、Input1~3(A&B&C相)电流为(3A、3A、3A)， 电压均为69V 3、电压相角θ和电流相角ϕ差值为0° 5、Acuview2上和HMI上检查测量A&B&C、系统、input通道的P、Q、S、PF是否均在精度范围内， 6、检查web页面功率相关数据是否与上位机及电表一致，均在精度范围内 | F8: 5、Acuview2上和HMI上检查测量A&B&C、系统、input通道的P、Q、S、PF均在精度范围内0.1%。 6、检查web页面功率相关数据与上位机及电表一致，均在精度范围内 | G8: LV0
A9: 毫伏型号CT功率及功率因素测量 | B9: Function_AcuRev1320_004_01_case10 | C9: CT选型5A/333mV, 1E1p2w输入InputA电流为3A，A电压均为120V, 电压相角θ和电流相角ϕ差值为0°，系统P、Q、S、PF，Ia通道P、Q、S、PF，功率精度满足0.1% | D9: 1、Acuview2上位机 2、网线/RTU串口线 3、AcuRev1320电表 4、接线方式为1E1p2w(A相) | E9: 1、连接AcuRev1320电表到Acuview2上，链接状态为connected 2、InputA电流为3A， 电压均为120 3、电压相角θ和电流相角ϕ差值为0° 4、Acuview2上和HMI上检查测量A&B&C、系统、input通道的P、Q、S、PF是否均在精度0.1%范围内。 | F9: 4、Acuview2上和HMI上检查测量A、系统、input通道的P、Q、S、PF均在精度范围内0.1%。 | G9: LV0
A10: 毫安型号CT功率及功率因素测量 | B10: Function_AcuRev1320_004_02_case1 | C10: CT选型20A/100mA，3ELEMENT_4_WIRE_Y接线输入Input1~3(A&B&C相)电流为(2A)，ABC电压均为220V,电压电流相角差值为0°，,测量A&B&C的,系统，input1~3通道P、Q、S、PF，功率精度满足0.1% | D10: 1、Acuview2上位机 2、网线/RTU串口线 3、AcuRev1320电表 4、接线方式为3E3p4w | E10: 1、连接AcuRev1320电表到Acuview2上，链接状态为connected 2、Input1~3(A&B&C相)电流为(2A)， 电压均为220V 3、电压相角θ和电流相角ϕ差值为0° 5、Acuview2上和HMI上检查测量A&B&C、系统、input通道的P、Q、S、PF是否均在精度范围内 备注测试方法：通过功率精度计算工具1计算精度范围内值和上位机上值比较 | F10: 5、Acuview2上和HMI上检查测量A&B&C、系统、input通道的P、Q、S、PF均在精度范围内0.1%。 备注测试方法：通过功率精度计算工具1计算精度范围内值和上位机上值比较 | G10: LV0
A11: 系统中只有一种负载类型 | B11: Function_AcuRev1320_005_01_case3 | C11: 3ELEMENT_4_WIRE_Y接线输入Input1~3(A&B&C相)电流为(10A)，电压均为100V, 电压电流相角差为30°，系统总负载特性、A&B&C相、input1~3通道负载特性为L | D11: 1、Acuview2上位机 2、网线/RTU串口线 3、AcuRev1320电表 4、接线方式为3E3p4w | E11: 1、连接AcuRev1320电表到Acuview2上，链接状态为connected 2、Input1~3电流为(10A)， 电压均为100V 3、电压相角θ和电流相角ϕ差值为30° 4、Acuview2上和HMI上检查系统总负载特性、A&B&C相、input1~3通道负载特性是否均为L。 | F11: 4、Acuview2上和HMI上检查系统总负载特性、A&B&C相、input1~3通道负载特性均为L。 | G11: LV0
A12: 系统中有多种负载类型 | B12: Function_AcuRev1320_005_02_case1 | C12: 3E3p4w输入Input1~3(A&B&C相)电流为(5A)，电压各为100V, 电压电流相角差值分别为(30°,210°，0°)，系统总负载特性R, A&B&C相和input1~3通道负载特性为L、L、R | D12: 1、Acuview2上位机 2、网线/RTU串口线 3、AcuRev1320电表 4、接线方式为3E3p4w | E12: 1、连接AcuRev1320电表到Acuview2上，链接状态为connected 2、Input1~3电流为(5A)， 电压均为100V 3、电压相角θ和电流相角ϕ差值为(30°,210°，0°) 4、Acuview2上和HMI上检查系统总负载特性是否为R, A&B&C相和input1~3通道负载特性是否分别为L、L、R | F12: 4、Acuview2上和HMI上检查系统总负载特性为R, A&B&C相和input1~3通道负载特性分别为L、L、R | G12: LV0
A13: 相电压相角验证 | B13: Function_AcuRev1320_006_01_case1 | C13: ABC三相电压角度为(0° 120° 240°)，上位机和HMI上检查phaseA、phaseB、PhaseC的相角满足精度±0.1° | D13: 1、Acuview2上位机 2、网线/RTU串口线 3、AcuRev1320电表 | E13: 1、连接AcuRev1320电表到Acuview2上，链接状态为connected 2、电源输入ABC三相电压角度为(0° 120° 240°)，电压为100V 3、检查相电压A B C三相的精度是否符合±0.1° | F13: 3、检查相电压A B C三相的精度符合±0.1° 备注: 使用excel公式计算具体值 | G13: LV0
A14: 电流输入对应相角验证 | B14: Function_AcuRev1320_006_02_case2 | C14: input1-input3电流相角分设置为60°、90°、120°，上位机和HMI上检查input1的相角满足精度±0.1° | D14: 1、Acuview2上位机 2、网线/RTU串口线 3、AcuRev1320电表 | E14: 1、连接AcuRev1320电表到Acuview2上，链接状态为connected 2、电源输入input1~3的电流相角为(60°、90°、120°)，电流为5A 3、检查input1的电流相角的精度是否符合±0.1° | F14: 3、检查input1~3的电流相角的精度符合±0.1° 备注: 使用excel公式计算具体值 | G14: LV0
... A140: alarm | B140: Function_AcuRev1320_046_16_case04 | C140: 点击setting界面，进入alarm界面,1条告警中两参数条件配置，DO是否使能配置 | D140: 1、Acuview2上位机 2、AcuRev1320电表 3、web网址 | E140: 1、电表上电，电表通讯正常 2、点击setting界面，进入alarm界面,1条告警中两参数条件配置（与或非） 3、检查web端该配置成功后，上位机与表是否保持一致 4、点击setting界面，进入alarm界面,1条告警中DO使能配置（打开/关闭） 5、检查web端该配置成功后，上位机与表是否保持一致 | F140: 3、检查web端该配置成功后，上位机与表保持一致 5、检查web端该配置成功后，上位机与表保持一致 | G140: LV0

Sheet 后期可能新增web用例
A1: 模块 | B1: 子模块 | C1: 用例编号 | D1: 用例标题 | E1: 预置条件 | F1: 测试步骤 | G1: 预期结果 | H1: 级别 | I1: 自动化 | J1: 需自动化 （是/否） | K1: 测试版本 | L1: 测试结果 | M1: 测试人员 | N1: 备注 | O1: 问题单来源
A2: web页面 | B2: TOU | C2: Function_AcuRev4100_046_16_case01 | D2: 点击setting界面，进入TOU，TOU使能开关设置 | E2: 1、Acuview2上位机 2、AcuRev1320电表 3、web网址 | F2: 1、电表上电，电表通讯正常 2、打开web页面,点击setting界面，进入TOU，TOU使能开关设置（打开/关闭） 3、查看上位机及电表上TOU使能开关的配置是否与Web端保持一致 | G2: 3、查看上位机及电表上TOU使能开关的配置与Web端保持一致
B3: TOU | C3: Function_AcuRev4100_046_16_case02 | D3: 点击setting界面，进入TOU，月结算模式设置 | E3: 1、Acuview2上位机 2、AcuRev1320电表 3、web网址 | F3: 1、电表上电，电表通讯正常 2、打开web页面,点击setting界面，进入TOU，配置月结算模式（月末/指定时间：01 00：00：00；15 15：00：00；29 23：59：00；31 23:59:00） 3、查看上位机及电表上月计算模式配置是否与Web端保持一致 | G3: 3、查看上位机及电表上月计算模式配置与Web端保持一致
B4: TOU | C4: Function_AcuRev4100_046_16_case03 | D4: 点击setting界面，进入TOU，费率配置 | E4: 1、Acuview2上位机 2、AcuRev1320电表 3、web网址 | F4: 1、电表上电，电表通讯正常 2、打开web页面,点击setting界面，进入TOU，费率配置（默认费率/费率全选/费率部分选） 3、查看上位机及电表上费率配置是否与Web端保持一致 | G4: 3、查看上位机及电表上费率配置与Web端保持一致
B5: TOU | C5: Function_AcuRev4100_046_16_case04 | D5: 点击setting界面，进入TOU，TOU Schdeules配置，TOU Schdeules配置内容检查 | E5: 1、Acuview2上位机 2、AcuRev1320电表 3、web网址 | F5: 1、电表上电，电表通讯正常 2、打开web页面,点击setting界面，进入TOU，TOU Schdeules配置（配置一条/配满/配置5条） 3、查看上位机及电表上TOU Schdeules配置条数是否与Web端保持一致 4、新增一个Schdeules，进入配置（配置1个，14，10个时刻，） 5、查看上位机及电表上 TOU Schdeules配置内容是否与Web端保持一致 6、新增一个Schdeules，配置多个时刻，分别设置为（相同费率，不同费率） 7、查看Schdeules中费率配置项是否与外部所使能的费率数相同 8、查看上位机及电表上 TOU Schdeules配置内容是否与Web端保持一致 | G5: 3、查看上位机及电表上TOU Schdeules配置条数与Web端保持一致 5、保持一致 7、相同 8、保持一致
B6: TOU | C6: Function_AcuRev4100_046_16_case05 | D6: 点击setting界面，进入TOU，检查删除TOU Schdeules配置 | E6: 1、Acuview2上位机 2、AcuRev1320电表 3、web网址 | F6: 1、电表上电，电表通讯正常 2、点击setting界面，进入TOU，检查删除TOU Schdeules配置 3、web端TOU Schdeules条数删除功能是否正常，每条Schdeules ID中时段删除是否正常 4、检查在web端删除后，上位机及电表是否保持一致 | G6: 3、web端TOU Schdeules条数删除功能正常，每条Schdeules ID中时段删除正常 4、检查在web端删除后，上位机及电表保持一致
B7: TOU | C7: Function_AcuRev4100_046_16_case06 | D7: 点击setting界面，进入TOU，TOU Season配置、TOU Season配置内容、TOU Season配置内容中start date合法性 | E7: 1、Acuview2上位机 2、AcuRev1320电表 3、web网址 | F7: 1、电表上电，电表通讯正常 2、打开web页面,点击setting界面，进入TOU，TOU Season配置（1条，10条，配满） 3、查看上位机及电表上TOU Season配置条数是否与Web端保持一致 4、打开web页面,点击setting界面，进入TOU，检查TOU Season配置内容 5、检查每条seasonID对应选择的schedule ID是否与TOU Schdeules中条数保持一致 6、配置多条TOU Season，将所有TOU Season配置相同的schedule ID 7、查看上位机及电表上TOU Season配置内容是否与Web端保持一致 8、配置多条TOU Season，将所有TOU Season配置不同的schedule ID 9、查看上位机及电表上TOU Season配置内容是否与Web端保持一致 10、配置多条TOU Season 11、查看这多条TOU Season的start date是否遵守时间递进的逻辑 12、检查这多条TOU Season的start date时间合法性校验 | G7: 3、查看上位机及电表上TOU Season配置条数与Web端保持一致 5、保持一致 7、保持一致 9、保持一致 11、遵守时间递进 12、校验正常
B8: TOU | C8: Function_AcuRev4100_046_16_case07 | D8: 点击setting界面，进入TOU，检查删除TOU Season配置 | E8: 1、Acuview2上位机 2、AcuRev1320电表 3、web网址 | F8: 1、电表上电，电表通讯正常 2、点击setting界面，进入TOU，检查删除TOU Season配置 3、web端TOU Season条数删除功能是否正常 4、检查在web端删除后，上位机及电表是否保持一致 | G8: 3、web端TOU Season条数删除功能正常 4、检查在web端删除后，上位机及电表保持一致
B9: TOU | C9: Function_AcuRev4100_046_16_case08 | D9: 点击setting界面，进入TOU，进行TOU Weekends配置 | E9: 1、Acuview2上位机 2、AcuRev1320电表 3、web网址 | F9: 1、电表上电，电表通讯正常 2、打开web页面，点击setting界面，进入TOU，进行TOU Weekends配置 3、Weekend Selection分别进行全选，选择1个，部分选择，对应1个weekend schedule 4、查看web端设置是否成功 5、设置成功后，查看上位机及电表与web端对应该参数配置是否相同 6、查看TOU Weekends中weekend schedule是否取的是TOU Schdeules中的Schdeules ID | G9: 4、查看web端设置成功 5、设置成功后，查看上位机及电表与web端对应该参数配置相同 6、查看TOU Weekends中weekend schedule取的是TOU Schdeules中的Schdeules ID
B10: TOU | C10: Function_AcuRev4100_046_16_case09 | D10: 点击setting界面，进入TOU，点击特殊周末配置，打开/关闭使能开关 | E10: 1、Acuview2上位机 2、AcuRev1320电表 3、web网址 | F10: 1、电表上电，电表通讯正常 2、打开web页面，点击setting界面，进入TOU，点击特殊周末配置，打开/关闭使能开关 3、查看上位机及电表特殊周末使能开关是否与web端保持一致 4、新增特殊周末Season ID,分别新增1条/配满 5、查看配满时，其条数是否与Tou Season 中的Season ID条数保持一致 6、新增1条Season ID进行配置，查看其中选择的weekend schedule是否取的是TOU Schdeules中的Schdeules ID 7、选择一个特殊周/全选特殊周/选择部分特殊周进行配置 8、配置成功后，查看上位机及电表是否与web端保持配置相同 | G10: 3、查看上位机及电表特殊周末使能开关与web端保持一致 5、查看配满时，其条数与Tou Season 中的Season ID条数保持一致 7、新增1条Season ID进行配置，查看其中选择的weekend schedule取的是TOU Schdeules中的Schdeules ID 8、配置成功后，查看上位机及电表与web端保持配置相同
B11: TOU | C11: Function_AcuRev4100_046_16_case10 | D11: 点击setting界面，进入TOU，检查删除特殊周末配置 | E11: 1、Acuview2上位机 2、AcuRev1320电表 3、web网址 | F11: 1、电表上电，电表通讯正常 2、点击setting界面，进入TOU，检查删除特殊周末配置 3、web端特殊周末条数删除功能是否正常 4、检查在web端删除后，上位机及电表是否保持一致 | G11: 3、web端特殊周末条数删除功能正常 4、检查在web端删除后，上位机及电表保持一致
B12: TOU | C12: Function_AcuRev4100_046_16_case11 | D12: 点击setting界面，进入TOU，TOU Holiday配置、TOU Holiday配置内容、TOU Holiday配置内容中date合法性 | E12: 1、Acuview2上位机 2、AcuRev1320电表 3、web网址 | F12: 1、电表上电，电表通讯正常 2、打开web页面,点击setting界面，进入TOU，TOU Holiday配置（1条，10条，配满） 3、查看上位机及电表上TOU Holiday配置条数是否与Web端保持一致 4、检查每条Holiday ID对应选择的schedule ID是否与TOU Schdeules中条数保持一致 5、配置多条TOU Holiday，将所有TOU Holiday配置相同的schedule ID 6、查看上位机及电表上TOU Holiday配置内容是否与Web端保持一致 7、配置多条TOU Holiday，将所有TOU Holiday配置不同的schedule ID 8、查看上位机及电表上TOU Holiday配置内容是否与Web端保持一致 9、配置多条TOU Holiday 10、检查这多条TOU Holiday的date时间合法性校验 11、在TOU Holiday中配置两条date相同的TOU Holiday，查看是否配置成功 | G12: 3、查看上位机及电表上TOU Holiday配置条数与Web端保持一致 4、保持一致 6、保持一致 8、保持一致 10、时间合法 11、配置成功
B13: TOU | C13: Function_AcuRev4100_046_16_case12 | D13: 点击setting界面，进入TOU，检查删除TOU Holiday配置 | E13: 1、Acuview2上位机 2、AcuRev1320电表 3、web网址 | F13: 1、电表上电，电表通讯正常 2、点击setting界面，进入TOU，检查删除TOU Holiday配置 3、web端TOU Holiday条数删除功能是否正常 4、检查在web端删除后，上位机及电表是否保持一致 | G13: 3、web端TOU Holiday条数删除功能正常 4、检查在web端删除后，上位机及电表保持一致
B14: TOU | C14: Function_AcuRev4100_046_16_case13 | D14: 点击setting界面，进入ten years holiday，配置使能开关 | E14: 1、Acuview2上位机 2、AcuRev1320电表 3、web网址 | F14: 1、电表上电，电表通讯正常 2、点击setting界面，进入ten years holiday，配置使能开关（打开/关闭） 3、检查web端、上位机、电表三者是否保持一致 | G14: 3、三处保持一致
... B19: TOU | C19: Function_AcuRev4100_046_16_case18 | D19: 点击setting界面，进入TOU界面,查看该页面英文描述及拼写 | E19: 1、Acuview2上位机 2、AcuRev1320电表 3、web网址 | F19: 1、电表上电，电表通讯正常 2、web页面，点击setting界面，进入TOU界面,查看该页面英文描述及拼写是否准确 | G19: 2、点击setting界面，进入TOU界面,查看该页面英文描述及拼写准确
B21: Web2交互(HMI配置) | C21: Function_AcuRev4100sprint2_001_10_case1 | D21: 在HMI上setting-web2使能enable DHCP | E21: 1、Acuview2上位机 2、USB串口线 3、AcuRev4100电表 | F21: 1、4100电表正常上电，sscom通过usb与电表链接，配置完成后，链接状态为connected； 2、在HMI上setting-web2使能enable DHCP 3、在sscom通过usb组帧查看电表状态寄存器中bit0是否置1 4、查看HMI-web2页面下对应enable DHCP该项是否标* 5、模拟web2回复4100电表发出的打开dhcp成功，利用sscom组帧手动将状态寄存器中bit0置位0 6、查看HMI-web2页面下对应enable DHCP该项标*是否消失 | G21: 3、电表状态寄存器中bit0置1 4、HMI-web2页面下对应enable DHCP该项标* 5、下发成功 6、HMI-web2页面下对应enable DHCP该项标*消失 | H21: LV0
B22: Web2交互(HMI配置) | C22: Function_AcuRev4100sprint2_001_10_case1-01 | D22: 在HMI上setting使能表计DHCP、关闭DHCP | E22: 1、Acuview2上位机 2、USB串口线 3、AcuRev4100电表 | F22: 1.使能表计DHCP 2.查看web2中Eth1 DHCP、Eth1 IP、Eth1 Subnet、Eth1 Gateway、Eth1DNS1、Eth1DNS2这些数据能否进行修改 3.关闭表计DHCP 4.查看web2中Eth1 DHCP、Eth1 IP、Eth1 Subnet、Eth1 Gateway、Eth1DNS1、Eth1DNS2这些数据的状态 | G22: 2.不能被修改 4.电表DHCP不应该影响web2的网络数据 | H22: LV0
B23: Web2交互(HMI配置) | C23: Function_AcuRev4100sprint2_001_10_case2 | D23: 配置web2的状态寄存器中bit0位enable DHCP置位为1后快速掉电再上电 | E23: 1、Acuview2上位机 2、USB串口线 3、AcuRev4100电表 | F23: 1、4100电表正常上电，sscom通过usb与电表链接，配置完成后，链接状态为connected； 2、在HMI上setting-web2使能enable DHCP 3、在sscom通过usb组帧查看电表状态寄存器中bit0是否置1 4、查看HMI-web2页面下对应enable DHCP该项是否标* 5、此后电表，再上电 6、在sscom通过usb组帧查看电表状态寄存器中bit0是否置1 7、查看HMI-web2页面下对应enable DHCP该项标*是否消失 | G23: 3、电表状态寄存器中bit0置1 4、HMI-web2页面下对应enable DHCP该项标* 6、电表状态寄存器中bit0置1 7、HMI-web2页面下对应enable DHCP该项标*未消失 | H23: LV0
B24: Web2交互(HMI配置) | C24: Function_AcuRev4100sprint2_001_10_case3 | D24: 进入HMI上setting-web2中，修改IP Address | E24: 1、Acuview2上位机 2、USB串口线 3、AcuRev4100电表 | F24: 1、4100电表正常上电，sscom通过usb与电表链接，配置完成后，链接状态为connected； 2、进入HMI上setting-web2中，修改IP Address 3、在sscom通过usb组帧查看电表状态寄存器中bit1是否置1 4、查看HMI-web2页面下对应IP Address该项是否标* 5、模拟web2回复4100电表发出的打开dhcp成功，利用sscom组帧手动将状态寄存器中bit1置位0 6、查看HMI-web2页面下对应IP Address该项标*是否消失 | G24: 3、电表状态寄存器中bit1置1 4、HMI-web2页面下对应IP Address该项标* 5、下发成功 6、HMI-web2页面下对应IP Address该项标*消失 | H24: LV1
B25: Web2交互(HMI配置) | C25: Function_AcuRev4100sprint2_001_10_case4 | D25: 进入HMI上setting-web2中，修改Subnet mask | E25: 1、Acuview2上位机 2、USB串口线 3、AcuRev4100电表 | F25: 1、4100电表正常上电，sscom通过usb与电表链接，配置完成后，链接状态为connected； 2、进入HMI上setting-web2中，修改Subnet mask 3、在sscom通过usb组帧查看电表状态寄存器中bit2是否置1 4、查看HMI-web2页面下对应Subnet mask该项是否标* 5、模拟web2回复4100电表发出的打开dhcp成功，利用sscom组帧手动将状态寄存器中bit2置位0 6、查看HMI-web2页面下对应Subnet mask该项标*是否消失 | G25: 3、电表状态寄存器中bit2置1 4、HMI-web2页面下对应Subnet mask该项标* 5、下发成功 6、HMI-web2页面下对应Subnet mask该项标*消失 | H25: LV1
B26: Web2交互(HMI配置) | C26: Function_AcuRev4100sprint2_001_10_case5 | D26: 进入HMI上setting-web2中，修改Gateway | E26: 1、Acuview2上位机 2、USB串口线 3、AcuRev4100电表 | F26: 1、4100电表正常上电，sscom通过usb与电表链接，配置完成后，链接状态为connected； 2、进入HMI上setting-web2中，修改Gateway 3、在sscom通过usb组帧查看电表状态寄存器中bit3是否置1 4、查看HMI-web2页面下对应Gateway 该项是否标* 5、模拟web2回复4100电表发出的打开dhcp成功，利用sscom组帧手动将状态寄存器中bit3置位0 6、查看HMI-web2页面下对应Gateway 该项标*是否消失 | G26: 3、电表状态寄存器中bit3置1 4、HMI-web2页面下对应Gateway 该项标* 5、下发成功 6、HMI-web2页面下对应Gateway 该项标*消失 | H26: LV1
B27: Web2交互(HMI配置) | C27: Function_AcuRev4100sprint2_001_10_case6 | D27: 进入HMI上setting-web2中，修改DNS1 | E27: 1、Acuview2上位机 2、USB串口线 3、AcuRev4100电表 | F27: 1、4100电表正常上电，sscom通过usb与电表链接，配置完成后，链接状态为connected； 2、进入HMI上setting-web2中，修改DNS1 3、在sscom通过usb组帧查看电表状态寄存器中bit4是否置1 4、查看HMI-web2页面下对应DNS1 该项是否标* 5、模拟web2回复4100电表发出的打开dhcp成功，利用sscom组帧手动将状态寄存器中bit4置位0 6、查看HMI-web2页面下对应DNS1 该项标*是否消失 | G27: 3、电表状态寄存器中bit4置1 4、HMI-web2页面下对应DNS1 该项标* 5、下发成功 6、HMI-web2页面下对应DNS1 该项标*消失 | H27: LV1
B28: Web2交互(HMI配置) | C28: Function_AcuRev4100sprint2_001_10_case7 | D28: 进入HMI上setting-web2中，修改DNS2 | E28: 1、Acuview2上位机 2、USB串口线 3、AcuRev4100电表 | F28: 1、4100电表正常上电，sscom通过usb与电表链接，配置完成后，链接状态为connected； 2、进入HMI上setting-web2中，修改DNS2 3、在sscom通过usb组帧查看电表状态寄存器中bit5是否置1 4、查看HMI-web2页面下对应DNS2该项是否标* 5、模拟web2回复4100电表发出的打开dhcp成功，利用sscom组帧手动将状态寄存器中bit5置位0 6、查看HMI-web2页面下对应DNS2 该项标*是否消失 | G28: 3、电表状态寄存器中bit5置1 4、HMI-web2页面下对应DNS2 该项标* 5、下发成功 6、HMI-web2页面下对应DNS2 该项标*消失 | H28: LV1
B29: Web2交互(HMI配置) | C29: Function_AcuRev4100sprint2_001_10_case8 | D29: 进入HMI上setting-web2中，使能Device Reboot | E29: 1、Acuview2上位机 2、USB串口线 3、AcuRev4100电表 | F29: 1、4100电表正常上电，sscom通过usb与电表链接，配置完成后，链接状态为connected； 2、进入HMI上setting-web2中，使能Device Reboot 3、在sscom通过usb组帧查看电表状态寄存器中bit6是否置1 4、查看HMI-web2页面下对应Device Reboot 该项是否标* 5、模拟web2回复4100电表发出的打开dhcp成功，利用sscom组帧手动将状态寄存器中bit6置位0 6、查看HMI-web2页面下对应Device Reboot 该项标*是否消失 | G29: 3、电表状态寄存器中bit6置1 4、HMI-web2页面下对应Device Reboot 该项标* 5、下发成功 6、HMI-web2页面下对应Device Reboot 该项标*消失 | H29: LV1
B30: Web2交互(HMI配置) | C30: Function_AcuRev4100sprint2_001_10_case9 | D30: 进入HMI上setting-web2中，使能Factory Reset | E30: 1、Acuview2上位机 2、USB串口线 3、AcuRev4100电表 | F30: 1、4100电表正常上电，sscom通过usb与电表链接，配置完成后，链接状态为connected； 2、进入HMI上setting-web2中，使能Factory Reset 3、在sscom通过usb组帧查看电表状态寄存器中bit7是否置1 4、查看HMI-web2页面下对应Factory Reset 该项是否标* 5、模拟web2回复4100电表发出的打开dhcp成功，利用sscom组帧手动将状态寄存器中bit7置位0 6、查看HMI-web2页面下对应Factory Reset 该项标*是否消失 | G30: 3、电表状态寄存器中bit7置1 4、HMI-web2页面下对应Factory Reset 该项标*,web2模块中Eth1 DHCP、Eth1 IP、Eth1 Subnet、Eth1 Gateway、Eth1DNS1、Eth1DNS2的数据均被恢复为默认值：；且均被标* 5、下发成功 6、HMI-web2页面下对应Factory Reset 该项标*消失，其他标*的也需对应bit位写0 | H30: LV0
B31: Web2交互(HMI配置) | C31: Function_AcuRev4100sprint2_001_10_case10 | D31: 进入HMI上setting-web2中，使能Network Reset | E31: 1、Acuview2上位机 2、USB串口线 3、AcuRev4100电表 | F31: 1、4100电表正常上电，sscom通过usb与电表链接，配置完成后，链接状态为connected； 2、进入HMI上setting-web2中，使能Network Reset 3、在sscom通过usb组帧查看电表状态寄存器中bit8是否置1 4、查看HMI-web2页面下对应Network Reset该项是否标* 5、模拟web2回复4100电表发出的打开dhcp成功，利用sscom组帧手动将状态寄存器中bit8置位0 6、查看HMI-web2页面下对应Network Reset该项标*是否消失 | G31: 3、电表状态寄存器中bit8置1 4、HMI-web2页面下对应Network Reset该项标*，web2模块中Eth1 DHCP、Eth1 IP、Eth1 Subnet、Eth1 Gateway、Eth1DNS1、Eth1DNS2的数据均被恢复为默认值：；且均被标* 5、下发成功 6、HMI-web2页面下对应Network Reset该项标*消失，其他标*的也需对应bit位写0 | H31: LV1
B32: Web2交互(HMI配置) | C32: Function_AcuRev4100sprint2_001_10_case11 | D32: 进入HMI上setting-web2中，使能Clock Update Enable | E32: 1、Acuview2上位机 2、USB串口线 3、AcuRev4100电表 | F32: 1、4100电表正常上电，sscom通过usb与电表链接，配置完成后，链接状态为connected； 2、进入HMI上setting-web2中，使能Clock Update Enable 3、在sscom通过usb组帧查看电表状态寄存器中bit9是否置1 4、查看HMI-web2页面下对应Clock Update Enable该项是否标* 5、模拟web2回复4100电表发出的打开dhcp成功，利用sscom组帧手动将状态寄存器中bit9置位0 6、查看HMI-web2页面下对应Clock Update Enable该项标*是否消失 | G32: 3、电表状态寄存器中bit9置1 4、HMI-web2页面下对应Clock Update Enable该项标* 5、下发成功 6、HMI-web2页面下对应Clock Update Enable该项标*消失 | H32: LV1
... B47: Web2交互(链接状态&自发现) | C47: Function_AcuRev4100sprint2_001_13_case2 | D47: 将4块4100电表通过路由器级联，打开这3台电表的DHCP,在路由器中查看是否获取到了这4台电表的SN号,随后关闭电表的DHCP | E47: 1、Acuview2上位机 2、网线 3、AcuRev4100电表 4、路由器 | F47: 1、将4块4100电表通过路由器级联 2、打开这4块电表的DHCP 3、一段时间后（1min）,查看在路由器上是否能获取到这4台电表的SN号 4、随后关闭电表的DHCP 5、一段时间后（1min）,查看在路由器上这4台电表的SN号是否消失 6、重启这四块电表，继续查看在路由器上这4台电表的SN号是否消失 | G47: 3、一段时间后（1min）,在路由器上能获取到这4台电表的SN号 5、这4台电表的SN号不会消失 6、这4台电表的SN号消失 | H47: LV0

Sheet FCT测试
A1: 用例编号 | B1: 用例标题 | C1: 预置条件 | D1: 测试步骤 | E1: 预期结果
A2: TestCase_AcuHMI_FCT_01_case01 | B2: 测试AT服务是否正常启动 | C2: 1.设备烧录成功并退出烧录模式 2.eth1和2通过网线接入PC 3.设置 ip1:192.168.2.50 ip2:192.168.3.50 4.连接telnet {ip}：9060 | D2: 1.输入AT，回车发送 | E2: 1.返回结果如下： \r\n OK\r\n 注：格式严格和FCT协议文档一致
A3: TestCase_AcuHMI_FCT_01_case02 | B3: 获取设备信息 | C3: 1.设备烧录成功并退出烧录模式 2.eth1和2通过网线接入PC 3.设置 ip1:192.168.2.50 ip2:192.168.3.50 4.连接telnet {ip}： | D3: 1.输入ATI，回车发送 | E3: 1.返回内容及格式准确：\r\n Hardware Version:<hversion>\r\n Firmware Version:<fversion>\r\n appVersion:<aversion>\r\n Model:<model>\r\n Serial Number:<serial>\r\n Mac Addr1:<addr1>\r\n Mac Addr2:<addr2>\r\n IP Addr1:<addr1>\r\n IP Addr2:<addr2>\r\n \r\n OK\r\n
A4: TestCase_AcuHMI_FCT_01_case03 | B4: 测试两个网口是否正常 | C4: 1.设备烧录成功并退出烧录模式 2.eth1和2通过网线接入PC 3.设置 ip1:192.168.2.50 ip2:192.168.3.50 4.连接telnet {ip}：9060 | D4: 1.输入AT+ETHTEST，回车发送 | E4: 1.返回结果如下： \r\n +ETHTEST:OK\r\n \r\n OK\r\n 注：格式严格和FCT协议文档一致
A5: TestCase_AcuHMI_FCT_01_case04 | B5: 测试RTC | C5: 1.设备烧录成功并退出烧录模式 2.eth1和2通过网线接入PC 3.设置 ip1:192.168.2.50 ip2:192.168.3.50 4.连接telnet {ip}：9060 | D5: 1.输入AT+RTCTEST，回车发送 | E5: 1.1秒返回结果如下： \r\n +RTCTEST:OK\r\n \r\n OK\r\n 注：格式严格和FCT协议文档一致
A6: TestCase_AcuHMI_FCT_01_case05 | B6: 测试RS485 | C6: 1.设备烧录成功并退出烧录模式 2.eth1和2通过网线接入PC 3.设置 ip1:192.168.2.50 ip2:192.168.3.50 4.连接telnet {ip}：9060 | D6: 1.两个485口的AB短接 A1<->A2 B1<->B3 2.输入AT+RS485TEST，回车发送 | E6: 2.3s内返回结果如下： \r\n +RS485TEST:OK\r\n \r\n OK\r\n 注：格式严格和FCT协议文档一致
A7: TestCase_AcuHMI_FCT_01_case06 | B7: EMMC基本测试 执行 EMMC 写 / 读操作，并进行内容比较 | C7: 1.设备烧录成功并退出烧录模式 2.eth1和2通过网线接入PC 3.设置 ip1:192.168.2.50 ip2:192.168.3.50 4.连接telnet {ip}：9060 | D7: 1.输入AT+EMMCTEST，回车发送 | E7: 1.1s内返回结果如下 \r\n +EMMCTEST:OK\r\n \r\n OK\r\n 注：格式严格和FCT协议文档一致
A8: TestCase_AcuHMI_FCT_01_case07 | B8: 系统调试串口设备结点检测 | C8: 1.设备烧录成功并退出烧录模式 2.eth1和2通过网线接入PC 3.设置 ip1:192.168.2.50 ip2:192.168.3.50 4.连接telnet {ip}：9060 | D8: 1.uart的Tx和Rx两个引脚短接 2.输入AT+UARTTEST=1，回车发送 3.输入AT+UARTTEST=0，回车发送 | E8: 2.1s内返回结果如下： + UARTTEST:OK,1 OK 3.1s内返回结果如下： + UARTTEST:OK,0 OK 注：格式严格和FCT协议文档一致： \r\n + UARTTEST:OK,1\r\n \r\n OK\r\n \r\n + UARTTEST:ERROR\r\n \r\n ERROR\r\n
A9: TestCase_AcuHMI_FCT_01_case08 | B9: RAM基本测试 执行RAM读 / 写操作，并进行内容比较 | C9: 1.设备烧录成功并退出烧录模式 2.eth1和2通过网线接入PC 3.设置 ip1:192.168.2.50 ip2:192.168.3.50 4.连接telnet {ip}：9060 | D9: 1.输入AT+RAMTEST，回车发送 | E9: 1.6s内返回结果如下： \r\n +RAMTEST:OK\r\n \r\n OK\r\n 注：格式严格和FCT协议文档一致
A10: TestCase_AcuHMI_FCT_01_case09 | B10: 测试HOME按键 | C10: 1.设备烧录成功并退出烧录模式 2.eth1和2通过网线接入PC 3.设置 ip1:192.168.2.50 ip2:192.168.3.50 4.连接telnet {ip}：9060 | D10: 1.输入AT+KEYTEST=0,100，回车发送 2.100s内点击Home按键 3.输入AT+KEYTEST=0,100，回车发送 4.等待100s，不触摸Home按键 注：0表示HOME键不可修改 100表示超时时间/秒，可自定义 | E10: 2.100s内返回结果如下： \r\n +KEYTEST:OK,<value>\r\n \r\n OK\r\n 4.超过100s返回结果如下： \r\n +KEYTEST:ERROR\r\n \r\n ERROR\r\n 注： 1.格式严格和FCT协议文档一致 2.<value>：超时时间参数,单位秒
A11: TestCase_AcuHMI_FCT_01_case10 | B11: 测试LED灯 | C11: 1.设备烧录成功并退出烧录模式 2.eth1和2通过网线接入PC 3.设置 ip1:192.168.2.50 ip2:192.168.3.50 4.连接telnet {ip}：9060 | D11: 1.输入AT+LEDTEST=1，回车发送 2.观察LED显示 3.输入AT+LEDTEST=0，回车发送 4.观察LED显示 | E11: 1.1s内返回结果如下： \r\n +LEDTEST:OK,<state>\r\n \r\n OK\r\n 2.LED常亮， 3.1s内返回结果如下： \r\n +LEDTEST:OK,<state>\r\n \r\n OK\r\n 4.LED常灭 注： 1.格式严格和FCT协议文档一致 2.<state> 1 开 0 关
A12: TestCase_AcuHMI_FCT_01_case11 | B12: 控制蜂鸣器状态 | C12: 1.设备烧录成功并退出烧录模式 2.eth1和2通过网线接入PC 3.设置 ip1:192.168.2.50 ip2:192.168.3.50 4.连接telnet {ip}：9060 | D12: 1.输入AT+BZTEST=1，回车发送 2.蜂鸣器是否有频率的响 3.输入AT+BZTEST=0，回车发送 4.蜂鸣器声音是否关闭 | E12: 1.1s内返回结果如下： \r\n +BZTEST:OK,<state>\r\n \r\n OK\r\n 2.有频率的响 3.1s内返回结果如下： \r\n +BZTEST:OK,<state>\r\n \r\n OK\r\n 4.声音关闭 注： 1.格式严格和FCT协议文档一致 2.<state> 1 开 0 关
... A16: TestCase_AcuHMI_FCT_01_case15 | B16: 查询FCT 测试的报告 | C16: 1.设备烧录成功并退出烧录模式 2.eth1和2通过网线接入PC 3.设置 ip1:192.168.2.50 ip2:192.168.3.50 4.连接telnet {ip}：9060 | D16: 1.输入AT+FCTREPORT=?，回车发送 | E16: 1s内容返回结果如下： \r\n <json>\r\n \r\n OK\r\n 注：格式严格和FCT协议文档一致
