Workbook

Sheet 用例统计
A1: TR编号(模块) | B1: TR名称(模块) | C1: 用例总数 | D1: LV0 | E1: LV1 | F1: LV2 | G1: LV3 | H1: LV4 | I1: 需自动化 | J1: 完成自动化 | K1: LV0（10%） | L1: LV1(15%) | M1: LV2（40%） | N1: LV3(25%) | O1: LV4（10%） | P1: 自动化率 | Q1: 备注 | R1: 自动化实现人
A2: TR_AcuRev1320_001 | B2: 交流频率 | C2: =COUNTIFS(用例执行情况!C:C,"*1320_001*") -> 5 | D2: =COUNTIFS(用例执行情况!C:C,"*1320_001*",用例执行情况!H:H,"LV0") -> 1 | E2: =COUNTIFS(用例执行情况!C:C,"*1320_001*",用例执行情况!H:H,"LV1") -> 2 | F2: =COUNTIFS(用例执行情况!C:C,"*1320_001*",用例执行情况!H:H,"LV2") -> 1 | G2: =COUNTIFS(用例执行情况!C:C,"*1320_001*",用例执行情况!H:H,"LV3") -> 1 | H2: =COUNTIFS(用例执行情况!C:C,"*1320_001*",用例执行情况!H:H,"LV4") -> 0 | I2: =COUNTIFS(用例执行情况!C:C,"*1320_001*",用例执行情况!J:J,"是") -> 0 | J2: =COUNTIFS(用例执行情况!C:C,"*1320_001*",用例执行情况!I:I,"是") -> 3 | K2: =D2/C2 -> 0.2 | L2: =E2/C2 -> 0.4 | M2: =F2/C2 -> 0.2 | N2: =G2/C2 -> 0.2 | O2: =H2/C2 -> 0 | P2: =J2/C2 -> 0.6 | Q2: 1320 Sprint1
A3: TR_AcuRev1320_002 | B3: 交流电压 | C3: =COUNTIFS(用例执行情况!C:C,"*1320_002*") -> 24 | D3: =COUNTIFS(用例执行情况!C:C,"*1320_002*",用例执行情况!H:H,"LV0") -> 2 | E3: =COUNTIFS(用例执行情况!C:C,"*1320_002*",用例执行情况!H:H,"LV1") -> 3 | F3: =COUNTIFS(用例执行情况!C:C,"*1320_002*",用例执行情况!H:H,"LV2") -> 11 | G3: =COUNTIFS(用例执行情况!C:C,"*1320_002*",用例执行情况!H:H,"LV3") -> 6 | H3: =COUNTIFS(用例执行情况!C:C,"*1320_002*",用例执行情况!H:H,"LV4") -> 2 | I3: =COUNTIFS(用例执行情况!C:C,"*1320_002*",用例执行情况!J:J,"是") -> 0 | J3: =COUNTIFS(用例执行情况!C:C,"*1320_002*",用例执行情况!I:I,"是") -> 13 | K3: =D3/C3 -> 0.083333333 | L3: =E3/C3 -> 0.125 | M3: =F3/C3 -> 0.45833333 | N3: =G3/C3 -> 0.25 | O3: =H3/C3 -> 0.083333333 | P3: =J3/C3 -> 0.54166667 | Q3: 1320 Sprint1
A4: TR_AcuRev1320_003 | B4: 交流电流 | C4: =COUNTIFS(用例执行情况!C:C,"*1320_003*") -> 33 | D4: =COUNTIFS(用例执行情况!C:C,"*1320_003*",用例执行情况!H:H,"LV0") -> 4 | E4: =COUNTIFS(用例执行情况!C:C,"*1320_003*",用例执行情况!H:H,"LV1") -> 13 | F4: =COUNTIFS(用例执行情况!C:C,"*1320_003*",用例执行情况!H:H,"LV2") -> 14 | G4: =COUNTIFS(用例执行情况!C:C,"*1320_003*",用例执行情况!H:H,"LV3") -> 1 | H4: =COUNTIFS(用例执行情况!C:C,"*1320_003*",用例执行情况!H:H,"LV4") -> 1 | I4: =COUNTIFS(用例执行情况!C:C,"*1320_003*",用例执行情况!J:J,"是") -> 0 | J4: =COUNTIFS(用例执行情况!C:C,"*1320_003*",用例执行情况!I:I,"是") -> 11 | K4: =D4/C4 -> 0.12121212 | L4: =E4/C4 -> 0.39393939 | M4: =F4/C4 -> 0.42424242 | N4: =G4/C4 -> 0.03030303 | O4: =H4/C4 -> 0.03030303 | P4: =J4/C4 -> 0.33333333 | Q4: 1320 Sprint1
A5: TR_AcuRev1320_004 | B5: 交流功率 | C5: =COUNTIFS(用例执行情况!C:C,"*1320_004*") -> 25 | D5: =COUNTIFS(用例执行情况!C:C,"*1320_004*",用例执行情况!H:H,"LV0") -> 3 | E5: =COUNTIFS(用例执行情况!C:C,"*1320_004*",用例执行情况!H:H,"LV1") -> 5 | F5: =COUNTIFS(用例执行情况!C:C,"*1320_004*",用例执行情况!H:H,"LV2") -> 12 | G5: =COUNTIFS(用例执行情况!C:C,"*1320_004*",用例执行情况!H:H,"LV3") -> 4 | H5: =COUNTIFS(用例执行情况!C:C,"*1320_004*",用例执行情况!H:H,"LV4") -> 1 | I5: =COUNTIFS(用例执行情况!C:C,"*1320_004*",用例执行情况!J:J,"是") -> 0 | J5: =COUNTIFS(用例执行情况!C:C,"*1320_004*",用例执行情况!I:I,"是") -> 15 | K5: =D5/C5 -> 0.12 | L5: =E5/C5 -> 0.2 | M5: =F5/C5 -> 0.48 | N5: =G5/C5 -> 0.16 | O5: =H5/C5 -> 0.04 | P5: =J5/C5 -> 0.6 | Q5: 1320 Sprint1
A6: TR_AcuRev1320_005 | B6: 负载特性(RLC) | C6: =COUNTIFS(用例执行情况!C:C,"*1320_005*") -> 21 | D6: =COUNTIFS(用例执行情况!C:C,"*1320_005*",用例执行情况!H:H,"LV0") -> 2 | E6: =COUNTIFS(用例执行情况!C:C,"*1320_005*",用例执行情况!H:H,"LV1") -> 6 | F6: =COUNTIFS(用例执行情况!C:C,"*1320_005*",用例执行情况!H:H,"LV2") -> 9 | G6: =COUNTIFS(用例执行情况!C:C,"*1320_005*",用例执行情况!H:H,"LV3") -> 4 | H6: =COUNTIFS(用例执行情况!C:C,"*1320_005*",用例执行情况!H:H,"LV4") -> 0 | I6: =COUNTIFS(用例执行情况!C:C,"*1320_005*",用例执行情况!J:J,"是") -> 0 | J6: =COUNTIFS(用例执行情况!C:C,"*1320_005*",用例执行情况!I:I,"是") -> 11 | K6: =D6/C6 -> 0.095238095 | L6: =E6/C6 -> 0.28571429 | M6: =F6/C6 -> 0.42857143 | N6: =G6/C6 -> 0.19047619 | O6: =H6/C6 -> 0 | P6: =J6/C6 -> 0.52380952 | Q6: 1320 Sprint1
A7: TR_AcuRev1320_006 | B7: 相角(phase angle) | C7: =COUNTIFS(用例执行情况!C:C,"*1320_006*") -> 14 | D7: =COUNTIFS(用例执行情况!C:C,"*1320_006*",用例执行情况!H:H,"LV0") -> 3 | E7: =COUNTIFS(用例执行情况!C:C,"*1320_006*",用例执行情况!H:H,"LV1") -> 2 | F7: =COUNTIFS(用例执行情况!C:C,"*1320_006*",用例执行情况!H:H,"LV2") -> 9 | G7: =COUNTIFS(用例执行情况!C:C,"*1320_006*",用例执行情况!H:H,"LV3") -> 0 | H7: =COUNTIFS(用例执行情况!C:C,"*1320_006*",用例执行情况!H:H,"LV4") -> 0 | I7: =COUNTIFS(用例执行情况!C:C,"*1320_006*",用例执行情况!J:J,"是") -> 0 | J7: =COUNTIFS(用例执行情况!C:C,"*1320_006*",用例执行情况!I:I,"是") -> 4 | K7: =D7/C7 -> 0.21428571 | L7: =E7/C7 -> 0.14285714 | M7: =F7/C7 -> 0.64285714 | N7: =G7/C7 -> 0 | O7: =H7/C7 -> 0 | P7: =J7/C7 -> 0.28571429 | Q7: 1320 Sprint1
A8: TR_AcuRev1320_007 | B8: 各次谐波 | C8: =COUNTIFS(用例执行情况!C:C,"*1320_007*") -> 34 | D8: =COUNTIFS(用例执行情况!C:C,"*1320_007*",用例执行情况!H:H,"LV0") -> 3 | E8: =COUNTIFS(用例执行情况!C:C,"*1320_007*",用例执行情况!H:H,"LV1") -> 6 | F8: =COUNTIFS(用例执行情况!C:C,"*1320_007*",用例执行情况!H:H,"LV2") -> 16 | G8: =COUNTIFS(用例执行情况!C:C,"*1320_007*",用例执行情况!H:H,"LV3") -> 7 | H8: =COUNTIFS(用例执行情况!C:C,"*1320_007*",用例执行情况!H:H,"LV4") -> 2 | I8: =COUNTIFS(用例执行情况!C:C,"*1320_007*",用例执行情况!J:J,"是") -> 0 | J8: =COUNTIFS(用例执行情况!C:C,"*1320_007*",用例执行情况!I:I,"是") -> 0 | K8: =D8/C8 -> 0.088235294 | L8: =E8/C8 -> 0.17647059 | M8: =F8/C8 -> 0.47058824 | N8: =G8/C8 -> 0.20588235 | O8: =H8/C8 -> 0.058823529 | P8: =J8/C8 -> 0 | Q8: 1320 Sprint1
A9: TR_AcuRev1320_008 | B9: 谐波因数 | C9: =COUNTIFS(用例执行情况!C:C,"*1320_008*") -> 10 | D9: =COUNTIFS(用例执行情况!C:C,"*1320_008*",用例执行情况!H:H,"LV0") -> 1 | E9: =COUNTIFS(用例执行情况!C:C,"*1320_008*",用例执行情况!H:H,"LV1") -> 2 | F9: =COUNTIFS(用例执行情况!C:C,"*1320_008*",用例执行情况!H:H,"LV2") -> 4 | G9: =COUNTIFS(用例执行情况!C:C,"*1320_008*",用例执行情况!H:H,"LV3") -> 1 | H9: =COUNTIFS(用例执行情况!C:C,"*1320_008*",用例执行情况!H:H,"LV4") -> 2 | I9: =COUNTIFS(用例执行情况!C:C,"*1320_008*",用例执行情况!J:J,"是") -> 0 | J9: =COUNTIFS(用例执行情况!C:C,"*1320_008*",用例执行情况!I:I,"是") -> 0 | K9: =D9/C9 -> 0.1 | L9: =E9/C9 -> 0.2 | M9: =F9/C9 -> 0.4 | N9: =G9/C9 -> 0.1 | O9: =H9/C9 -> 0.2 | P9: =J9/C9 -> 0 | Q9: 1320 Sprint1
A10: TR_AcuRev1320_009 | B10: 电能质量测量 | C10: =COUNTIFS(用例执行情况!C:C,"*1320_009*") -> 54 | D10: =COUNTIFS(用例执行情况!C:C,"*1320_009*",用例执行情况!H:H,"LV0") -> 6 | E10: =COUNTIFS(用例执行情况!C:C,"*1320_009*",用例执行情况!H:H,"LV1") -> 16 | F10: =COUNTIFS(用例执行情况!C:C,"*1320_009*",用例执行情况!H:H,"LV2") -> 21 | G10: =COUNTIFS(用例执行情况!C:C,"*1320_009*",用例执行情况!H:H,"LV3") -> 8 | H10: =COUNTIFS(用例执行情况!C:C,"*1320_009*",用例执行情况!H:H,"LV4") -> 3 | I10: =COUNTIFS(用例执行情况!C:C,"*1320_009*",用例执行情况!J:J,"是") -> 0 | J10: =COUNTIFS(用例执行情况!C:C,"*1320_009*",用例执行情况!I:I,"是") -> 41 | K10: =D10/C10 -> 0.11111111 | L10: =E10/C10 -> 0.2962963 | M10: =F10/C10 -> 0.38888889 | N10: =G10/C10 -> 0.14814815 | O10: =H10/C10 -> 0.055555556 | P10: =J10/C10 -> 0.75925926 | Q10: 1320 Sprint1 | R10: 丛松
A11: TR_AcuRev1320_010 | B11: 电能测量 | C11: =COUNTIFS(用例执行情况!C:C,"*1320_010*") -> 101 | D11: =COUNTIFS(用例执行情况!C:C,"*1320_010*",用例执行情况!H:H,"LV0") -> 8 | E11: =COUNTIFS(用例执行情况!C:C,"*1320_010*",用例执行情况!H:H,"LV1") -> 18 | F11: =COUNTIFS(用例执行情况!C:C,"*1320_010*",用例执行情况!H:H,"LV2") -> 46 | G11: =COUNTIFS(用例执行情况!C:C,"*1320_010*",用例执行情况!H:H,"LV3") -> 21 | H11: =COUNTIFS(用例执行情况!C:C,"*1320_010*",用例执行情况!H:H,"LV4") -> 8 | I11: =COUNTIFS(用例执行情况!C:C,"*1320_010*",用例执行情况!J:J,"是") -> 0 | J11: =COUNTIFS(用例执行情况!C:C,"*1320_010*",用例执行情况!I:I,"是") -> 57 | K11: =D11/C11 -> 0.079207921 | L11: =E11/C11 -> 0.17821782 | M11: =F11/C11 -> 0.45544554 | N11: =G11/C11 -> 0.20792079 | O11: =H11/C11 -> 0.079207921 | P11: =J11/C11 -> 0.56435644 | Q11: 1320 Sprint1
A12: TR_AcuRev1320_011 | B12: 需量测量 | C12: =COUNTIFS(用例执行情况!C:C,"*1320_011*") -> 29 | D12: =COUNTIFS(用例执行情况!C:C,"*1320_011*",用例执行情况!H:H,"LV0") -> 3 | E12: =COUNTIFS(用例执行情况!C:C,"*1320_011*",用例执行情况!H:H,"LV1") -> 2 | F12: =COUNTIFS(用例执行情况!C:C,"*1320_011*",用例执行情况!H:H,"LV2") -> 14 | G12: =COUNTIFS(用例执行情况!C:C,"*1320_011*",用例执行情况!H:H,"LV3") -> 5 | H12: =COUNTIFS(用例执行情况!C:C,"*1320_011*",用例执行情况!H:H,"LV4") -> 5 | I12: =COUNTIFS(用例执行情况!C:C,"*1320_011*",用例执行情况!J:J,"是") -> 0 | J12: =COUNTIFS(用例执行情况!C:C,"*1320_011*",用例执行情况!I:I,"是") -> 0 | K12: =D12/C12 -> 0.10344828 | L12: =E12/C12 -> 0.068965517 | M12: =F12/C12 -> 0.48275862 | N12: =G12/C12 -> 0.17241379 | O12: =H12/C12 -> 0.17241379 | P12: =J12/C12 -> 0 | Q12: 1320 Sprint1 | R12: 王洋&胡赞
A13: TR_AcuRev1320_012 | B13: 接线配置 | C13: =COUNTIFS(用例执行情况!C:C,"*1320_012*") -> 46 | D13: =COUNTIFS(用例执行情况!C:C,"*1320_012*",用例执行情况!H:H,"LV0") -> 4 | E13: =COUNTIFS(用例执行情况!C:C,"*1320_012*",用例执行情况!H:H,"LV1") -> 28 | F13: =COUNTIFS(用例执行情况!C:C,"*1320_012*",用例执行情况!H:H,"LV2") -> 7 | G13: =COUNTIFS(用例执行情况!C:C,"*1320_012*",用例执行情况!H:H,"LV3") -> 3 | H13: =COUNTIFS(用例执行情况!C:C,"*1320_012*",用例执行情况!H:H,"LV4") -> 4 | I13: =COUNTIFS(用例执行情况!C:C,"*1320_012*",用例执行情况!J:J,"是") -> 0 | J13: =COUNTIFS(用例执行情况!C:C,"*1320_012*",用例执行情况!I:I,"是") -> 0 | K13: =D13/C13 -> 0.086956522 | L13: =E13/C13 -> 0.60869565 | M13: =F13/C13 -> 0.15217391 | N13: =G13/C13 -> 0.065217391 | O13: =H13/C13 -> 0.086956522 | P13: =J13/C13 -> 0 | Q13: 1320 Sprint1
A14: TR_AcuRev1320_013 | B14: 时分用电 | C14: =COUNTIFS(用例执行情况!C:C,"*1320_013*") -> 91 | D14: =COUNTIFS(用例执行情况!C:C,"*1320_013*",用例执行情况!H:H,"LV0") -> 6 | E14: =COUNTIFS(用例执行情况!C:C,"*1320_013*",用例执行情况!H:H,"LV1") -> 25 | F14: =COUNTIFS(用例执行情况!C:C,"*1320_013*",用例执行情况!H:H,"LV2") -> 38 | G14: =COUNTIFS(用例执行情况!C:C,"*1320_013*",用例执行情况!H:H,"LV3") -> 18 | H14: =COUNTIFS(用例执行情况!C:C,"*1320_013*",用例执行情况!H:H,"LV4") -> 0 | I14: =COUNTIFS(用例执行情况!C:C,"*1320_013*",用例执行情况!J:J,"是") -> 0 | J14: =COUNTIFS(用例执行情况!C:C,"*1320_013*",用例执行情况!I:I,"是") -> 0 | K14: =D14/C14 -> 0.065934066 | L14: =E14/C14 -> 0.27472527 | M14: =F14/C14 -> 0.41758242 | N14: =G14/C14 -> 0.1978022 | O14: =H14/C14 -> 0 | P14: =J14/C14 -> 0 | Q14: 1320 Sprint1 | R14: 刘丛松
A15: TR_AcuRev1320_014 | B15: 电能质量事件 | C15: =COUNTIFS(用例执行情况!C:C,"*1320_014*") -> 137 | D15: =COUNTIFS(用例执行情况!C:C,"*1320_014*",用例执行情况!H:H,"LV0") -> 14 | E15: =COUNTIFS(用例执行情况!C:C,"*1320_014*",用例执行情况!H:H,"LV1") -> 19 | F15: =COUNTIFS(用例执行情况!C:C,"*1320_014*",用例执行情况!H:H,"LV2") -> 90 | G15: =COUNTIFS(用例执行情况!C:C,"*1320_014*",用例执行情况!H:H,"LV3") -> 11 | H15: =COUNTIFS(用例执行情况!C:C,"*1320_014*",用例执行情况!H:H,"LV4") -> 3 | I15: =COUNTIFS(用例执行情况!C:C,"*1320_014*",用例执行情况!J:J,"是") -> 0 | J15: =COUNTIFS(用例执行情况!C:C,"*1320_014*",用例执行情况!I:I,"是") -> 0 | K15: =D15/C15 -> 0.10218978 | L15: =E15/C15 -> 0.13868613 | M15: =F15/C15 -> 0.65693431 | N15: =G15/C15 -> 0.080291971 | O15: =H15/C15 -> 0.02189781 | P15: =J15/C15 -> 0 | Q15: 1320 Sprint1
A16: TR_AcuRev1320_015 | B16: 告警功能 | C16: =COUNTIFS(用例执行情况!C:C,"*1320_015*") -> 92 | D16: =COUNTIFS(用例执行情况!C:C,"*1320_015*",用例执行情况!H:H,"LV0") -> 5 | E16: =COUNTIFS(用例执行情况!C:C,"*1320_015*",用例执行情况!H:H,"LV1") -> 24 | F16: =COUNTIFS(用例执行情况!C:C,"*1320_015*",用例执行情况!H:H,"LV2") -> 50 | G16: =COUNTIFS(用例执行情况!C:C,"*1320_015*",用例执行情况!H:H,"LV3") -> 13 | H16: =COUNTIFS(用例执行情况!C:C,"*1320_015*",用例执行情况!H:H,"LV4") -> 0 | I16: =COUNTIFS(用例执行情况!C:C,"*1320_015*",用例执行情况!J:J,"是") -> 0 | J16: =COUNTIFS(用例执行情况!C:C,"*1320_015*",用例执行情况!I:I,"是") -> 0 | K16: =D16/C16 -> 0.054347826 | L16: =E16/C16 -> 0.26086957 | M16: =F16/C16 -> 0.54347826 | N16: =G16/C16 -> 0.14130435 | O16: =H16/C16 -> 0 | P16: =J16/C16 -> 0 | Q16: 1320 Sprint1 | R16: 王丽红
A17: TR_AcuRev1320_016 | B17: 记录与统计 | C17: =COUNTIFS(用例执行情况!C:C,"*1320_016*") -> 47 | D17: =COUNTIFS(用例执行情况!C:C,"*1320_016*",用例执行情况!H:H,"LV0") -> 4 | E17: =COUNTIFS(用例执行情况!C:C,"*1320_016*",用例执行情况!H:H,"LV1") -> 10 | F17: =COUNTIFS(用例执行情况!C:C,"*1320_016*",用例执行情况!H:H,"LV2") -> 20 | G17: =COUNTIFS(用例执行情况!C:C,"*1320_016*",用例执行情况!H:H,"LV3") -> 11 | H17: =COUNTIFS(用例执行情况!C:C,"*1320_016*",用例执行情况!H:H,"LV4") -> 2 | I17: =COUNTIFS(用例执行情况!C:C,"*1320_016*",用例执行情况!J:J,"是") -> 0 | J17: =COUNTIFS(用例执行情况!C:C,"*1320_016*",用例执行情况!I:I,"是") -> 0 | K17: =D17/C17 -> 0.085106383 | L17: =E17/C17 -> 0.21276596 | M17: =F17/C17 -> 0.42553191 | N17: =G17/C17 -> 0.23404255 | O17: =H17/C17 -> 0.042553191 | P17: =J17/C17 -> 0 | Q17: 1320 Sprint1
A18: TR_AcuRev1320_017 | B18: DATA Log | C18: =COUNTIFS(用例执行情况!C:C,"*1320_017*") -> 76 | D18: =COUNTIFS(用例执行情况!C:C,"*1320_017*",用例执行情况!H:H,"LV0") -> 4 | E18: =COUNTIFS(用例执行情况!C:C,"*1320_017*",用例执行情况!H:H,"LV1") -> 12 | F18: =COUNTIFS(用例执行情况!C:C,"*1320_017*",用例执行情况!H:H,"LV2") -> 34 | G18: =COUNTIFS(用例执行情况!C:C,"*1320_017*",用例执行情况!H:H,"LV3") -> 17 | H18: =COUNTIFS(用例执行情况!C:C,"*1320_017*",用例执行情况!H:H,"LV4") -> 9 | I18: =COUNTIFS(用例执行情况!C:C,"*1320_017*",用例执行情况!J:J,"是") -> 0 | J18: =COUNTIFS(用例执行情况!C:C,"*1320_017*",用例执行情况!I:I,"是") -> 0 | K18: =D18/C18 -> 0.052631579 | L18: =E18/C18 -> 0.15789474 | M18: =F18/C18 -> 0.44736842 | N18: =G18/C18 -> 0.22368421 | O18: =H18/C18 -> 0.11842105 | P18: =J18/C18 -> 0 | Q18: 1320 Sprint1
A19: TR_AcuRev1320_018 | B19: Input&Output | C19: =COUNTIFS(用例执行情况!C:C,"*1320_018*") -> 58 | D19: =COUNTIFS(用例执行情况!C:C,"*1320_018*",用例执行情况!H:H,"LV0") -> 4 | E19: =COUNTIFS(用例执行情况!C:C,"*1320_018*",用例执行情况!H:H,"LV1") -> 12 | F19: =COUNTIFS(用例执行情况!C:C,"*1320_018*",用例执行情况!H:H,"LV2") -> 26 | G19: =COUNTIFS(用例执行情况!C:C,"*1320_018*",用例执行情况!H:H,"LV3") -> 15 | H19: =COUNTIFS(用例执行情况!C:C,"*1320_018*",用例执行情况!H:H,"LV4") -> 1 | I19: =COUNTIFS(用例执行情况!C:C,"*1320_018*",用例执行情况!J:J,"是") -> 0 | J19: =COUNTIFS(用例执行情况!C:C,"*1320_018*",用例执行情况!I:I,"是") -> 0 | K19: =D19/C19 -> 0.068965517 | L19: =E19/C19 -> 0.20689655 | M19: =F19/C19 -> 0.44827586 | N19: =G19/C19 -> 0.25862069 | O19: =H19/C19 -> 0.017241379 | P19: =J19/C19 -> 0 | Q19: 1320 Sprint1
A20: TR_AcuRev1320_019 | B20: 计时功能 | C20: =COUNTIFS(用例执行情况!C:C,"*1320_019*") -> 28 | D20: =COUNTIFS(用例执行情况!C:C,"*1320_019*",用例执行情况!H:H,"LV0") -> 1 | E20: =COUNTIFS(用例执行情况!C:C,"*1320_019*",用例执行情况!H:H,"LV1") -> 5 | F20: =COUNTIFS(用例执行情况!C:C,"*1320_019*",用例执行情况!H:H,"LV2") -> 14 | G20: =COUNTIFS(用例执行情况!C:C,"*1320_019*",用例执行情况!H:H,"LV3") -> 6 | H20: =COUNTIFS(用例执行情况!C:C,"*1320_019*",用例执行情况!H:H,"LV4") -> 2 | I20: =COUNTIFS(用例执行情况!C:C,"*1320_019*",用例执行情况!J:J,"是") -> 0 | J20: =COUNTIFS(用例执行情况!C:C,"*1320_019*",用例执行情况!I:I,"是") -> 0 | K20: =D20/C20 -> 0.035714286 | L20: =E20/C20 -> 0.17857143 | M20: =F20/C20 -> 0.5 | N20: =G20/C20 -> 0.21428571 | O20: =H20/C20 -> 0.071428571 | P20: =J20/C20 -> 0 | Q20: 1320 Sprint1
A21: TR_AcuRev1320_020 | B21: 数据重置及恢复出厂设置 | C21: =COUNTIFS(用例执行情况!C:C,"*1320_020*") -> 32 | D21: =COUNTIFS(用例执行情况!C:C,"*1320_020*",用例执行情况!H:H,"LV0") -> 2 | E21: =COUNTIFS(用例执行情况!C:C,"*1320_020*",用例执行情况!H:H,"LV1") -> 9 | F21: =COUNTIFS(用例执行情况!C:C,"*1320_020*",用例执行情况!H:H,"LV2") -> 13 | G21: =COUNTIFS(用例执行情况!C:C,"*1320_020*",用例执行情况!H:H,"LV3") -> 5 | H21: =COUNTIFS(用例执行情况!C:C,"*1320_020*",用例执行情况!H:H,"LV4") -> 3 | I21: =COUNTIFS(用例执行情况!C:C,"*1320_020*",用例执行情况!J:J,"是") -> 0 | J21: =COUNTIFS(用例执行情况!C:C,"*1320_020*",用例执行情况!I:I,"是") -> 0 | K21: =D21/C21 -> 0.0625 | L21: =E21/C21 -> 0.28125 | M21: =F21/C21 -> 0.40625 | N21: =G21/C21 -> 0.15625 | O21: =H21/C21 -> 0.09375 | P21: =J21/C21 -> 0 | Q21: 1320 Sprint1
A22: TR_AcuRev1320_021 | B22: 网络模块 | C22: =COUNTIFS(用例执行情况!C:C,"*1320_021*") -> 86 | D22: =COUNTIFS(用例执行情况!C:C,"*1320_021*",用例执行情况!H:H,"LV0") -> 3 | E22: =COUNTIFS(用例执行情况!C:C,"*1320_021*",用例执行情况!H:H,"LV1") -> 23 | F22: =COUNTIFS(用例执行情况!C:C,"*1320_021*",用例执行情况!H:H,"LV2") -> 34 | G22: =COUNTIFS(用例执行情况!C:C,"*1320_021*",用例执行情况!H:H,"LV3") -> 15 | H22: =COUNTIFS(用例执行情况!C:C,"*1320_021*",用例执行情况!H:H,"LV4") -> 11 | I22: =COUNTIFS(用例执行情况!C:C,"*1320_021*",用例执行情况!J:J,"是") -> 0 | J22: =COUNTIFS(用例执行情况!C:C,"*1320_021*",用例执行情况!I:I,"是") -> 0 | K22: =D22/C22 -> 0.034883721 | L22: =E22/C22 -> 0.26744186 | M22: =F22/C22 -> 0.39534884 | N22: =G22/C22 -> 0.1744186 | O22: =H22/C22 -> 0.12790698 | P22: =J22/C22 -> 0 | Q22: 1320 Sprint1
A23: TR_AcuRev1320_022 | B23: BACnet通信协议 | C23: =COUNTIFS(用例执行情况!C:C,"*1320_022*") -> 23 | D23: =COUNTIFS(用例执行情况!C:C,"*1320_022*",用例执行情况!H:H,"LV0") -> 2 | E23: =COUNTIFS(用例执行情况!C:C,"*1320_022*",用例执行情况!H:H,"LV1") -> 12 | F23: =COUNTIFS(用例执行情况!C:C,"*1320_022*",用例执行情况!H:H,"LV2") -> 5 | G23: =COUNTIFS(用例执行情况!C:C,"*1320_022*",用例执行情况!H:H,"LV3") -> 3 | H23: =COUNTIFS(用例执行情况!C:C,"*1320_022*",用例执行情况!H:H,"LV4") -> 1 | I23: =COUNTIFS(用例执行情况!C:C,"*1320_022*",用例执行情况!J:J,"是") -> 0 | J23: =COUNTIFS(用例执行情况!C:C,"*1320_022*",用例执行情况!I:I,"是") -> 0 | K23: =D23/C23 -> 0.086956522 | L23: =E23/C23 -> 0.52173913 | M23: =F23/C23 -> 0.2173913 | N23: =G23/C23 -> 0.13043478 | O23: =H23/C23 -> 0.043478261 | P23: =J23/C23 -> 0 | Q23: 1320 Sprint1 | R23: 王丽红
A24: TR_AcuRev1320_023 | B24: Firmware升级 | C24: =COUNTIFS(用例执行情况!C:C,"*1320_023*") -> 40 | D24: =COUNTIFS(用例执行情况!C:C,"*1320_023*",用例执行情况!H:H,"LV0") -> 2 | E24: =COUNTIFS(用例执行情况!C:C,"*1320_023*",用例执行情况!H:H,"LV1") -> 8 | F24: =COUNTIFS(用例执行情况!C:C,"*1320_023*",用例执行情况!H:H,"LV2") -> 18 | G24: =COUNTIFS(用例执行情况!C:C,"*1320_023*",用例执行情况!H:H,"LV3") -> 11 | H24: =COUNTIFS(用例执行情况!C:C,"*1320_023*",用例执行情况!H:H,"LV4") -> 1 | I24: =COUNTIFS(用例执行情况!C:C,"*1320_023*",用例执行情况!J:J,"是") -> 0 | J24: =COUNTIFS(用例执行情况!C:C,"*1320_023*",用例执行情况!I:I,"是") -> 0 | K24: =D24/C24 -> 0.05 | L24: =E24/C24 -> 0.2 | M24: =F24/C24 -> 0.45 | N24: =G24/C24 -> 0.275 | O24: =H24/C24 -> 0.025 | P24: =J24/C24 -> 0 | Q24: 1320 Sprint1 | R24: 胡赞
A25: TR_AcuRev1320_024 | B25: 铅封功能 | C25: =COUNTIFS(用例执行情况!C:C,"*1320_024*") -> 60 | D25: =COUNTIFS(用例执行情况!C:C,"*1320_024*",用例执行情况!H:H,"LV0") -> 2 | E25: =COUNTIFS(用例执行情况!C:C,"*1320_024*",用例执行情况!H:H,"LV1") -> 13 | F25: =COUNTIFS(用例执行情况!C:C,"*1320_024*",用例执行情况!H:H,"LV2") -> 32 | G25: =COUNTIFS(用例执行情况!C:C,"*1320_024*",用例执行情况!H:H,"LV3") -> 9 | H25: =COUNTIFS(用例执行情况!C:C,"*1320_024*",用例执行情况!H:H,"LV4") -> 4 | I25: =COUNTIFS(用例执行情况!C:C,"*1320_024*",用例执行情况!J:J,"是") -> 0 | J25: =COUNTIFS(用例执行情况!C:C,"*1320_024*",用例执行情况!I:I,"是") -> 0 | K25: =D25/C25 -> 0.033333333 | L25: =E25/C25 -> 0.21666667 | M25: =F25/C25 -> 0.53333333 | N25: =G25/C25 -> 0.15 | O25: =H25/C25 -> 0.066666667 | P25: =J25/C25 -> 0 | Q25: 1320 Sprint1
A26: TR_AcuRev1320_025 | B26: 校准功能 | C26: =COUNTIFS(用例执行情况!C:C,"*1320_025*") -> 6 | D26: =COUNTIFS(用例执行情况!C:C,"*1320_025*",用例执行情况!H:H,"LV0") -> 4 | E26: =COUNTIFS(用例执行情况!C:C,"*1320_025*",用例执行情况!H:H,"LV1") -> 0 | F26: =COUNTIFS(用例执行情况!C:C,"*1320_025*",用例执行情况!H:H,"LV2") -> 0 | G26: =COUNTIFS(用例执行情况!C:C,"*1320_025*",用例执行情况!H:H,"LV3") -> 1 | H26: =COUNTIFS(用例执行情况!C:C,"*1320_025*",用例执行情况!H:H,"LV4") -> 1 | I26: =COUNTIFS(用例执行情况!C:C,"*1320_025*",用例执行情况!J:J,"是") -> 0 | J26: =COUNTIFS(用例执行情况!C:C,"*1320_025*",用例执行情况!I:I,"是") -> 0 | K26: =D26/C26 -> 0.66666667 | L26: =E26/C26 -> 0 | M26: =F26/C26 -> 0 | N26: =G26/C26 -> 0.16666667 | O26: =H26/C26 -> 0.16666667 | P26: =J26/C26 -> 0 | Q26: 1320 Sprint1
A27: TR_AcuRev1320_026 | B27: HMI测量设置及出厂信息 | C27: =COUNTIFS(用例执行情况!C:C,"*1320_026*") -> 89 | D27: =COUNTIFS(用例执行情况!C:C,"*1320_026*",用例执行情况!H:H,"LV0") -> 2 | E27: =COUNTIFS(用例执行情况!C:C,"*1320_026*",用例执行情况!H:H,"LV1") -> 24 | F27: =COUNTIFS(用例执行情况!C:C,"*1320_026*",用例执行情况!H:H,"LV2") -> 45 | G27: =COUNTIFS(用例执行情况!C:C,"*1320_026*",用例执行情况!H:H,"LV3") -> 14 | H27: =COUNTIFS(用例执行情况!C:C,"*1320_026*",用例执行情况!H:H,"LV4") -> 2 | I27: =COUNTIFS(用例执行情况!C:C,"*1320_026*",用例执行情况!J:J,"是") -> 0 | J27: =COUNTIFS(用例执行情况!C:C,"*1320_026*",用例执行情况!I:I,"是") -> 0 | K27: =D27/C27 -> 0.02247191 | L27: =E27/C27 -> 0.26966292 | M27: =F27/C27 -> 0.50561798 | N27: =G27/C27 -> 0.15730337 | O27: =H27/C27 -> 0.02247191 | P27: =J27/C27 -> 0 | Q27: 1320 Sprint1
A28: TR_AcuRev1320_027 | B28: 密码及背光设置 | C28: =COUNTIFS(用例执行情况!C:C,"*1320_027*") -> 33 | D28: =COUNTIFS(用例执行情况!C:C,"*1320_027*",用例执行情况!H:H,"LV0") -> 3 | E28: =COUNTIFS(用例执行情况!C:C,"*1320_027*",用例执行情况!H:H,"LV1") -> 20 | F28: =COUNTIFS(用例执行情况!C:C,"*1320_027*",用例执行情况!H:H,"LV2") -> 6 | G28: =COUNTIFS(用例执行情况!C:C,"*1320_027*",用例执行情况!H:H,"LV3") -> 3 | H28: =COUNTIFS(用例执行情况!C:C,"*1320_027*",用例执行情况!H:H,"LV4") -> 1 | I28: =COUNTIFS(用例执行情况!C:C,"*1320_027*",用例执行情况!J:J,"是") -> 0 | J28: =COUNTIFS(用例执行情况!C:C,"*1320_027*",用例执行情况!I:I,"是") -> 0 | K28: =D28/C28 -> 0.090909091 | L28: =E28/C28 -> 0.60606061 | M28: =F28/C28 -> 0.18181818 | N28: =G28/C28 -> 0.090909091 | O28: =H28/C28 -> 0.03030303 | P28: =J28/C28 -> 0 | Q28: 1320 Sprint1
A29: TR_AcuRev1320_028 | B29: 电源要求 | C29: =COUNTIFS(用例执行情况!C:C,"*1320_028*") -> 2 | D29: =COUNTIFS(用例执行情况!C:C,"*1320_028*",用例执行情况!H:H,"LV0") -> 1 | E29: =COUNTIFS(用例执行情况!C:C,"*1320_028*",用例执行情况!H:H,"LV1") -> 1 | F29: =COUNTIFS(用例执行情况!C:C,"*1320_028*",用例执行情况!H:H,"LV2") -> 0 | G29: =COUNTIFS(用例执行情况!C:C,"*1320_028*",用例执行情况!H:H,"LV3") -> 0 | H29: =COUNTIFS(用例执行情况!C:C,"*1320_028*",用例执行情况!H:H,"LV4") -> 0 | I29: =COUNTIFS(用例执行情况!C:C,"*1320_028*",用例执行情况!J:J,"是") -> 0 | J29: =COUNTIFS(用例执行情况!C:C,"*1320_028*",用例执行情况!I:I,"是") -> 0 | K29: =D29/C29 -> 0.5 | L29: =E29/C29 -> 0.5 | M29: =F29/C29 -> 0 | N29: =G29/C29 -> 0 | O29: =H29/C29 -> 0 | P29: =J29/C29 -> 0 | Q29: 1320 Sprint1
A30: TR_AcuRev1320_029 | B30: 性能验证 | C30: =COUNTIFS(用例执行情况!C:C,"*1320_029*") -> 3 | D30: =COUNTIFS(用例执行情况!C:C,"*1320_029*",用例执行情况!H:H,"LV0") -> 0 | E30: =COUNTIFS(用例执行情况!C:C,"*1320_029*",用例执行情况!H:H,"LV1") -> 0 | F30: =COUNTIFS(用例执行情况!C:C,"*1320_029*",用例执行情况!H:H,"LV2") -> 0 | G30: =COUNTIFS(用例执行情况!C:C,"*1320_029*",用例执行情况!H:H,"LV3") -> 3 | H30: =COUNTIFS(用例执行情况!C:C,"*1320_029*",用例执行情况!H:H,"LV4") -> 0 | I30: =COUNTIFS(用例执行情况!C:C,"*1320_029*",用例执行情况!J:J,"是") -> 0 | J30: =COUNTIFS(用例执行情况!C:C,"*1320_029*",用例执行情况!I:I,"是") -> 0 | K30: =D30/C30 -> 0 | L30: =E30/C30 -> 0 | M30: =F30/C30 -> 0 | N30: =G30/C30 -> 1 | O30: =H30/C30 -> 0 | P30: =J30/C30 -> 0 | Q30: 1320 Sprint1
A31: TR_AcuRev1320_030 | B31: 电气参数稳定性&压力验证 | C31: =COUNTIFS(用例执行情况!C:C,"*1320_030*") -> 14 | D31: =COUNTIFS(用例执行情况!C:C,"*1320_030*",用例执行情况!H:H,"LV0") -> 0 | E31: =COUNTIFS(用例执行情况!C:C,"*1320_030*",用例执行情况!H:H,"LV1") -> 0 | F31: =COUNTIFS(用例执行情况!C:C,"*1320_030*",用例执行情况!H:H,"LV2") -> 4 | G31: =COUNTIFS(用例执行情况!C:C,"*1320_030*",用例执行情况!H:H,"LV3") -> 7 | H31: =COUNTIFS(用例执行情况!C:C,"*1320_030*",用例执行情况!H:H,"LV4") -> 3 | I31: =COUNTIFS(用例执行情况!C:C,"*1320_030*",用例执行情况!J:J,"是") -> 0 | J31: =COUNTIFS(用例执行情况!C:C,"*1320_030*",用例执行情况!I:I,"是") -> 11 | K31: =D31/C31 -> 0 | L31: =E31/C31 -> 0 | M31: =F31/C31 -> 0.28571429 | N31: =G31/C31 -> 0.5 | O31: =H31/C31 -> 0.21428571 | P31: =J31/C31 -> 0.78571429 | Q31: 1320 Sprint1
A32: TR_AcuRev1320_031 | B32: 挂机专项验证 | C32: =COUNTIFS(用例执行情况!C:C,"*1320_031*") -> 8 | D32: =COUNTIFS(用例执行情况!C:C,"*1320_031*",用例执行情况!H:H,"LV0") -> 0 | E32: =COUNTIFS(用例执行情况!C:C,"*1320_031*",用例执行情况!H:H,"LV1") -> 5 | F32: =COUNTIFS(用例执行情况!C:C,"*1320_031*",用例执行情况!H:H,"LV2") -> 0 | G32: =COUNTIFS(用例执行情况!C:C,"*1320_031*",用例执行情况!H:H,"LV3") -> 2 | H32: =COUNTIFS(用例执行情况!C:C,"*1320_031*",用例执行情况!H:H,"LV4") -> 1 | I32: =COUNTIFS(用例执行情况!C:C,"*1320_031*",用例执行情况!J:J,"是") -> 0 | J32: =COUNTIFS(用例执行情况!C:C,"*1320_031*",用例执行情况!I:I,"是") -> 0 | K32: =D32/C32 -> 0 | L32: =E32/C32 -> 0.625 | M32: =F32/C32 -> 0 | N32: =G32/C32 -> 0.25 | O32: =H32/C32 -> 0.125 | P32: =J32/C32 -> 0 | Q32: 1320 Sprint1
A33: TR_AcuRev1320_032 | B33: 上位机DataLogSetting | C33: =COUNTIFS(用例执行情况!C:C,"*1320_032*") -> 30 | D33: =COUNTIFS(用例执行情况!C:C,"*1320_032*",用例执行情况!H:H,"LV0") -> 1 | E33: =COUNTIFS(用例执行情况!C:C,"*1320_032*",用例执行情况!H:H,"LV1") -> 9 | F33: =COUNTIFS(用例执行情况!C:C,"*1320_032*",用例执行情况!H:H,"LV2") -> 8 | G33: =COUNTIFS(用例执行情况!C:C,"*1320_032*",用例执行情况!H:H,"LV3") -> 9 | H33: =COUNTIFS(用例执行情况!C:C,"*1320_032*",用例执行情况!H:H,"LV4") -> 3 | I33: =COUNTIFS(用例执行情况!C:C,"*1320_032*",用例执行情况!J:J,"是") -> 0 | J33: =COUNTIFS(用例执行情况!C:C,"*1320_032*",用例执行情况!I:I,"是") -> 0 | K33: =D33/C33 -> 0.033333333 | L33: =E33/C33 -> 0.3 | M33: =F33/C33 -> 0.26666667 | N33: =G33/C33 -> 0.3 | O33: =H33/C33 -> 0.1 | P33: =J33/C33 -> 0 | Q33: 1320 Sprint1
A34: TR_AcuRev1320_033 | B34: 脉冲计算器 | C34: =COUNTIFS(用例执行情况!C:C,"*1320_033*") -> 7 | D34: =COUNTIFS(用例执行情况!C:C,"*1320_033*",用例执行情况!H:H,"LV0") -> 1 | E34: =COUNTIFS(用例执行情况!C:C,"*1320_033*",用例执行情况!H:H,"LV1") -> 1 | F34: =COUNTIFS(用例执行情况!C:C,"*1320_033*",用例执行情况!H:H,"LV2") -> 1 | G34: =COUNTIFS(用例执行情况!C:C,"*1320_033*",用例执行情况!H:H,"LV3") -> 3 | H34: =COUNTIFS(用例执行情况!C:C,"*1320_033*",用例执行情况!H:H,"LV4") -> 1 | I34: =COUNTIFS(用例执行情况!C:C,"*1320_033*",用例执行情况!J:J,"是") -> 0 | J34: =COUNTIFS(用例执行情况!C:C,"*1320_033*",用例执行情况!I:I,"是") -> 0 | K34: =D34/C34 -> 0.14285714 | L34: =E34/C34 -> 0.14285714 | M34: =F34/C34 -> 0.14285714 | N34: =G34/C34 -> 0.42857143 | O34: =H34/C34 -> 0.14285714 | P34: =J34/C34 -> 0 | Q34: 1320 Sprint1
A35: TR_AcuRev1320_034 | B35: 数据导出导入 | C35: =COUNTIFS(用例执行情况!C:C,"*1320_034*") -> 10 | D35: =COUNTIFS(用例执行情况!C:C,"*1320_034*",用例执行情况!H:H,"LV0") -> 1 | E35: =COUNTIFS(用例执行情况!C:C,"*1320_034*",用例执行情况!H:H,"LV1") -> 1 | F35: =COUNTIFS(用例执行情况!C:C,"*1320_034*",用例执行情况!H:H,"LV2") -> 8 | G35: =COUNTIFS(用例执行情况!C:C,"*1320_034*",用例执行情况!H:H,"LV3") -> 0 | H35: =COUNTIFS(用例执行情况!C:C,"*1320_034*",用例执行情况!H:H,"LV4") -> 0 | I35: =COUNTIFS(用例执行情况!C:C,"*1320_034*",用例执行情况!J:J,"是") -> 0 | J35: =COUNTIFS(用例执行情况!C:C,"*1320_034*",用例执行情况!I:I,"是") -> 0 | K35: =D35/C35 -> 0.1 | L35: =E35/C35 -> 0.1 | M35: =F35/C35 -> 0.8 | N35: =G35/C35 -> 0 | O35: =H35/C35 -> 0 | P35: =J35/C35 -> 0 | Q35: 1320 Sprint1
A36: TR_AcuRev1320_035 | B36: rstp功能验证 | C36: =COUNTIFS(用例执行情况!C:C,"*1320_035*") -> 15 | D36: =COUNTIFS(用例执行情况!C:C,"*1320_035*",用例执行情况!H:H,"LV0") -> 3 | E36: =COUNTIFS(用例执行情况!C:C,"*1320_035*",用例执行情况!H:H,"LV1") -> 3 | F36: =COUNTIFS(用例执行情况!C:C,"*1320_035*",用例执行情况!H:H,"LV2") -> 9 | G36: =COUNTIFS(用例执行情况!C:C,"*1320_035*",用例执行情况!H:H,"LV3") -> 0 | H36: =COUNTIFS(用例执行情况!C:C,"*1320_035*",用例执行情况!H:H,"LV4") -> 0 | I36: =COUNTIFS(用例执行情况!C:C,"*1320_035*",用例执行情况!J:J,"是") -> 0 | J36: =COUNTIFS(用例执行情况!C:C,"*1320_035*",用例执行情况!I:I,"是") -> 0 | K36: =D36/C36 -> 0.2 | L36: =E36/C36 -> 0.2 | M36: =F36/C36 -> 0.6 | N36: =G36/C36 -> 0 | O36: =H36/C36 -> 0 | P36: =J36/C36 -> 0 | Q36: 1320 Sprint1
A37: TR_AcuRev1320_036 | B37: USB接口测试 | C37: =COUNTIFS(用例执行情况!C:C,"*1320_036*") -> 51 | D37: =COUNTIFS(用例执行情况!C:C,"*1320_036*",用例执行情况!H:H,"LV0") -> 2 | E37: =COUNTIFS(用例执行情况!C:C,"*1320_036*",用例执行情况!H:H,"LV1") -> 30 | F37: =COUNTIFS(用例执行情况!C:C,"*1320_036*",用例执行情况!H:H,"LV2") -> 19 | G37: =COUNTIFS(用例执行情况!C:C,"*1320_036*",用例执行情况!H:H,"LV3") -> 0 | H37: =COUNTIFS(用例执行情况!C:C,"*1320_036*",用例执行情况!H:H,"LV4") -> 0 | I37: =COUNTIFS(用例执行情况!C:C,"*1320_036*",用例执行情况!J:J,"是") -> 0 | J37: =COUNTIFS(用例执行情况!C:C,"*1320_036*",用例执行情况!I:I,"是") -> 0 | K37: =D37/C37 -> 0.039215686 | L37: =E37/C37 -> 0.58823529 | M37: =F37/C37 -> 0.37254902 | N37: =G37/C37 -> 0 | O37: =H37/C37 -> 0 | P37: =J37/C37 -> 0 | Q37: 1320 Sprint2
A38: TR_AcuRev1320_037 | B38: 电压闪变 | C38: =COUNTIFS(用例执行情况!C:C,"*1320_037*") -> 9 | D38: =COUNTIFS(用例执行情况!C:C,"*1320_037*",用例执行情况!H:H,"LV0") -> 1 | E38: =COUNTIFS(用例执行情况!C:C,"*1320_037*",用例执行情况!H:H,"LV1") -> 1 | F38: =COUNTIFS(用例执行情况!C:C,"*1320_037*",用例执行情况!H:H,"LV2") -> 7 | G38: =COUNTIFS(用例执行情况!C:C,"*1320_037*",用例执行情况!H:H,"LV3") -> 0 | H38: =COUNTIFS(用例执行情况!C:C,"*1320_037*",用例执行情况!H:H,"LV4") -> 0 | I38: =COUNTIFS(用例执行情况!C:C,"*1320_037*",用例执行情况!J:J,"是") -> 0 | J38: =COUNTIFS(用例执行情况!C:C,"*1320_037*",用例执行情况!I:I,"是") -> 0 | K38: =D38/C38 -> 0.11111111 | L38: =E38/C38 -> 0.11111111 | M38: =F38/C38 -> 0.77777778 | N38: =G38/C38 -> 0 | O38: =H38/C38 -> 0 | P38: =J38/C38 -> 0 | Q38: 1320新增
A39: TR_AcuRev1320_038 | B39: 数据推送到AcuCloud | C39: =COUNTIFS(用例执行情况!C:C,"*1320_038*") -> 10 | D39: =COUNTIFS(用例执行情况!C:C,"*1320_038*",用例执行情况!H:H,"LV0") -> 1 | E39: =COUNTIFS(用例执行情况!C:C,"*1320_038*",用例执行情况!H:H,"LV1") -> 0 | F39: =COUNTIFS(用例执行情况!C:C,"*1320_038*",用例执行情况!H:H,"LV2") -> 9 | G39: =COUNTIFS(用例执行情况!C:C,"*1320_038*",用例执行情况!H:H,"LV3") -> 0 | H39: =COUNTIFS(用例执行情况!C:C,"*1320_038*",用例执行情况!H:H,"LV4") -> 0 | I39: =COUNTIFS(用例执行情况!C:C,"*1320_038*",用例执行情况!J:J,"是") -> 0 | J39: =COUNTIFS(用例执行情况!C:C,"*1320_038*",用例执行情况!I:I,"是") -> 0 | K39: =D39/C39 -> 0.1 | L39: =E39/C39 -> 0 | M39: =F39/C39 -> 0.9 | N39: =G39/C39 -> 0 | O39: =H39/C39 -> 0 | P39: =J39/C39 -> 0 | Q39: 1320新增
A40: TR_AcuRev1320_039 | B40: 数据推送Data Post | C40: =COUNTIFS(用例执行情况!C:C,"*1320_039*") -> 14 | D40: =COUNTIFS(用例执行情况!C:C,"*1320_039*",用例执行情况!H:H,"LV0") -> 2 | E40: =COUNTIFS(用例执行情况!C:C,"*1320_039*",用例执行情况!H:H,"LV1") -> 1 | F40: =COUNTIFS(用例执行情况!C:C,"*1320_039*",用例执行情况!H:H,"LV2") -> 11 | G40: =COUNTIFS(用例执行情况!C:C,"*1320_039*",用例执行情况!H:H,"LV3") -> 0 | H40: =COUNTIFS(用例执行情况!C:C,"*1320_039*",用例执行情况!H:H,"LV4") -> 0 | I40: =COUNTIFS(用例执行情况!C:C,"*1320_039*",用例执行情况!J:J,"是") -> 0 | J40: =COUNTIFS(用例执行情况!C:C,"*1320_039*",用例执行情况!I:I,"是") -> 0 | K40: =D40/C40 -> 0.14285714 | L40: =E40/C40 -> 0.071428571 | M40: =F40/C40 -> 0.78571429 | N40: =G40/C40 -> 0 | O40: =H40/C40 -> 0 | P40: =J40/C40 -> 0 | Q40: 1320新增
A41: TR_AcuRev1320_040 | B41: DataLoggers | C41: =COUNTIFS(用例执行情况!C:C,"*1320_040*") -> 16 | D41: =COUNTIFS(用例执行情况!C:C,"*1320_040*",用例执行情况!H:H,"LV0") -> 3 | E41: =COUNTIFS(用例执行情况!C:C,"*1320_040*",用例执行情况!H:H,"LV1") -> 3 | F41: =COUNTIFS(用例执行情况!C:C,"*1320_040*",用例执行情况!H:H,"LV2") -> 5 | G41: =COUNTIFS(用例执行情况!C:C,"*1320_040*",用例执行情况!H:H,"LV3") -> 3 | H41: =COUNTIFS(用例执行情况!C:C,"*1320_040*",用例执行情况!H:H,"LV4") -> 2 | I41: =COUNTIFS(用例执行情况!C:C,"*1320_040*",用例执行情况!J:J,"是") -> 0 | J41: =COUNTIFS(用例执行情况!C:C,"*1320_040*",用例执行情况!I:I,"是") -> 0 | K41: =D41/C41 -> 0.1875 | L41: =E41/C41 -> 0.1875 | M41: =F41/C41 -> 0.3125 | N41: =G41/C41 -> 0.1875 | O41: =H41/C41 -> 0.125 | P41: =J41/C41 -> 0 | Q41: 1320新增
A42: TR_AcuRev1320_042 | B42: DualSource Energy | C42: =COUNTIFS(用例执行情况!C:C,"*1320_042*") -> 64 | D42: =COUNTIFS(用例执行情况!C:C,"*1320_042*",用例执行情况!H:H,"LV0") -> 5 | E42: =COUNTIFS(用例执行情况!C:C,"*1320_042*",用例执行情况!H:H,"LV1") -> 7 | F42: =COUNTIFS(用例执行情况!C:C,"*1320_042*",用例执行情况!H:H,"LV2") -> 52 | G42: =COUNTIFS(用例执行情况!C:C,"*1320_042*",用例执行情况!H:H,"LV3") -> 0 | H42: =COUNTIFS(用例执行情况!C:C,"*1320_042*",用例执行情况!H:H,"LV4") -> 0 | I42: =COUNTIFS(用例执行情况!C:C,"*1320_042*",用例执行情况!J:J,"是") -> 0 | J42: =COUNTIFS(用例执行情况!C:C,"*1320_042*",用例执行情况!I:I,"是") -> 0 | K42: =D42/C42 -> 0.078125 | L42: =E42/C42 -> 0.109375 | M42: =F42/C42 -> 0.8125 | N42: =G42/C42 -> 0 | O42: =H42/C42 -> 0 | P42: =J42/C42 -> 0 | Q42: 1320新增
A43: TR_AcuRev1320_043 | B43: Independent Input | C43: =COUNTIFS(用例执行情况!C:C,"*1320_043*") -> 60 | D43: =COUNTIFS(用例执行情况!C:C,"*1320_043*",用例执行情况!H:H,"LV0") -> 6 | E43: =COUNTIFS(用例执行情况!C:C,"*1320_043*",用例执行情况!H:H,"LV1") -> 16 | F43: =COUNTIFS(用例执行情况!C:C,"*1320_043*",用例执行情况!H:H,"LV2") -> 29 | G43: =COUNTIFS(用例执行情况!C:C,"*1320_043*",用例执行情况!H:H,"LV3") -> 7 | H43: =COUNTIFS(用例执行情况!C:C,"*1320_043*",用例执行情况!H:H,"LV4") -> 0 | I43: =COUNTIFS(用例执行情况!C:C,"*1320_043*",用例执行情况!J:J,"是") -> 0 | J43: =COUNTIFS(用例执行情况!C:C,"*1320_043*",用例执行情况!I:I,"是") -> 0 | K43: =D43/C43 -> 0.1 | L43: =E43/C43 -> 0.26666667 | M43: =F43/C43 -> 0.48333333 | N43: =G43/C43 -> 0.11666667 | O43: =H43/C43 -> 0 | P43: =J43/C43 -> 0 | Q43: 1320新增
A44: TR_AcuRev1320_044 | B44: Custom Read | C44: =COUNTIFS(用例执行情况!C:C,"*1320_044*") -> 25 | D44: =COUNTIFS(用例执行情况!C:C,"*1320_044*",用例执行情况!H:H,"LV0") -> 2 | E44: =COUNTIFS(用例执行情况!C:C,"*1320_044*",用例执行情况!H:H,"LV1") -> 6 | F44: =COUNTIFS(用例执行情况!C:C,"*1320_044*",用例执行情况!H:H,"LV2") -> 14 | G44: =COUNTIFS(用例执行情况!C:C,"*1320_044*",用例执行情况!H:H,"LV3") -> 2 | H44: =COUNTIFS(用例执行情况!C:C,"*1320_044*",用例执行情况!H:H,"LV4") -> 1 | I44: =COUNTIFS(用例执行情况!C:C,"*1320_044*",用例执行情况!J:J,"是") -> 0 | J44: =COUNTIFS(用例执行情况!C:C,"*1320_044*",用例执行情况!I:I,"是") -> 0 | K44: =D44/C44 -> 0.08 | L44: =E44/C44 -> 0.24 | M44: =F44/C44 -> 0.56 | N44: =G44/C44 -> 0.08 | O44: =H44/C44 -> 0.04 | P44: =J44/C44 -> 0 | Q44: 1320新增
A45: TR_AcuRev1320_045 | B45: Audit\sys Log | C45: =COUNTIFS(用例执行情况!C:C,"*1320_045*") -> 63 | D45: =COUNTIFS(用例执行情况!C:C,"*1320_045*",用例执行情况!H:H,"LV0") -> 3 | E45: =COUNTIFS(用例执行情况!C:C,"*1320_045*",用例执行情况!H:H,"LV1") -> 4 | F45: =COUNTIFS(用例执行情况!C:C,"*1320_045*",用例执行情况!H:H,"LV2") -> 44 | G45: =COUNTIFS(用例执行情况!C:C,"*1320_045*",用例执行情况!H:H,"LV3") -> 3 | H45: =COUNTIFS(用例执行情况!C:C,"*1320_045*",用例执行情况!H:H,"LV4") -> 9 | I45: =COUNTIFS(用例执行情况!C:C,"*1320_045*",用例执行情况!J:J,"是") -> 0 | J45: =COUNTIFS(用例执行情况!C:C,"*1320_045*",用例执行情况!I:I,"是") -> 0 | K45: =D45/C45 -> 0.047619048 | L45: =E45/C45 -> 0.063492063 | M45: =F45/C45 -> 0.6984127 | N45: =G45/C45 -> 0.047619048 | O45: =H45/C45 -> 0.14285714 | P45: =J45/C45 -> 0 | Q45: 1320新增
A46: TR_AcuRev1320_046 | B46: Web页面Reading&setting | C46: =COUNTIFS(用例执行情况!C:C,"*1320_046*") -> 114 | D46: =COUNTIFS(用例执行情况!C:C,"*1320_046*",用例执行情况!H:H,"LV0") -> 11 | E46: =COUNTIFS(用例执行情况!C:C,"*1320_046*",用例执行情况!H:H,"LV1") -> 9 | F46: =COUNTIFS(用例执行情况!C:C,"*1320_046*",用例执行情况!H:H,"LV2") -> 87 | G46: =COUNTIFS(用例执行情况!C:C,"*1320_046*",用例执行情况!H:H,"LV3") -> 3 | H46: =COUNTIFS(用例执行情况!C:C,"*1320_046*",用例执行情况!H:H,"LV4") -> 0 | I46: =COUNTIFS(用例执行情况!C:C,"*1320_046*",用例执行情况!J:J,"是") -> 0 | J46: =COUNTIFS(用例执行情况!C:C,"*1320_046*",用例执行情况!I:I,"是") -> 0 | K46: =D46/C46 -> 0.096491228 | L46: =E46/C46 -> 0.078947368 | M46: =F46/C46 -> 0.76315789 | N46: =G46/C46 -> 0.026315789 | O46: =H46/C46 -> 0 | P46: =J46/C46 -> 0 | Q46: 1320新增
A47: 共计: | C47: =SUM(C2:C46) -> 1809 | D47: =SUM(D2:D46) -> 141 | E47: =SUM(E2:E46) -> 416 | F47: =SUM(F2:F46) -> 896 | G47: =SUM(G2:G46) -> 255 | H47: =SUM(H2:H46) -> 89 | I47: =SUM(I2:I46) -> 0 | J47: =SUM(J2:J46) -> 166 | K47: =D47/C47 -> 0.077943615 | L47: =E47/C47 -> 0.2299613 | M47: =F47/C47 -> 0.49530127 | N47: =G47/C47 -> 0.14096186 | O47: =H47/C47 -> 0.049198452 | P47: =J47/C47 -> 0.091763405
D50: ~

Sheet 用例定级及比例
A1: 用例级别 | B1: 比例 | C1: 定级说明
A2: LV0 | B2: 0.1 | C2: 产品checklist范围内的测试用例，覆盖最基本功能
A3: LV1 | B3: 0.15 | C3: 产品基本功能验证，不涉及配置及场景测试
A4: LV2 | B4: 0.4 | C4: 产品功能测试常见配置及场景测试
A5: LV3 | B5: 0.25 | C5: 不常见的产品测试、配置及场景测试，以及常见异常测试
A6: LV4 | B6: 0.1 | C6: 冷僻的产品功能、配置及场景测试，以及罕见异常测试

Sheet 后期可能新增web用例
A1: 模块 | B1: 子模块 | C1: 用例编号 | D1: 用例标题 | E1: 预置条件 | F1: 测试步骤 | G1: 预期结果 | H1: 级别 | I1: 自动化 | J1: 需自动化 （是/否） | K1: 测试版本 | L1: 测试结果 | M1: 测试人员 | N1: 备注 | O1: 问题单来源
A2: web页面 | B2: TOU | C2: Function_AcuRev4100_046_16_case01 | D2: 点击setting界面，进入TOU，TOU使能开关设置 | E2: 1、Acuview2上位机 2、AcuRev1320电表 3、web网址 | F2: 1、电表上电，电表通讯正常 2、打开web页面,点击setting界面，进入TOU，TOU使能开关设置（打开/关闭） 3、查看上位机及电表上TOU使能开关的配置是否与Web端保持一致 | G2: 3、查看上位机及电表上TOU使能开关的配置与Web端保持一致
B3: TOU | C3: Function_AcuRev4100_046_16_case02 | D3: 点击setting界面，进入TOU，月结算模式设置 | E3: 1、Acuview2上位机 2、AcuRev1320电表 3、web网址 | F3: 1、电表上电，电表通讯正常 2、打开web页面,点击setting界面，进入TOU，配置月结算模式（月末/指定时间：01 00：00：00；15 15：00：00；29 23：59：00；31 23:59:00） 3、查看上位机及电表上月计算模式配置是否与Web端保持一致 | G3: 3、查看上位机及电表上月计算模式配置与Web端保持一致
B4: TOU | C4: Function_AcuRev4100_046_16_case03 | D4: 点击setting界面，进入TOU，费率配置 | E4: 1、Acuview2上位机 2、AcuRev1320电表 3、web网址 | F4: 1、电表上电，电表通讯正常 2、打开web页面,点击setting界面，进入TOU，费率配置（默认费率/费率全选/费率部分选） 3、查看上位机及电表上费率配置是否与Web端保持一致 | G4: 3、查看上位机及电表上费率配置与Web端保持一致
B5: TOU | C5: Function_AcuRev4100_046_16_case04 | D5: 点击setting界面，进入TOU，TOU Schdeules配置，TOU Schdeules配置内容检查 | E5: 1、Acuview2上位机 2、AcuRev1320电表 3、web网址 | F5: 1、电表上电，电表通讯正常 2、打开web页面,点击setting界面，进入TOU，TOU Schdeules配置（配置一条/配满/配置5条） 3、查看上位机及电表上TOU Schdeules配置条数是否与Web端保持一致 4、新增一个Schdeules，进入配置（配置1个，14，10个时刻，） 5、查看上位机及电表上 TOU Schdeules配置内容是否与Web端保持一致 6、新增一个Schdeules，配置多个时刻，分别设置为（相同费率，不同费率） 7、查看Schdeules中费率配置项是否与外部所使能的费率数相同 8、查看上位机及电表上 TOU Schdeules配置内容是否与Web端保持一致 | G5: 3、查看上位机及电表上TOU Schdeules配置条数与Web端保持一致 5、保持一致 7、相同 8、保持一致
B6: TOU | C6: Function_AcuRev4100_046_16_case05 | D6: 点击setting界面，进入TOU，检查删除TOU Schdeules配置 | E6: 1、Acuview2上位机 2、AcuRev1320电表 3、web网址 | F6: 1、电表上电，电表通讯正常 2、点击setting界面，进入TOU，检查删除TOU Schdeules配置 3、web端TOU Schdeules条数删除功能是否正常，每条Schdeules ID中时段删除是否正常 4、检查在web端删除后，上位机及电表是否保持一致 | G6: 3、web端TOU Schdeules条数删除功能正常，每条Schdeules ID中时段删除正常 4、检查在web端删除后，上位机及电表保持一致
B7: TOU | C7: Function_AcuRev4100_046_16_case06 | D7: 点击setting界面，进入TOU，TOU Season配置、TOU Season配置内容、TOU Season配置内容中start date合法性 | E7: 1、Acuview2上位机 2、AcuRev1320电表 3、web网址 | F7: 1、电表上电，电表通讯正常 2、打开web页面,点击setting界面，进入TOU，TOU Season配置（1条，10条，配满） 3、查看上位机及电表上TOU Season配置条数是否与Web端保持一致 4、打开web页面,点击setting界面，进入TOU，检查TOU Season配置内容 5、检查每条seasonID对应选择的schedule ID是否与TOU Schdeules中条数保持一致 6、配置多条TOU Season，将所有TOU Season配置相同的schedule ID 7、查看上位机及电表上TOU Season配置内容是否与Web端保持一致 8、配置多条TOU Season，将所有TOU Season配置不同的schedule ID 9、查看上位机及电表上TOU Season配置内容是否与Web端保持一致 10、配置多条TOU Season 11、查看这多条TOU Season的start date是否遵守时间递进的逻辑 12、检查这多条TOU Season的start date时间合法性校验 | G7: 3、查看上位机及电表上TOU Season配置条数与Web端保持一致 5、保持一致 7、保持一致 9、保持一致 11、遵守时间递进 12、校验正常
B8: TOU | C8: Function_AcuRev4100_046_16_case07 | D8: 点击setting界面，进入TOU，检查删除TOU Season配置 | E8: 1、Acuview2上位机 2、AcuRev1320电表 3、web网址 | F8: 1、电表上电，电表通讯正常 2、点击setting界面，进入TOU，检查删除TOU Season配置 3、web端TOU Season条数删除功能是否正常 4、检查在web端删除后，上位机及电表是否保持一致 | G8: 3、web端TOU Season条数删除功能正常 4、检查在web端删除后，上位机及电表保持一致
B9: TOU | C9: Function_AcuRev4100_046_16_case08 | D9: 点击setting界面，进入TOU，进行TOU Weekends配置 | E9: 1、Acuview2上位机 2、AcuRev1320电表 3、web网址 | F9: 1、电表上电，电表通讯正常 2、打开web页面，点击setting界面，进入TOU，进行TOU Weekends配置 3、Weekend Selection分别进行全选，选择1个，部分选择，对应1个weekend schedule 4、查看web端设置是否成功 5、设置成功后，查看上位机及电表与web端对应该参数配置是否相同 6、查看TOU Weekends中weekend schedule是否取的是TOU Schdeules中的Schdeules ID | G9: 4、查看web端设置成功 5、设置成功后，查看上位机及电表与web端对应该参数配置相同 6、查看TOU Weekends中weekend schedule取的是TOU Schdeules中的Schdeules ID
B10: TOU | C10: Function_AcuRev4100_046_16_case09 | D10: 点击setting界面，进入TOU，点击特殊周末配置，打开/关闭使能开关 | E10: 1、Acuview2上位机 2、AcuRev1320电表 3、web网址 | F10: 1、电表上电，电表通讯正常 2、打开web页面，点击setting界面，进入TOU，点击特殊周末配置，打开/关闭使能开关 3、查看上位机及电表特殊周末使能开关是否与web端保持一致 4、新增特殊周末Season ID,分别新增1条/配满 5、查看配满时，其条数是否与Tou Season 中的Season ID条数保持一致 6、新增1条Season ID进行配置，查看其中选择的weekend schedule是否取的是TOU Schdeules中的Schdeules ID 7、选择一个特殊周/全选特殊周/选择部分特殊周进行配置 8、配置成功后，查看上位机及电表是否与web端保持配置相同 | G10: 3、查看上位机及电表特殊周末使能开关与web端保持一致 5、查看配满时，其条数与Tou Season 中的Season ID条数保持一致 7、新增1条Season ID进行配置，查看其中选择的weekend schedule取的是TOU Schdeules中的Schdeules ID 8、配置成功后，查看上位机及电表与web端保持配置相同
B11: TOU | C11: Function_AcuRev4100_046_16_case10 | D11: 点击setting界面，进入TOU，检查删除特殊周末配置 | E11: 1、Acuview2上位机 2、AcuRev1320电表 3、web网址 | F11: 1、电表上电，电表通讯正常 2、点击setting界面，进入TOU，检查删除特殊周末配置 3、web端特殊周末条数删除功能是否正常 4、检查在web端删除后，上位机及电表是否保持一致 | G11: 3、web端特殊周末条数删除功能正常 4、检查在web端删除后，上位机及电表保持一致
B12: TOU | C12: Function_AcuRev4100_046_16_case11 | D12: 点击setting界面，进入TOU，TOU Holiday配置、TOU Holiday配置内容、TOU Holiday配置内容中date合法性 | E12: 1、Acuview2上位机 2、AcuRev1320电表 3、web网址 | F12: 1、电表上电，电表通讯正常 2、打开web页面,点击setting界面，进入TOU，TOU Holiday配置（1条，10条，配满） 3、查看上位机及电表上TOU Holiday配置条数是否与Web端保持一致 4、检查每条Holiday ID对应选择的schedule ID是否与TOU Schdeules中条数保持一致 5、配置多条TOU Holiday，将所有TOU Holiday配置相同的schedule ID 6、查看上位机及电表上TOU Holiday配置内容是否与Web端保持一致 7、配置多条TOU Holiday，将所有TOU Holiday配置不同的schedule ID 8、查看上位机及电表上TOU Holiday配置内容是否与Web端保持一致 9、配置多条TOU Holiday 10、检查这多条TOU Holiday的date时间合法性校验 11、在TOU Holiday中配置两条date相同的TOU Holiday，查看是否配置成功 | G12: 3、查看上位机及电表上TOU Holiday配置条数与Web端保持一致 4、保持一致 6、保持一致 8、保持一致 10、时间合法 11、配置成功
B13: TOU | C13: Function_AcuRev4100_046_16_case12 | D13: 点击setting界面，进入TOU，检查删除TOU Holiday配置 | E13: 1、Acuview2上位机 2、AcuRev1320电表 3、web网址 | F13: 1、电表上电，电表通讯正常 2、点击setting界面，进入TOU，检查删除TOU Holiday配置 3、web端TOU Holiday条数删除功能是否正常 4、检查在web端删除后，上位机及电表是否保持一致 | G13: 3、web端TOU Holiday条数删除功能正常 4、检查在web端删除后，上位机及电表保持一致
B14: TOU | C14: Function_AcuRev4100_046_16_case13 | D14: 点击setting界面，进入ten years holiday，配置使能开关 | E14: 1、Acuview2上位机 2、AcuRev1320电表 3、web网址 | F14: 1、电表上电，电表通讯正常 2、点击setting界面，进入ten years holiday，配置使能开关（打开/关闭） 3、检查web端、上位机、电表三者是否保持一致 | G14: 3、三处保持一致
... B19: TOU | C19: Function_AcuRev4100_046_16_case18 | D19: 点击setting界面，进入TOU界面,查看该页面英文描述及拼写 | E19: 1、Acuview2上位机 2、AcuRev1320电表 3、web网址 | F19: 1、电表上电，电表通讯正常 2、web页面，点击setting界面，进入TOU界面,查看该页面英文描述及拼写是否准确 | G19: 2、点击setting界面，进入TOU界面,查看该页面英文描述及拼写准确
B21: Web2交互(HMI配置) | C21: Function_AcuRev4100sprint2_001_10_case1 | D21: 在HMI上setting-web2使能enable DHCP | E21: 1、Acuview2上位机 2、USB串口线 3、AcuRev4100电表 | F21: 1、4100电表正常上电，sscom通过usb与电表链接，配置完成后，链接状态为connected； 2、在HMI上setting-web2使能enable DHCP 3、在sscom通过usb组帧查看电表状态寄存器中bit0是否置1 4、查看HMI-web2页面下对应enable DHCP该项是否标* 5、模拟web2回复4100电表发出的打开dhcp成功，利用sscom组帧手动将状态寄存器中bit0置位0 6、查看HMI-web2页面下对应enable DHCP该项标*是否消失 | G21: 3、电表状态寄存器中bit0置1 4、HMI-web2页面下对应enable DHCP该项标* 5、下发成功 6、HMI-web2页面下对应enable DHCP该项标*消失 | H21: LV0
B22: Web2交互(HMI配置) | C22: Function_AcuRev4100sprint2_001_10_case1-01 | D22: 在HMI上setting使能表计DHCP、关闭DHCP | E22: 1、Acuview2上位机 2、USB串口线 3、AcuRev4100电表 | F22: 1.使能表计DHCP 2.查看web2中Eth1 DHCP、Eth1 IP、Eth1 Subnet、Eth1 Gateway、Eth1DNS1、Eth1DNS2这些数据能否进行修改 3.关闭表计DHCP 4.查看web2中Eth1 DHCP、Eth1 IP、Eth1 Subnet、Eth1 Gateway、Eth1DNS1、Eth1DNS2这些数据的状态 | G22: 2.不能被修改 4.电表DHCP不应该影响web2的网络数据 | H22: LV0
B23: Web2交互(HMI配置) | C23: Function_AcuRev4100sprint2_001_10_case2 | D23: 配置web2的状态寄存器中bit0位enable DHCP置位为1后快速掉电再上电 | E23: 1、Acuview2上位机 2、USB串口线 3、AcuRev4100电表 | F23: 1、4100电表正常上电，sscom通过usb与电表链接，配置完成后，链接状态为connected； 2、在HMI上setting-web2使能enable DHCP 3、在sscom通过usb组帧查看电表状态寄存器中bit0是否置1 4、查看HMI-web2页面下对应enable DHCP该项是否标* 5、此后电表，再上电 6、在sscom通过usb组帧查看电表状态寄存器中bit0是否置1 7、查看HMI-web2页面下对应enable DHCP该项标*是否消失 | G23: 3、电表状态寄存器中bit0置1 4、HMI-web2页面下对应enable DHCP该项标* 6、电表状态寄存器中bit0置1 7、HMI-web2页面下对应enable DHCP该项标*未消失 | H23: LV0
B24: Web2交互(HMI配置) | C24: Function_AcuRev4100sprint2_001_10_case3 | D24: 进入HMI上setting-web2中，修改IP Address | E24: 1、Acuview2上位机 2、USB串口线 3、AcuRev4100电表 | F24: 1、4100电表正常上电，sscom通过usb与电表链接，配置完成后，链接状态为connected； 2、进入HMI上setting-web2中，修改IP Address 3、在sscom通过usb组帧查看电表状态寄存器中bit1是否置1 4、查看HMI-web2页面下对应IP Address该项是否标* 5、模拟web2回复4100电表发出的打开dhcp成功，利用sscom组帧手动将状态寄存器中bit1置位0 6、查看HMI-web2页面下对应IP Address该项标*是否消失 | G24: 3、电表状态寄存器中bit1置1 4、HMI-web2页面下对应IP Address该项标* 5、下发成功 6、HMI-web2页面下对应IP Address该项标*消失 | H24: LV1
B25: Web2交互(HMI配置) | C25: Function_AcuRev4100sprint2_001_10_case4 | D25: 进入HMI上setting-web2中，修改Subnet mask | E25: 1、Acuview2上位机 2、USB串口线 3、AcuRev4100电表 | F25: 1、4100电表正常上电，sscom通过usb与电表链接，配置完成后，链接状态为connected； 2、进入HMI上setting-web2中，修改Subnet mask 3、在sscom通过usb组帧查看电表状态寄存器中bit2是否置1 4、查看HMI-web2页面下对应Subnet mask该项是否标* 5、模拟web2回复4100电表发出的打开dhcp成功，利用sscom组帧手动将状态寄存器中bit2置位0 6、查看HMI-web2页面下对应Subnet mask该项标*是否消失 | G25: 3、电表状态寄存器中bit2置1 4、HMI-web2页面下对应Subnet mask该项标* 5、下发成功 6、HMI-web2页面下对应Subnet mask该项标*消失 | H25: LV1
B26: Web2交互(HMI配置) | C26: Function_AcuRev4100sprint2_001_10_case5 | D26: 进入HMI上setting-web2中，修改Gateway | E26: 1、Acuview2上位机 2、USB串口线 3、AcuRev4100电表 | F26: 1、4100电表正常上电，sscom通过usb与电表链接，配置完成后，链接状态为connected； 2、进入HMI上setting-web2中，修改Gateway 3、在sscom通过usb组帧查看电表状态寄存器中bit3是否置1 4、查看HMI-web2页面下对应Gateway 该项是否标* 5、模拟web2回复4100电表发出的打开dhcp成功，利用sscom组帧手动将状态寄存器中bit3置位0 6、查看HMI-web2页面下对应Gateway 该项标*是否消失 | G26: 3、电表状态寄存器中bit3置1 4、HMI-web2页面下对应Gateway 该项标* 5、下发成功 6、HMI-web2页面下对应Gateway 该项标*消失 | H26: LV1
B27: Web2交互(HMI配置) | C27: Function_AcuRev4100sprint2_001_10_case6 | D27: 进入HMI上setting-web2中，修改DNS1 | E27: 1、Acuview2上位机 2、USB串口线 3、AcuRev4100电表 | F27: 1、4100电表正常上电，sscom通过usb与电表链接，配置完成后，链接状态为connected； 2、进入HMI上setting-web2中，修改DNS1 3、在sscom通过usb组帧查看电表状态寄存器中bit4是否置1 4、查看HMI-web2页面下对应DNS1 该项是否标* 5、模拟web2回复4100电表发出的打开dhcp成功，利用sscom组帧手动将状态寄存器中bit4置位0 6、查看HMI-web2页面下对应DNS1 该项标*是否消失 | G27: 3、电表状态寄存器中bit4置1 4、HMI-web2页面下对应DNS1 该项标* 5、下发成功 6、HMI-web2页面下对应DNS1 该项标*消失 | H27: LV1
B28: Web2交互(HMI配置) | C28: Function_AcuRev4100sprint2_001_10_case7 | D28: 进入HMI上setting-web2中，修改DNS2 | E28: 1、Acuview2上位机 2、USB串口线 3、AcuRev4100电表 | F28: 1、4100电表正常上电，sscom通过usb与电表链接，配置完成后，链接状态为connected； 2、进入HMI上setting-web2中，修改DNS2 3、在sscom通过usb组帧查看电表状态寄存器中bit5是否置1 4、查看HMI-web2页面下对应DNS2该项是否标* 5、模拟web2回复4100电表发出的打开dhcp成功，利用sscom组帧手动将状态寄存器中bit5置位0 6、查看HMI-web2页面下对应DNS2 该项标*是否消失 | G28: 3、电表状态寄存器中bit5置1 4、HMI-web2页面下对应DNS2 该项标* 5、下发成功 6、HMI-web2页面下对应DNS2 该项标*消失 | H28: LV1
B29: Web2交互(HMI配置) | C29: Function_AcuRev4100sprint2_001_10_case8 | D29: 进入HMI上setting-web2中，使能Device Reboot | E29: 1、Acuview2上位机 2、USB串口线 3、AcuRev4100电表 | F29: 1、4100电表正常上电，sscom通过usb与电表链接，配置完成后，链接状态为connected； 2、进入HMI上setting-web2中，使能Device Reboot 3、在sscom通过usb组帧查看电表状态寄存器中bit6是否置1 4、查看HMI-web2页面下对应Device Reboot 该项是否标* 5、模拟web2回复4100电表发出的打开dhcp成功，利用sscom组帧手动将状态寄存器中bit6置位0 6、查看HMI-web2页面下对应Device Reboot 该项标*是否消失 | G29: 3、电表状态寄存器中bit6置1 4、HMI-web2页面下对应Device Reboot 该项标* 5、下发成功 6、HMI-web2页面下对应Device Reboot 该项标*消失 | H29: LV1
B30: Web2交互(HMI配置) | C30: Function_AcuRev4100sprint2_001_10_case9 | D30: 进入HMI上setting-web2中，使能Factory Reset | E30: 1、Acuview2上位机 2、USB串口线 3、AcuRev4100电表 | F30: 1、4100电表正常上电，sscom通过usb与电表链接，配置完成后，链接状态为connected； 2、进入HMI上setting-web2中，使能Factory Reset 3、在sscom通过usb组帧查看电表状态寄存器中bit7是否置1 4、查看HMI-web2页面下对应Factory Reset 该项是否标* 5、模拟web2回复4100电表发出的打开dhcp成功，利用sscom组帧手动将状态寄存器中bit7置位0 6、查看HMI-web2页面下对应Factory Reset 该项标*是否消失 | G30: 3、电表状态寄存器中bit7置1 4、HMI-web2页面下对应Factory Reset 该项标*,web2模块中Eth1 DHCP、Eth1 IP、Eth1 Subnet、Eth1 Gateway、Eth1DNS1、Eth1DNS2的数据均被恢复为默认值：；且均被标* 5、下发成功 6、HMI-web2页面下对应Factory Reset 该项标*消失，其他标*的也需对应bit位写0 | H30: LV0
B31: Web2交互(HMI配置) | C31: Function_AcuRev4100sprint2_001_10_case10 | D31: 进入HMI上setting-web2中，使能Network Reset | E31: 1、Acuview2上位机 2、USB串口线 3、AcuRev4100电表 | F31: 1、4100电表正常上电，sscom通过usb与电表链接，配置完成后，链接状态为connected； 2、进入HMI上setting-web2中，使能Network Reset 3、在sscom通过usb组帧查看电表状态寄存器中bit8是否置1 4、查看HMI-web2页面下对应Network Reset该项是否标* 5、模拟web2回复4100电表发出的打开dhcp成功，利用sscom组帧手动将状态寄存器中bit8置位0 6、查看HMI-web2页面下对应Network Reset该项标*是否消失 | G31: 3、电表状态寄存器中bit8置1 4、HMI-web2页面下对应Network Reset该项标*，web2模块中Eth1 DHCP、Eth1 IP、Eth1 Subnet、Eth1 Gateway、Eth1DNS1、Eth1DNS2的数据均被恢复为默认值：；且均被标* 5、下发成功 6、HMI-web2页面下对应Network Reset该项标*消失，其他标*的也需对应bit位写0 | H31: LV1
B32: Web2交互(HMI配置) | C32: Function_AcuRev4100sprint2_001_10_case11 | D32: 进入HMI上setting-web2中，使能Clock Update Enable | E32: 1、Acuview2上位机 2、USB串口线 3、AcuRev4100电表 | F32: 1、4100电表正常上电，sscom通过usb与电表链接，配置完成后，链接状态为connected； 2、进入HMI上setting-web2中，使能Clock Update Enable 3、在sscom通过usb组帧查看电表状态寄存器中bit9是否置1 4、查看HMI-web2页面下对应Clock Update Enable该项是否标* 5、模拟web2回复4100电表发出的打开dhcp成功，利用sscom组帧手动将状态寄存器中bit9置位0 6、查看HMI-web2页面下对应Clock Update Enable该项标*是否消失 | G32: 3、电表状态寄存器中bit9置1 4、HMI-web2页面下对应Clock Update Enable该项标* 5、下发成功 6、HMI-web2页面下对应Clock Update Enable该项标*消失 | H32: LV1
... B47: Web2交互(链接状态&自发现) | C47: Function_AcuRev4100sprint2_001_13_case2 | D47: 将4块4100电表通过路由器级联，打开这3台电表的DHCP,在路由器中查看是否获取到了这4台电表的SN号,随后关闭电表的DHCP | E47: 1、Acuview2上位机 2、网线 3、AcuRev4100电表 4、路由器 | F47: 1、将4块4100电表通过路由器级联 2、打开这4块电表的DHCP 3、一段时间后（1min）,查看在路由器上是否能获取到这4台电表的SN号 4、随后关闭电表的DHCP 5、一段时间后（1min）,查看在路由器上这4台电表的SN号是否消失 6、重启这四块电表，继续查看在路由器上这4台电表的SN号是否消失 | G47: 3、一段时间后（1min）,在路由器上能获取到这4台电表的SN号 5、这4台电表的SN号不会消失 6、这4台电表的SN号消失 | H47: LV0

Sheet 版本测试日报
A1: AcuRev1320 v1.01p05 软件测试双日报
A2: 【软件版本】 | B2: APP:AcuRev-1320_Application_v1.01p05_20260401.MFEA Boot: AcuRev-1320_H745_Boot_v1.01p05_20260401.hex AcuRev-1320_H750_Boot_v1.01p05_20260401.hex AcuView2: acuview2_develop_v1.10p05_setup.exe | F2: 【硬件版本】 | G2: v1.01p05
A3: 【测试日期】 | B3: 2026.04.03 -2026.04.15 | F3: 【版本目标】 | G3: 全功能测试+精度测试+挂机测试+问题单回归测试
A4: 整体测试进展
A5: 一句话进展: 版本测试第8天，用例执行进度100%， 问题单回归测试进度100%。发现提单问题48个，均已JIRA提单跟踪，打开Acu Cloud功能，点击Test Communication之后电表会发生重启；电表Web页面显示和设置存在问题; data log存在概率乱码或全为0。
A6: 风险&阻塞
A7: 序号 | B7: 问题描述 | L7: 责任人 | M7: 期望解决日期
A8: 1
A9: 2
A10: 用例执行情况
A11: 序号 | B11: 测试模块 | D11: 测试人员 | E11: 基线用例 | F11: 用例总数 | G11: 执行数 | H11: Passed | I11: Failed | J11: Unavailable | K11: Blocked | L11: 已回归问题单 | M11: 执行率
A12: 1 | B12: 交流频率 | D12: 刘静茹&刘丛松&王丽红&王丽红 | E12: =COUNTIFS(用例执行情况!C:C,"*AcuRev1320_001*") -> 5 | F12: =COUNTIFS(用例执行情况!C:C,"*AcuRev1320_001*",用例执行情况!Z:Z,"v1.01p05") -> 3 | G12: =COUNTIFS(用例执行情况!C:C,"*AcuRev1320_001*",用例执行情况!Z:Z,"v1.01p05",用例执行情况!AA:AA,"<>") -> 3 | H12: =COUNTIFS(用例执行情况!C:C,"*AcuRev1320_001*",用例执行情况!Z:Z,"v1.01p05",用例执行情况!AA:AA,"Passed") -> 3 | I12: =COUNTIFS(用例执行情况!C:C,"*AcuRev1320_001*",用例执行情况!Z:Z,"v1.01p05",用例执行情况!AA:AA,"Failed") -> 0 | J12: =COUNTIFS(用例执行情况!C:C,"*AcuRev1320_001*",用例执行情况!Z:Z,"v1.01p05",用例执行情况!AA:AA,"Unavailable") -> 0 | K12: =COUNTIFS(用例执行情况!C:C,"*AcuRev1320_001*",用例执行情况!Z:Z,"v1.01p05",用例执行情况!AA:AA,"Blocked") -> 0 | L12: / | M12: =COUNTIFS(用例执行情况!C:C,"*AcuRev1320_001*",用例执行情况!Z:Z,"v1.01p05",用例执行情况!AA:AA,"<>")/COUNTIFS(用例执行情况!C:C,"*AcuRev1320_001*",用例执行情况!Z:Z,"v1.01p05") -> 1
A13: 2 | B13: 交流电压 | D13: 刘静茹&刘丛松&王丽红&王丽红 | E13: =COUNTIFS(用例执行情况!C:C,"*AcuRev1320_002*") -> 24 | F13: =COUNTIFS(用例执行情况!C:C,"*AcuRev1320_002*",用例执行情况!Z:Z,"v1.01p05") -> 11 | G13: =COUNTIFS(用例执行情况!C:C,"*AcuRev1320_002*",用例执行情况!Z:Z,"v1.01p05",用例执行情况!AA:AA,"<>") -> 11 | H13: =COUNTIFS(用例执行情况!C:C,"*AcuRev1320_002*",用例执行情况!Z:Z,"v1.01p05",用例执行情况!AA:AA,"Passed") -> 11 | I13: =COUNTIFS(用例执行情况!C:C,"*AcuRev1320_002*",用例执行情况!Z:Z,"v1.01p05",用例执行情况!AA:AA,"Failed") -> 0 | J13: =COUNTIFS(用例执行情况!C:C,"*AcuRev1320_002*",用例执行情况!Z:Z,"v1.01p05",用例执行情况!AA:AA,"Unavailable") -> 0 | K13: =COUNTIFS(用例执行情况!C:C,"*AcuRev1320_002*",用例执行情况!Z:Z,"v1.01p05",用例执行情况!AA:AA,"Blocked") -> 0 | L13: / | M13: =COUNTIFS(用例执行情况!C:C,"*AcuRev1320_002*",用例执行情况!Z:Z,"v1.01p05",用例执行情况!AA:AA,"<>")/COUNTIFS(用例执行情况!C:C,"*AcuRev1320_002*",用例执行情况!Z:Z,"v1.01p05") -> 1
A14: 3 | B14: 交流电流 | D14: 刘静茹&刘丛松&王丽红&王丽红 | E14: =COUNTIFS(用例执行情况!C:C,"*AcuRev1320_003*") -> 33 | F14: =COUNTIFS(用例执行情况!C:C,"*AcuRev1320_003*",用例执行情况!Z:Z,"v1.01p05") -> 16 | G14: =COUNTIFS(用例执行情况!C:C,"*AcuRev1320_003*",用例执行情况!Z:Z,"v1.01p05",用例执行情况!AA:AA,"<>") -> 16 | H14: =COUNTIFS(用例执行情况!C:C,"*AcuRev1320_003*",用例执行情况!Z:Z,"v1.01p05",用例执行情况!AA:AA,"Passed") -> 16 | I14: =COUNTIFS(用例执行情况!C:C,"*AcuRev1320_003*",用例执行情况!Z:Z,"v1.01p05",用例执行情况!AA:AA,"Failed") -> 0 | J14: =COUNTIFS(用例执行情况!C:C,"*AcuRev1320_003*",用例执行情况!Z:Z,"v1.01p05",用例执行情况!AA:AA,"Unavailable") -> 0 | K14: =COUNTIFS(用例执行情况!C:C,"*AcuRev1320_003*",用例执行情况!Z:Z,"v1.01p05",用例执行情况!AA:AA,"Blocked") -> 0 | L14: / | M14: =COUNTIFS(用例执行情况!C:C,"*AcuRev1320_003*",用例执行情况!Z:Z,"v1.01p05",用例执行情况!AA:AA,"<>")/COUNTIFS(用例执行情况!C:C,"*AcuRev1320_003*",用例执行情况!Z:Z,"v1.01p05") -> 1
A15: 4 | B15: 交流功率 | D15: 刘静茹&刘丛松&王丽红&王丽红 | E15: =COUNTIFS(用例执行情况!C:C,"*AcuRev1320_004*") -> 25 | F15: =COUNTIFS(用例执行情况!C:C,"*AcuRev1320_004*",用例执行情况!Z:Z,"v1.01p05") -> 12 | G15: =COUNTIFS(用例执行情况!C:C,"*AcuRev1320_004*",用例执行情况!Z:Z,"v1.01p05",用例执行情况!AA:AA,"<>") -> 12 | H15: =COUNTIFS(用例执行情况!C:C,"*AcuRev1320_004*",用例执行情况!Z:Z,"v1.01p05",用例执行情况!AA:AA,"Passed") -> 12 | I15: =COUNTIFS(用例执行情况!C:C,"*AcuRev1320_004*",用例执行情况!Z:Z,"v1.01p05",用例执行情况!AA:AA,"Failed") -> 0 | J15: =COUNTIFS(用例执行情况!C:C,"*AcuRev1320_004*",用例执行情况!Z:Z,"v1.01p05",用例执行情况!AA:AA,"Unavailable") -> 0 | K15: =COUNTIFS(用例执行情况!C:C,"*AcuRev1320_004*",用例执行情况!Z:Z,"v1.01p05",用例执行情况!AA:AA,"Blocked") -> 0 | L15: / | M15: =COUNTIFS(用例执行情况!C:C,"*AcuRev1320_004*",用例执行情况!Z:Z,"v1.01p05",用例执行情况!AA:AA,"<>")/COUNTIFS(用例执行情况!C:C,"*AcuRev1320_004*",用例执行情况!Z:Z,"v1.01p05") -> 1
A16: 5 | B16: 负载特性(RLC) | D16: 刘静茹&刘静茹&刘静茹&王丽红 | E16: =COUNTIFS(用例执行情况!C:C,"*AcuRev1320_005*") -> 21 | F16: =COUNTIFS(用例执行情况!C:C,"*AcuRev1320_005*",用例执行情况!Z:Z,"v1.01p05") -> 13 | G16: =COUNTIFS(用例执行情况!C:C,"*AcuRev1320_005*",用例执行情况!Z:Z,"v1.01p05",用例执行情况!AA:AA,"<>") -> 13 | H16: =COUNTIFS(用例执行情况!C:C,"*AcuRev1320_005*",用例执行情况!Z:Z,"v1.01p05",用例执行情况!AA:AA,"Passed") -> 13 | I16: =COUNTIFS(用例执行情况!C:C,"*AcuRev1320_005*",用例执行情况!Z:Z,"v1.01p05",用例执行情况!AA:AA,"Failed") -> 0 | J16: =COUNTIFS(用例执行情况!C:C,"*AcuRev1320_005*",用例执行情况!Z:Z,"v1.01p05",用例执行情况!AA:AA,"Unavailable") -> 0 | K16: =COUNTIFS(用例执行情况!C:C,"*AcuRev1320_005*",用例执行情况!Z:Z,"v1.01p05",用例执行情况!AA:AA,"Blocked") -> 0 | L16: / | M16: =COUNTIFS(用例执行情况!C:C,"*AcuRev1320_005*",用例执行情况!Z:Z,"v1.01p05",用例执行情况!AA:AA,"<>")/COUNTIFS(用例执行情况!C:C,"*AcuRev1320_005*",用例执行情况!Z:Z,"v1.01p05") -> 1
A17: 6 | B17: 相角(phase angle) | D17: 刘静茹&刘丛松&王丽红&王丽红 | E17: =COUNTIFS(用例执行情况!C:C,"*AcuRev1320_006*") -> 14 | F17: =COUNTIFS(用例执行情况!C:C,"*AcuRev1320_006*",用例执行情况!Z:Z,"v1.01p05") -> 7 | G17: =COUNTIFS(用例执行情况!C:C,"*AcuRev1320_006*",用例执行情况!Z:Z,"v1.01p05",用例执行情况!AA:AA,"<>") -> 7 | H17: =COUNTIFS(用例执行情况!C:C,"*AcuRev1320_006*",用例执行情况!Z:Z,"v1.01p05",用例执行情况!AA:AA,"Passed") -> 7 | I17: =COUNTIFS(用例执行情况!C:C,"*AcuRev1320_006*",用例执行情况!Z:Z,"v1.01p05",用例执行情况!AA:AA,"Failed") -> 0 | J17: =COUNTIFS(用例执行情况!C:C,"*AcuRev1320_006*",用例执行情况!Z:Z,"v1.01p05",用例执行情况!AA:AA,"Unavailable") -> 0 | K17: =COUNTIFS(用例执行情况!C:C,"*AcuRev1320_006*",用例执行情况!Z:Z,"v1.01p05",用例执行情况!AA:AA,"Blocked") -> 0 | L17: / | M17: =COUNTIFS(用例执行情况!C:C,"*AcuRev1320_006*",用例执行情况!Z:Z,"v1.01p05",用例执行情况!AA:AA,"<>")/COUNTIFS(用例执行情况!C:C,"*AcuRev1320_006*",用例执行情况!Z:Z,"v1.01p05") -> 1
A18: 7 | B18: 各次谐波 | D18: 刘丛松&刘静茹&刘静茹&刘静茹 | E18: =COUNTIFS(用例执行情况!C:C,"*AcuRev1320_007*") -> 34 | F18: =COUNTIFS(用例执行情况!C:C,"*AcuRev1320_007*",用例执行情况!Z:Z,"v1.01p05") -> 34 | G18: =COUNTIFS(用例执行情况!C:C,"*AcuRev1320_007*",用例执行情况!Z:Z,"v1.01p05",用例执行情况!AA:AA,"<>") -> 34 | H18: =COUNTIFS(用例执行情况!C:C,"*AcuRev1320_007*",用例执行情况!Z:Z,"v1.01p05",用例执行情况!AA:AA,"Passed") -> 34 | I18: =COUNTIFS(用例执行情况!C:C,"*AcuRev1320_007*",用例执行情况!Z:Z,"v1.01p05",用例执行情况!AA:AA,"Failed") -> 0 | J18: =COUNTIFS(用例执行情况!C:C,"*AcuRev1320_007*",用例执行情况!Z:Z,"v1.01p05",用例执行情况!AA:AA,"Unavailable") -> 0 | K18: =COUNTIFS(用例执行情况!C:C,"*AcuRev1320_007*",用例执行情况!Z:Z,"v1.01p05",用例执行情况!AA:AA,"Blocked") -> 0 | L18: / | M18: =COUNTIFS(用例执行情况!C:C,"*AcuRev1320_007*",用例执行情况!Z:Z,"v1.01p05",用例执行情况!AA:AA,"<>")/COUNTIFS(用例执行情况!C:C,"*AcuRev1320_007*",用例执行情况!Z:Z,"v1.01p05") -> 1
A19: 8 | B19: 谐波因数 | D19: 刘丛松&刘静茹&刘静茹&刘静茹 | E19: =COUNTIFS(用例执行情况!C:C,"*AcuRev1320_008*") -> 10 | F19: =COUNTIFS(用例执行情况!C:C,"*AcuRev1320_008*",用例执行情况!Z:Z,"v1.01p05") -> 10 | G19: =COUNTIFS(用例执行情况!C:C,"*AcuRev1320_008*",用例执行情况!Z:Z,"v1.01p05",用例执行情况!AA:AA,"<>") -> 10 | H19: =COUNTIFS(用例执行情况!C:C,"*AcuRev1320_008*",用例执行情况!Z:Z,"v1.01p05",用例执行情况!AA:AA,"Passed") -> 9 | I19: =COUNTIFS(用例执行情况!C:C,"*AcuRev1320_008*",用例执行情况!Z:Z,"v1.01p05",用例执行情况!AA:AA,"Failed") -> 1 | J19: =COUNTIFS(用例执行情况!C:C,"*AcuRev1320_008*",用例执行情况!Z:Z,"v1.01p05",用例执行情况!AA:AA,"Unavailable") -> 0 | K19: =COUNTIFS(用例执行情况!C:C,"*AcuRev1320_008*",用例执行情况!Z:Z,"v1.01p05",用例执行情况!AA:AA,"Blocked") -> 0 | L19: / | M19: =COUNTIFS(用例执行情况!C:C,"*AcuRev1320_008*",用例执行情况!Z:Z,"v1.01p05",用例执行情况!AA:AA,"<>")/COUNTIFS(用例执行情况!C:C,"*AcuRev1320_008*",用例执行情况!Z:Z,"v1.01p05") -> 1
A20: 9 | B20: 电能质量测量 | D20: 王洋&刘丛松&刘静茹 | E20: =COUNTIFS(用例执行情况!C:C,"*AcuRev1320_009*") -> 54 | F20: =COUNTIFS(用例执行情况!C:C,"*AcuRev1320_009*",用例执行情况!Z:Z,"v1.01p05") -> 27 | G20: =COUNTIFS(用例执行情况!C:C,"*AcuRev1320_009*",用例执行情况!Z:Z,"v1.01p05",用例执行情况!AA:AA,"<>") -> 27 | H20: =COUNTIFS(用例执行情况!C:C,"*AcuRev1320_009*",用例执行情况!Z:Z,"v1.01p05",用例执行情况!AA:AA,"Passed") -> 26 | I20: =COUNTIFS(用例执行情况!C:C,"*AcuRev1320_009*",用例执行情况!Z:Z,"v1.01p05",用例执行情况!AA:AA,"Failed") -> 1 | J20: =COUNTIFS(用例执行情况!C:C,"*AcuRev1320_009*",用例执行情况!Z:Z,"v1.01p05",用例执行情况!AA:AA,"Unavailable") -> 0 | K20: =COUNTIFS(用例执行情况!C:C,"*AcuRev1320_009*",用例执行情况!Z:Z,"v1.01p05",用例执行情况!AA:AA,"Blocked") -> 0 | L20: / | M20: =COUNTIFS(用例执行情况!C:C,"*AcuRev1320_009*",用例执行情况!Z:Z,"v1.01p05",用例执行情况!AA:AA,"<>")/COUNTIFS(用例执行情况!C:C,"*AcuRev1320_009*",用例执行情况!Z:Z,"v1.01p05") -> 1
A21: 10 | B21: 电能测量 | D21: 焦任捷&王洋&王丽红&王丽红&焦任捷 | E21: =COUNTIFS(用例执行情况!C:C,"*AcuRev1320_010*") -> 101 | F21: =COUNTIFS(用例执行情况!C:C,"*AcuRev1320_010*",用例执行情况!Z:Z,"v1.01p05") -> 13 | G21: =COUNTIFS(用例执行情况!C:C,"*AcuRev1320_010*",用例执行情况!Z:Z,"v1.01p05",用例执行情况!AA:AA,"<>") -> 13 | H21: =COUNTIFS(用例执行情况!C:C,"*AcuRev1320_010*",用例执行情况!Z:Z,"v1.01p05",用例执行情况!AA:AA,"Passed") -> 13 | I21: =COUNTIFS(用例执行情况!C:C,"*AcuRev1320_010*",用例执行情况!Z:Z,"v1.01p05",用例执行情况!AA:AA,"Failed") -> 0 | J21: =COUNTIFS(用例执行情况!C:C,"*AcuRev1320_010*",用例执行情况!Z:Z,"v1.01p05",用例执行情况!AA:AA,"Unavailable") -> 0 | K21: =COUNTIFS(用例执行情况!C:C,"*AcuRev1320_010*",用例执行情况!Z:Z,"v1.01p05",用例执行情况!AA:AA,"Blocked") -> 0 | L21: / | M21: =COUNTIFS(用例执行情况!C:C,"*AcuRev1320_010*",用例执行情况!Z:Z,"v1.01p05",用例执行情况!AA:AA,"<>")/COUNTIFS(用例执行情况!C:C,"*AcuRev1320_010*",用例执行情况!Z:Z,"v1.01p05") -> 1
A22: 11 | B22: 需量测量 | D22: 刘静茹&王洋&王洋&王洋&胡赞 | E22: =COUNTIFS(用例执行情况!C:C,"*AcuRev1320_011*") -> 29 | F22: =COUNTIFS(用例执行情况!C:C,"*AcuRev1320_011*",用例执行情况!Z:Z,"v1.01p05") -> 11 | G22: =COUNTIFS(用例执行情况!C:C,"*AcuRev1320_011*",用例执行情况!Z:Z,"v1.01p05",用例执行情况!AA:AA,"<>") -> 11 | H22: =COUNTIFS(用例执行情况!C:C,"*AcuRev1320_011*",用例执行情况!Z:Z,"v1.01p05",用例执行情况!AA:AA,"Passed") -> 10 | I22: =COUNTIFS(用例执行情况!C:C,"*AcuRev1320_011*",用例执行情况!Z:Z,"v1.01p05",用例执行情况!AA:AA,"Failed") -> 1 | J22: =COUNTIFS(用例执行情况!C:C,"*AcuRev1320_011*",用例执行情况!Z:Z,"v1.01p05",用例执行情况!AA:AA,"Unavailable") -> 0 | K22: =COUNTIFS(用例执行情况!C:C,"*AcuRev1320_011*",用例执行情况!Z:Z,"v1.01p05",用例执行情况!AA:AA,"Blocked") -> 0 | L22: / | M22: =COUNTIFS(用例执行情况!C:C,"*AcuRev1320_011*",用例执行情况!Z:Z,"v1.01p05",用例执行情况!AA:AA,"<>")/COUNTIFS(用例执行情况!C:C,"*AcuRev1320_011*",用例执行情况!Z:Z,"v1.01p05") -> 1
A23: 12 | B23: 接线配置 | D23: 刘丛松&刘静茹&刘静茹&刘静茹 | E23: =COUNTIFS(用例执行情况!C:C,"*AcuRev1320_012*") -> 46 | F23: =COUNTIFS(用例执行情况!C:C,"*AcuRev1320_012*",用例执行情况!Z:Z,"v1.01p05") -> 36 | G23: =COUNTIFS(用例执行情况!C:C,"*AcuRev1320_012*",用例执行情况!Z:Z,"v1.01p05",用例执行情况!AA:AA,"<>") -> 36 | H23: =COUNTIFS(用例执行情况!C:C,"*AcuRev1320_012*",用例执行情况!Z:Z,"v1.01p05",用例执行情况!AA:AA,"Passed") -> 29 | I23: =COUNTIFS(用例执行情况!C:C,"*AcuRev1320_012*",用例执行情况!Z:Z,"v1.01p05",用例执行情况!AA:AA,"Failed") -> 5 | J23: =COUNTIFS(用例执行情况!C:C,"*AcuRev1320_012*",用例执行情况!Z:Z,"v1.01p05",用例执行情况!AA:AA,"Unavailable") -> 2 | K23: =COUNTIFS(用例执行情况!C:C,"*AcuRev1320_012*",用例执行情况!Z:Z,"v1.01p05",用例执行情况!AA:AA,"Blocked") -> 0 | L23: / | M23: =COUNTIFS(用例执行情况!C:C,"*AcuRev1320_012*",用例执行情况!Z:Z,"v1.01p05",用例执行情况!AA:AA,"<>")/COUNTIFS(用例执行情况!C:C,"*AcuRev1320_012*",用例执行情况!Z:Z,"v1.01p05") -> 1
A24: 13 | B24: 时分用电 | D24: 焦任捷&刘静茹&刘静茹 | E24: =COUNTIFS(用例执行情况!C:C,"*AcuRev1320_013*") -> 91 | F24: =COUNTIFS(用例执行情况!C:C,"*AcuRev1320_013*",用例执行情况!Z:Z,"v1.01p05") -> 51 | G24: =COUNTIFS(用例执行情况!C:C,"*AcuRev1320_013*",用例执行情况!Z:Z,"v1.01p05",用例执行情况!AA:AA,"<>") -> 51 | H24: =COUNTIFS(用例执行情况!C:C,"*AcuRev1320_013*",用例执行情况!Z:Z,"v1.01p05",用例执行情况!AA:AA,"Passed") -> 48 | I24: =COUNTIFS(用例执行情况!C:C,"*AcuRev1320_013*",用例执行情况!Z:Z,"v1.01p05",用例执行情况!AA:AA,"Failed") -> 3 | J24: =COUNTIFS(用例执行情况!C:C,"*AcuRev1320_013*",用例执行情况!Z:Z,"v1.01p05",用例执行情况!AA:AA,"Unavailable") -> 0 | K24: =COUNTIFS(用例执行情况!C:C,"*AcuRev1320_013*",用例执行情况!Z:Z,"v1.01p05",用例执行情况!AA:AA,"Blocked") -> 0 | L24: / | M24: =COUNTIFS(用例执行情况!C:C,"*AcuRev1320_013*",用例执行情况!Z:Z,"v1.01p05",用例执行情况!AA:AA,"<>")/COUNTIFS(用例执行情况!C:C,"*AcuRev1320_013*",用例执行情况!Z:Z,"v1.01p05") -> 1
A25: 14 | B25: 电能质量事件 | D25: 刘静茹&王丽红/刘丛松&刘丛松&刘静茹 | E25: =COUNTIFS(用例执行情况!C:C,"*AcuRev1320_014*") -> 137 | F25: =COUNTIFS(用例执行情况!C:C,"*AcuRev1320_014*",用例执行情况!Z:Z,"v1.01p05") -> 74 | G25: =COUNTIFS(用例执行情况!C:C,"*AcuRev1320_014*",用例执行情况!Z:Z,"v1.01p05",用例执行情况!AA:AA,"<>") -> 74 | H25: =COUNTIFS(用例执行情况!C:C,"*AcuRev1320_014*",用例执行情况!Z:Z,"v1.01p05",用例执行情况!AA:AA,"Passed") -> 59 | I25: =COUNTIFS(用例执行情况!C:C,"*AcuRev1320_014*",用例执行情况!Z:Z,"v1.01p05",用例执行情况!AA:AA,"Failed") -> 14 | J25: =COUNTIFS(用例执行情况!C:C,"*AcuRev1320_014*",用例执行情况!Z:Z,"v1.01p05",用例执行情况!AA:AA,"Unavailable") -> 1 | K25: =COUNTIFS(用例执行情况!C:C,"*AcuRev1320_014*",用例执行情况!Z:Z,"v1.01p05",用例执行情况!AA:AA,"Blocked") -> 0 | L25: / | M25: =COUNTIFS(用例执行情况!C:C,"*AcuRev1320_014*",用例执行情况!Z:Z,"v1.01p05",用例执行情况!AA:AA,"<>")/COUNTIFS(用例执行情况!C:C,"*AcuRev1320_014*",用例执行情况!Z:Z,"v1.01p05") -> 1
A26: 15 | B26: 告警功能 | D26: 刘静茹&王洋&焦任捷 | E26: =COUNTIFS(用例执行情况!C:C,"*AcuRev1320_015*") -> 92 | F26: =COUNTIFS(用例执行情况!C:C,"*AcuRev1320_015*",用例执行情况!Z:Z,"v1.01p05") -> 19 | G26: =COUNTIFS(用例执行情况!C:C,"*AcuRev1320_015*",用例执行情况!Z:Z,"v1.01p05",用例执行情况!AA:AA,"<>") -> 19 | H26: =COUNTIFS(用例执行情况!C:C,"*AcuRev1320_015*",用例执行情况!Z:Z,"v1.01p05",用例执行情况!AA:AA,"Passed") -> 17 | I26: =COUNTIFS(用例执行情况!C:C,"*AcuRev1320_015*",用例执行情况!Z:Z,"v1.01p05",用例执行情况!AA:AA,"Failed") -> 2 | J26: =COUNTIFS(用例执行情况!C:C,"*AcuRev1320_015*",用例执行情况!Z:Z,"v1.01p05",用例执行情况!AA:AA,"Unavailable") -> 0 | K26: =COUNTIFS(用例执行情况!C:C,"*AcuRev1320_015*",用例执行情况!Z:Z,"v1.01p05",用例执行情况!AA:AA,"Blocked") -> 0 | L26: / | M26: =COUNTIFS(用例执行情况!C:C,"*AcuRev1320_015*",用例执行情况!Z:Z,"v1.01p05",用例执行情况!AA:AA,"<>")/COUNTIFS(用例执行情况!C:C,"*AcuRev1320_015*",用例执行情况!Z:Z,"v1.01p05") -> 1
A27: 16 | B27: 记录与统计 | D27: 王丽红&焦任捷&王丽红&刘丛松&王洋 | E27: =COUNTIFS(用例执行情况!C:C,"*AcuRev1320_016*") -> 47 | F27: =COUNTIFS(用例执行情况!C:C,"*AcuRev1320_016*",用例执行情况!Z:Z,"v1.01p05") -> 28 | G27: =COUNTIFS(用例执行情况!C:C,"*AcuRev1320_016*",用例执行情况!Z:Z,"v1.01p05",用例执行情况!AA:AA,"<>") -> 28 | H27: =COUNTIFS(用例执行情况!C:C,"*AcuRev1320_016*",用例执行情况!Z:Z,"v1.01p05",用例执行情况!AA:AA,"Passed") -> 25 | I27: =COUNTIFS(用例执行情况!C:C,"*AcuRev1320_016*",用例执行情况!Z:Z,"v1.01p05",用例执行情况!AA:AA,"Failed") -> 3 | J27: =COUNTIFS(用例执行情况!C:C,"*AcuRev1320_016*",用例执行情况!Z:Z,"v1.01p05",用例执行情况!AA:AA,"Unavailable") -> 0 | K27: =COUNTIFS(用例执行情况!C:C,"*AcuRev1320_016*",用例执行情况!Z:Z,"v1.01p05",用例执行情况!AA:AA,"Blocked") -> 0 | L27: / | M27: =COUNTIFS(用例执行情况!C:C,"*AcuRev1320_016*",用例执行情况!Z:Z,"v1.01p05",用例执行情况!AA:AA,"<>")/COUNTIFS(用例执行情况!C:C,"*AcuRev1320_016*",用例执行情况!Z:Z,"v1.01p05") -> 1
A28: 17 | B28: DATA Log | D28: 刘丛松&王丽红&王丽红 | E28: =COUNTIFS(用例执行情况!C:C,"*AcuRev1320_017*") -> 76 | F28: =COUNTIFS(用例执行情况!C:C,"*AcuRev1320_017*",用例执行情况!Z:Z,"v1.01p05") -> 64 | G28: =COUNTIFS(用例执行情况!C:C,"*AcuRev1320_017*",用例执行情况!Z:Z,"v1.01p05",用例执行情况!AA:AA,"<>") -> 64 | H28: =COUNTIFS(用例执行情况!C:C,"*AcuRev1320_017*",用例执行情况!Z:Z,"v1.01p05",用例执行情况!AA:AA,"Passed") -> 42 | I28: =COUNTIFS(用例执行情况!C:C,"*AcuRev1320_017*",用例执行情况!Z:Z,"v1.01p05",用例执行情况!AA:AA,"Failed") -> 22 | J28: =COUNTIFS(用例执行情况!C:C,"*AcuRev1320_017*",用例执行情况!Z:Z,"v1.01p05",用例执行情况!AA:AA,"Unavailable") -> 0 | K28: =COUNTIFS(用例执行情况!C:C,"*AcuRev1320_017*",用例执行情况!Z:Z,"v1.01p05",用例执行情况!AA:AA,"Blocked") -> 0 | L28: / | M28: =COUNTIFS(用例执行情况!C:C,"*AcuRev1320_017*",用例执行情况!Z:Z,"v1.01p05",用例执行情况!AA:AA,"<>")/COUNTIFS(用例执行情况!C:C,"*AcuRev1320_017*",用例执行情况!Z:Z,"v1.01p05") -> 1
A29: 18 | B29: Input&Output | D29: 焦任捷&王洋&王丽红&刘静茹 | E29: =COUNTIFS(用例执行情况!C:C,"*AcuRev1320_018*") -> 58 | F29: =COUNTIFS(用例执行情况!C:C,"*AcuRev1320_018*",用例执行情况!Z:Z,"v1.01p05") -> 12 | G29: =COUNTIFS(用例执行情况!C:C,"*AcuRev1320_018*",用例执行情况!Z:Z,"v1.01p05",用例执行情况!AA:AA,"<>") -> 12 | H29: =COUNTIFS(用例执行情况!C:C,"*AcuRev1320_018*",用例执行情况!Z:Z,"v1.01p05",用例执行情况!AA:AA,"Passed") -> 10 | I29: =COUNTIFS(用例执行情况!C:C,"*AcuRev1320_018*",用例执行情况!Z:Z,"v1.01p05",用例执行情况!AA:AA,"Failed") -> 0 | J29: =COUNTIFS(用例执行情况!C:C,"*AcuRev1320_018*",用例执行情况!Z:Z,"v1.01p05",用例执行情况!AA:AA,"Unavailable") -> 1 | K29: =COUNTIFS(用例执行情况!C:C,"*AcuRev1320_018*",用例执行情况!Z:Z,"v1.01p05",用例执行情况!AA:AA,"Blocked") -> 1 | L29: / | M29: =COUNTIFS(用例执行情况!C:C,"*AcuRev1320_018*",用例执行情况!Z:Z,"v1.01p05",用例执行情况!AA:AA,"<>")/COUNTIFS(用例执行情况!C:C,"*AcuRev1320_018*",用例执行情况!Z:Z,"v1.01p05") -> 1
A30: 19 | B30: 计时功能 | D30: 王丽红&刘静茹&刘静茹 | E30: =COUNTIFS(用例执行情况!C:C,"*AcuRev1320_019*") -> 28 | F30: =COUNTIFS(用例执行情况!C:C,"*AcuRev1320_019*",用例执行情况!Z:Z,"v1.01p05") -> 11 | G30: =COUNTIFS(用例执行情况!C:C,"*AcuRev1320_019*",用例执行情况!Z:Z,"v1.01p05",用例执行情况!AA:AA,"<>") -> 11 | H30: =COUNTIFS(用例执行情况!C:C,"*AcuRev1320_019*",用例执行情况!Z:Z,"v1.01p05",用例执行情况!AA:AA,"Passed") -> 11 | I30: =COUNTIFS(用例执行情况!C:C,"*AcuRev1320_019*",用例执行情况!Z:Z,"v1.01p05",用例执行情况!AA:AA,"Failed") -> 0 | J30: =COUNTIFS(用例执行情况!C:C,"*AcuRev1320_019*",用例执行情况!Z:Z,"v1.01p05",用例执行情况!AA:AA,"Unavailable") -> 0 | K30: =COUNTIFS(用例执行情况!C:C,"*AcuRev1320_019*",用例执行情况!Z:Z,"v1.01p05",用例执行情况!AA:AA,"Blocked") -> 0 | L30: / | M30: =COUNTIFS(用例执行情况!C:C,"*AcuRev1320_019*",用例执行情况!Z:Z,"v1.01p05",用例执行情况!AA:AA,"<>")/COUNTIFS(用例执行情况!C:C,"*AcuRev1320_019*",用例执行情况!Z:Z,"v1.01p05") -> 1
A31: 20 | B31: 数据重置及恢复出厂设置 | D31: 刘静茹 | E31: =COUNTIFS(用例执行情况!C:C,"*AcuRev1320_020*") -> 32 | F31: =COUNTIFS(用例执行情况!C:C,"*AcuRev1320_020*",用例执行情况!Z:Z,"v1.01p05") -> 17 | G31: =COUNTIFS(用例执行情况!C:C,"*AcuRev1320_020*",用例执行情况!Z:Z,"v1.01p05",用例执行情况!AA:AA,"<>") -> 17 | H31: =COUNTIFS(用例执行情况!C:C,"*AcuRev1320_020*",用例执行情况!Z:Z,"v1.01p05",用例执行情况!AA:AA,"Passed") -> 14 | I31: =COUNTIFS(用例执行情况!C:C,"*AcuRev1320_020*",用例执行情况!Z:Z,"v1.01p05",用例执行情况!AA:AA,"Failed") -> 2 | J31: =COUNTIFS(用例执行情况!C:C,"*AcuRev1320_020*",用例执行情况!Z:Z,"v1.01p05",用例执行情况!AA:AA,"Unavailable") -> 1 | K31: =COUNTIFS(用例执行情况!C:C,"*AcuRev1320_020*",用例执行情况!Z:Z,"v1.01p05",用例执行情况!AA:AA,"Blocked") -> 0 | L31: / | M31: =COUNTIFS(用例执行情况!C:C,"*AcuRev1320_020*",用例执行情况!Z:Z,"v1.01p05",用例执行情况!AA:AA,"<>")/COUNTIFS(用例执行情况!C:C,"*AcuRev1320_020*",用例执行情况!Z:Z,"v1.01p05") -> 1
A32: 21 | B32: 网络模块 | D32: 刘静茹&王洋&焦任捷 | E32: =COUNTIFS(用例执行情况!C:C,"*AcuRev1320_021*") -> 86 | F32: =COUNTIFS(用例执行情况!C:C,"*AcuRev1320_021*",用例执行情况!Z:Z,"v1.01p05") -> 18 | G32: =COUNTIFS(用例执行情况!C:C,"*AcuRev1320_021*",用例执行情况!Z:Z,"v1.01p05",用例执行情况!AA:AA,"<>") -> 18 | H32: =COUNTIFS(用例执行情况!C:C,"*AcuRev1320_021*",用例执行情况!Z:Z,"v1.01p05",用例执行情况!AA:AA,"Passed") -> 15 | I32: =COUNTIFS(用例执行情况!C:C,"*AcuRev1320_021*",用例执行情况!Z:Z,"v1.01p05",用例执行情况!AA:AA,"Failed") -> 3 | J32: =COUNTIFS(用例执行情况!C:C,"*AcuRev1320_021*",用例执行情况!Z:Z,"v1.01p05",用例执行情况!AA:AA,"Unavailable") -> 0 | K32: =COUNTIFS(用例执行情况!C:C,"*AcuRev1320_021*",用例执行情况!Z:Z,"v1.01p05",用例执行情况!AA:AA,"Blocked") -> 0 | L32: / | M32: =COUNTIFS(用例执行情况!C:C,"*AcuRev1320_021*",用例执行情况!Z:Z,"v1.01p05",用例执行情况!AA:AA,"<>")/COUNTIFS(用例执行情况!C:C,"*AcuRev1320_021*",用例执行情况!Z:Z,"v1.01p05") -> 1
A33: 22 | B33: BACnet通信协议 | D33: 刘丛松&王丽红&王丽红 | E33: =COUNTIFS(用例执行情况!C:C,"*AcuRev1320_022*") -> 23 | F33: =COUNTIFS(用例执行情况!C:C,"*AcuRev1320_022*",用例执行情况!Z:Z,"v1.01p05") -> 20 | G33: =COUNTIFS(用例执行情况!C:C,"*AcuRev1320_022*",用例执行情况!Z:Z,"v1.01p05",用例执行情况!AA:AA,"<>") -> 20 | H33: =COUNTIFS(用例执行情况!C:C,"*AcuRev1320_022*",用例执行情况!Z:Z,"v1.01p05",用例执行情况!AA:AA,"Passed") -> 17 | I33: =COUNTIFS(用例执行情况!C:C,"*AcuRev1320_022*",用例执行情况!Z:Z,"v1.01p05",用例执行情况!AA:AA,"Failed") -> 1 | J33: =COUNTIFS(用例执行情况!C:C,"*AcuRev1320_022*",用例执行情况!Z:Z,"v1.01p05",用例执行情况!AA:AA,"Unavailable") -> 2 | K33: =COUNTIFS(用例执行情况!C:C,"*AcuRev1320_022*",用例执行情况!Z:Z,"v1.01p05",用例执行情况!AA:AA,"Blocked") -> 0 | L33: / | M33: =COUNTIFS(用例执行情况!C:C,"*AcuRev1320_022*",用例执行情况!Z:Z,"v1.01p05",用例执行情况!AA:AA,"<>")/COUNTIFS(用例执行情况!C:C,"*AcuRev1320_022*",用例执行情况!Z:Z,"v1.01p05") -> 1
A34: 23 | B34: Firmware升级 | D34: 刘静茹&王洋&刘静茹&胡赞 | E34: =COUNTIFS(用例执行情况!C:C,"*AcuRev1320_023*") -> 40 | F34: =COUNTIFS(用例执行情况!C:C,"*AcuRev1320_023*",用例执行情况!Z:Z,"v1.01p05") -> 14 | G34: =COUNTIFS(用例执行情况!C:C,"*AcuRev1320_023*",用例执行情况!Z:Z,"v1.01p05",用例执行情况!AA:AA,"<>") -> 14 | H34: =COUNTIFS(用例执行情况!C:C,"*AcuRev1320_023*",用例执行情况!Z:Z,"v1.01p05",用例执行情况!AA:AA,"Passed") -> 14 | I34: =COUNTIFS(用例执行情况!C:C,"*AcuRev1320_023*",用例执行情况!Z:Z,"v1.01p05",用例执行情况!AA:AA,"Failed") -> 0 | J34: =COUNTIFS(用例执行情况!C:C,"*AcuRev1320_023*",用例执行情况!Z:Z,"v1.01p05",用例执行情况!AA:AA,"Unavailable") -> 0 | K34: =COUNTIFS(用例执行情况!C:C,"*AcuRev1320_023*",用例执行情况!Z:Z,"v1.01p05",用例执行情况!AA:AA,"Blocked") -> 0 | L34: / | M34: =COUNTIFS(用例执行情况!C:C,"*AcuRev1320_023*",用例执行情况!Z:Z,"v1.01p05",用例执行情况!AA:AA,"<>")/COUNTIFS(用例执行情况!C:C,"*AcuRev1320_023*",用例执行情况!Z:Z,"v1.01p05") -> 1
A35: 24 | B35: 铅封功能 | D35: 焦任捷&刘丛松&刘丛松 | E35: =COUNTIFS(用例执行情况!C:C,"*AcuRev1320_024*") -> 60 | F35: =COUNTIFS(用例执行情况!C:C,"*AcuRev1320_024*",用例执行情况!Z:Z,"v1.01p05") -> 23 | G35: =COUNTIFS(用例执行情况!C:C,"*AcuRev1320_024*",用例执行情况!Z:Z,"v1.01p05",用例执行情况!AA:AA,"<>") -> 23 | H35: =COUNTIFS(用例执行情况!C:C,"*AcuRev1320_024*",用例执行情况!Z:Z,"v1.01p05",用例执行情况!AA:AA,"Passed") -> 23 | I35: =COUNTIFS(用例执行情况!C:C,"*AcuRev1320_024*",用例执行情况!Z:Z,"v1.01p05",用例执行情况!AA:AA,"Failed") -> 0 | J35: =COUNTIFS(用例执行情况!C:C,"*AcuRev1320_024*",用例执行情况!Z:Z,"v1.01p05",用例执行情况!AA:AA,"Unavailable") -> 0 | K35: =COUNTIFS(用例执行情况!C:C,"*AcuRev1320_024*",用例执行情况!Z:Z,"v1.01p05",用例执行情况!AA:AA,"Blocked") -> 0 | L35: / | M35: =COUNTIFS(用例执行情况!C:C,"*AcuRev1320_024*",用例执行情况!Z:Z,"v1.01p05",用例执行情况!AA:AA,"<>")/COUNTIFS(用例执行情况!C:C,"*AcuRev1320_024*",用例执行情况!Z:Z,"v1.01p05") -> 1
A36: 25 | B36: 校准功能 | D36: 焦任捷&刘丛松&王丽红&王丽红 | E36: =COUNTIFS(用例执行情况!C:C,"*AcuRev1320_025*") -> 6 | F36: =COUNTIFS(用例执行情况!C:C,"*AcuRev1320_025*",用例执行情况!Z:Z,"v1.01p05") -> 3 | G36: =COUNTIFS(用例执行情况!C:C,"*AcuRev1320_025*",用例执行情况!Z:Z,"v1.01p05",用例执行情况!AA:AA,"<>") -> 3 | H36: =COUNTIFS(用例执行情况!C:C,"*AcuRev1320_025*",用例执行情况!Z:Z,"v1.01p05",用例执行情况!AA:AA,"Passed") -> 3 | I36: =COUNTIFS(用例执行情况!C:C,"*AcuRev1320_025*",用例执行情况!Z:Z,"v1.01p05",用例执行情况!AA:AA,"Failed") -> 0 | J36: =COUNTIFS(用例执行情况!C:C,"*AcuRev1320_025*",用例执行情况!Z:Z,"v1.01p05",用例执行情况!AA:AA,"Unavailable") -> 0 | K36: =COUNTIFS(用例执行情况!C:C,"*AcuRev1320_025*",用例执行情况!Z:Z,"v1.01p05",用例执行情况!AA:AA,"Blocked") -> 0 | L36: / | M36: =COUNTIFS(用例执行情况!C:C,"*AcuRev1320_025*",用例执行情况!Z:Z,"v1.01p05",用例执行情况!AA:AA,"<>")/COUNTIFS(用例执行情况!C:C,"*AcuRev1320_025*",用例执行情况!Z:Z,"v1.01p05") -> 1
A37: 26 | B37: HMI测量设置及出厂信息 | D37: 刘丛松&王丽红&王洋(张招标、李旭)&焦任捷 | E37: =COUNTIFS(用例执行情况!C:C,"*AcuRev1320_026*") -> 89 | F37: =COUNTIFS(用例执行情况!C:C,"*AcuRev1320_026*",用例执行情况!Z:Z,"v1.01p05") -> 39 | G37: =COUNTIFS(用例执行情况!C:C,"*AcuRev1320_026*",用例执行情况!Z:Z,"v1.01p05",用例执行情况!AA:AA,"<>") -> 39 | H37: =COUNTIFS(用例执行情况!C:C,"*AcuRev1320_026*",用例执行情况!Z:Z,"v1.01p05",用例执行情况!AA:AA,"Passed") -> 35 | I37: =COUNTIFS(用例执行情况!C:C,"*AcuRev1320_026*",用例执行情况!Z:Z,"v1.01p05",用例执行情况!AA:AA,"Failed") -> 2 | J37: =COUNTIFS(用例执行情况!C:C,"*AcuRev1320_026*",用例执行情况!Z:Z,"v1.01p05",用例执行情况!AA:AA,"Unavailable") -> 2 | K37: =COUNTIFS(用例执行情况!C:C,"*AcuRev1320_026*",用例执行情况!Z:Z,"v1.01p05",用例执行情况!AA:AA,"Blocked") -> 0 | L37: / | M37: =COUNTIFS(用例执行情况!C:C,"*AcuRev1320_026*",用例执行情况!Z:Z,"v1.01p05",用例执行情况!AA:AA,"<>")/COUNTIFS(用例执行情况!C:C,"*AcuRev1320_026*",用例执行情况!Z:Z,"v1.01p05") -> 1
A38: 27 | B38: 密码及背光设置 | D38: 焦任捷&王洋&刘丛松 | E38: =COUNTIFS(用例执行情况!C:C,"*AcuRev1320_027*") -> 33 | F38: =COUNTIFS(用例执行情况!C:C,"*AcuRev1320_027*",用例执行情况!Z:Z,"v1.01p05") -> 27 | G38: =COUNTIFS(用例执行情况!C:C,"*AcuRev1320_027*",用例执行情况!Z:Z,"v1.01p05",用例执行情况!AA:AA,"<>") -> 27 | H38: =COUNTIFS(用例执行情况!C:C,"*AcuRev1320_027*",用例执行情况!Z:Z,"v1.01p05",用例执行情况!AA:AA,"Passed") -> 27 | I38: =COUNTIFS(用例执行情况!C:C,"*AcuRev1320_027*",用例执行情况!Z:Z,"v1.01p05",用例执行情况!AA:AA,"Failed") -> 0 | J38: =COUNTIFS(用例执行情况!C:C,"*AcuRev1320_027*",用例执行情况!Z:Z,"v1.01p05",用例执行情况!AA:AA,"Unavailable") -> 0 | K38: =COUNTIFS(用例执行情况!C:C,"*AcuRev1320_027*",用例执行情况!Z:Z,"v1.01p05",用例执行情况!AA:AA,"Blocked") -> 0 | L38: / | M38: =COUNTIFS(用例执行情况!C:C,"*AcuRev1320_027*",用例执行情况!Z:Z,"v1.01p05",用例执行情况!AA:AA,"<>")/COUNTIFS(用例执行情况!C:C,"*AcuRev1320_027*",用例执行情况!Z:Z,"v1.01p05") -> 1
A39: 28 | B39: 电源要求 | D39: 焦任捷&刘静茹 | E39: =COUNTIFS(用例执行情况!C:C,"*AcuRev1320_028*") -> 2 | F39: =COUNTIFS(用例执行情况!C:C,"*AcuRev1320_028*",用例执行情况!Z:Z,"v1.01p05") -> 2 | G39: =COUNTIFS(用例执行情况!C:C,"*AcuRev1320_028*",用例执行情况!Z:Z,"v1.01p05",用例执行情况!AA:AA,"<>") -> 2 | H39: =COUNTIFS(用例执行情况!C:C,"*AcuRev1320_028*",用例执行情况!Z:Z,"v1.01p05",用例执行情况!AA:AA,"Passed") -> 2 | I39: =COUNTIFS(用例执行情况!C:C,"*AcuRev1320_028*",用例执行情况!Z:Z,"v1.01p05",用例执行情况!AA:AA,"Failed") -> 0 | J39: =COUNTIFS(用例执行情况!C:C,"*AcuRev1320_028*",用例执行情况!Z:Z,"v1.01p05",用例执行情况!AA:AA,"Unavailable") -> 0 | K39: =COUNTIFS(用例执行情况!C:C,"*AcuRev1320_028*",用例执行情况!Z:Z,"v1.01p05",用例执行情况!AA:AA,"Blocked") -> 0 | L39: / | M39: =COUNTIFS(用例执行情况!C:C,"*AcuRev1320_028*",用例执行情况!Z:Z,"v1.01p05",用例执行情况!AA:AA,"<>")/COUNTIFS(用例执行情况!C:C,"*AcuRev1320_028*",用例执行情况!Z:Z,"v1.01p05") -> 1
A40: 29 | B40: 性能验证 | D40: 刘静茹&焦任捷&刘静茹 | E40: =COUNTIFS(用例执行情况!C:C,"*AcuRev1320_029*") -> 3 | F40: =COUNTIFS(用例执行情况!C:C,"*AcuRev1320_029*",用例执行情况!Z:Z,"v1.01p05") -> 3 | G40: =COUNTIFS(用例执行情况!C:C,"*AcuRev1320_029*",用例执行情况!Z:Z,"v1.01p05",用例执行情况!AA:AA,"<>") -> 3 | H40: =COUNTIFS(用例执行情况!C:C,"*AcuRev1320_029*",用例执行情况!Z:Z,"v1.01p05",用例执行情况!AA:AA,"Passed") -> 3 | I40: =COUNTIFS(用例执行情况!C:C,"*AcuRev1320_029*",用例执行情况!Z:Z,"v1.01p05",用例执行情况!AA:AA,"Failed") -> 0 | J40: =COUNTIFS(用例执行情况!C:C,"*AcuRev1320_029*",用例执行情况!Z:Z,"v1.01p05",用例执行情况!AA:AA,"Unavailable") -> 0 | K40: =COUNTIFS(用例执行情况!C:C,"*AcuRev1320_029*",用例执行情况!Z:Z,"v1.01p05",用例执行情况!AA:AA,"Blocked") -> 0 | L40: / | M40: =COUNTIFS(用例执行情况!C:C,"*AcuRev1320_029*",用例执行情况!Z:Z,"v1.01p05",用例执行情况!AA:AA,"<>")/COUNTIFS(用例执行情况!C:C,"*AcuRev1320_029*",用例执行情况!Z:Z,"v1.01p05") -> 1
A41: 30 | B41: 电气参数稳定性&压力验证 | D41: 刘丛松&刘静茹 | E41: =COUNTIFS(用例执行情况!C:C,"*AcuRev1320_030*") -> 14 | F41: =COUNTIFS(用例执行情况!C:C,"*AcuRev1320_030*",用例执行情况!Z:Z,"v1.01p05") -> 14 | G41: =COUNTIFS(用例执行情况!C:C,"*AcuRev1320_030*",用例执行情况!Z:Z,"v1.01p05",用例执行情况!AA:AA,"<>") -> 14 | H41: =COUNTIFS(用例执行情况!C:C,"*AcuRev1320_030*",用例执行情况!Z:Z,"v1.01p05",用例执行情况!AA:AA,"Passed") -> 1 | I41: =COUNTIFS(用例执行情况!C:C,"*AcuRev1320_030*",用例执行情况!Z:Z,"v1.01p05",用例执行情况!AA:AA,"Failed") -> 0 | J41: =COUNTIFS(用例执行情况!C:C,"*AcuRev1320_030*",用例执行情况!Z:Z,"v1.01p05",用例执行情况!AA:AA,"Unavailable") -> 13 | K41: =COUNTIFS(用例执行情况!C:C,"*AcuRev1320_030*",用例执行情况!Z:Z,"v1.01p05",用例执行情况!AA:AA,"Blocked") -> 0 | L41: / | M41: =COUNTIFS(用例执行情况!C:C,"*AcuRev1320_030*",用例执行情况!Z:Z,"v1.01p05",用例执行情况!AA:AA,"<>")/COUNTIFS(用例执行情况!C:C,"*AcuRev1320_030*",用例执行情况!Z:Z,"v1.01p05") -> 1
A42: 31 | B42: 挂机专项验证(可通过日志信息观察) | D42: 刘静茹&王丽红&王丽红&王丽红 | E42: =COUNTIFS(用例执行情况!C:C,"*AcuRev1320_031*") -> 8 | F42: =COUNTIFS(用例执行情况!C:C,"*AcuRev1320_031*",用例执行情况!Z:Z,"v1.01p05") -> 8 | G42: =COUNTIFS(用例执行情况!C:C,"*AcuRev1320_031*",用例执行情况!Z:Z,"v1.01p05",用例执行情况!AA:AA,"<>") -> 8 | H42: =COUNTIFS(用例执行情况!C:C,"*AcuRev1320_031*",用例执行情况!Z:Z,"v1.01p05",用例执行情况!AA:AA,"Passed") -> 0 | I42: =COUNTIFS(用例执行情况!C:C,"*AcuRev1320_031*",用例执行情况!Z:Z,"v1.01p05",用例执行情况!AA:AA,"Failed") -> 0 | J42: =COUNTIFS(用例执行情况!C:C,"*AcuRev1320_031*",用例执行情况!Z:Z,"v1.01p05",用例执行情况!AA:AA,"Unavailable") -> 0 | K42: =COUNTIFS(用例执行情况!C:C,"*AcuRev1320_031*",用例执行情况!Z:Z,"v1.01p05",用例执行情况!AA:AA,"Blocked") -> 8 | M42: =COUNTIFS(用例执行情况!C:C,"*AcuRev1320_031*",用例执行情况!Z:Z,"v1.01p05",用例执行情况!AA:AA,"<>")/COUNTIFS(用例执行情况!C:C,"*AcuRev1320_031*",用例执行情况!Z:Z,"v1.01p05") -> 1
A43: 32 | B43: 上位机DataLogSetting | D43: 暂未转测此模块 | E43: =COUNTIFS(用例执行情况!C:C,"*AcuRev1320_032*") -> 30 | F43: =COUNTIFS(用例执行情况!C:C,"*AcuRev1320_032*",用例执行情况!Z:Z,"v1.01p05") -> 30 | G43: =COUNTIFS(用例执行情况!C:C,"*AcuRev1320_032*",用例执行情况!Z:Z,"v1.01p05",用例执行情况!AA:AA,"<>") -> 0 | H43: =COUNTIFS(用例执行情况!C:C,"*AcuRev1320_032*",用例执行情况!Z:Z,"v1.01p05",用例执行情况!AA:AA,"Passed") -> 0 | I43: =COUNTIFS(用例执行情况!C:C,"*AcuRev1320_032*",用例执行情况!Z:Z,"v1.01p05",用例执行情况!AA:AA,"Failed") -> 0 | J43: =COUNTIFS(用例执行情况!C:C,"*AcuRev1320_032*",用例执行情况!Z:Z,"v1.01p05",用例执行情况!AA:AA,"Unavailable") -> 0 | K43: =COUNTIFS(用例执行情况!C:C,"*AcuRev1320_032*",用例执行情况!Z:Z,"v1.01p05",用例执行情况!AA:AA,"Blocked") -> 0 | M43: NA
A44: 33 | B44: 脉冲计算器 | D44: 暂未转测此模块 | E44: =COUNTIFS(用例执行情况!C:C,"*AcuRev1320_033*") -> 7 | F44: =COUNTIFS(用例执行情况!C:C,"*AcuRev1320_033*",用例执行情况!Z:Z,"v1.01p05") -> 7 | G44: =COUNTIFS(用例执行情况!C:C,"*AcuRev1320_033*",用例执行情况!Z:Z,"v1.01p05",用例执行情况!AA:AA,"<>") -> 0 | H44: =COUNTIFS(用例执行情况!C:C,"*AcuRev1320_033*",用例执行情况!Z:Z,"v1.01p05",用例执行情况!AA:AA,"Passed") -> 0 | I44: =COUNTIFS(用例执行情况!C:C,"*AcuRev1320_033*",用例执行情况!Z:Z,"v1.01p05",用例执行情况!AA:AA,"Failed") -> 0 | J44: =COUNTIFS(用例执行情况!C:C,"*AcuRev1320_033*",用例执行情况!Z:Z,"v1.01p05",用例执行情况!AA:AA,"Unavailable") -> 0 | K44: =COUNTIFS(用例执行情况!C:C,"*AcuRev1320_033*",用例执行情况!Z:Z,"v1.01p05",用例执行情况!AA:AA,"Blocked") -> 0 | M44: NA
A45: 34 | B45: 数据导出导入 | D45: 王丽红 | E45: =COUNTIFS(用例执行情况!C:C,"*AcuRev1320_034*") -> 10 | F45: =COUNTIFS(用例执行情况!C:C,"*AcuRev1320_034*",用例执行情况!Z:Z,"v1.01p05") -> 10 | G45: =COUNTIFS(用例执行情况!C:C,"*AcuRev1320_034*",用例执行情况!Z:Z,"v1.01p05",用例执行情况!AA:AA,"<>") -> 10 | H45: =COUNTIFS(用例执行情况!C:C,"*AcuRev1320_034*",用例执行情况!Z:Z,"v1.01p05",用例执行情况!AA:AA,"Passed") -> 6 | I45: =COUNTIFS(用例执行情况!C:C,"*AcuRev1320_034*",用例执行情况!Z:Z,"v1.01p05",用例执行情况!AA:AA,"Failed") -> 4 | J45: =COUNTIFS(用例执行情况!C:C,"*AcuRev1320_034*",用例执行情况!Z:Z,"v1.01p05",用例执行情况!AA:AA,"Unavailable") -> 0 | K45: =COUNTIFS(用例执行情况!C:C,"*AcuRev1320_034*",用例执行情况!Z:Z,"v1.01p05",用例执行情况!AA:AA,"Blocked") -> 0 | M45: =COUNTIFS(用例执行情况!C:C,"*AcuRev1320_034*",用例执行情况!Z:Z,"v1.01p05",用例执行情况!AA:AA,"<>")/COUNTIFS(用例执行情况!C:C,"*AcuRev1320_034*",用例执行情况!Z:Z,"v1.01p05") -> 1
A46: 35 | B46: rstp功能验证 | D46: 焦任捷&刘静茹&焦任捷 | E46: =COUNTIFS(用例执行情况!C:C,"*AcuRev1320_035*") -> 15 | F46: =COUNTIFS(用例执行情况!C:C,"*AcuRev1320_035*",用例执行情况!Z:Z,"v1.01p05") -> 11 | G46: =COUNTIFS(用例执行情况!C:C,"*AcuRev1320_035*",用例执行情况!Z:Z,"v1.01p05",用例执行情况!AA:AA,"<>") -> 11 | H46: =COUNTIFS(用例执行情况!C:C,"*AcuRev1320_035*",用例执行情况!Z:Z,"v1.01p05",用例执行情况!AA:AA,"Passed") -> 11 | I46: =COUNTIFS(用例执行情况!C:C,"*AcuRev1320_035*",用例执行情况!Z:Z,"v1.01p05",用例执行情况!AA:AA,"Failed") -> 0 | J46: =COUNTIFS(用例执行情况!C:C,"*AcuRev1320_035*",用例执行情况!Z:Z,"v1.01p05",用例执行情况!AA:AA,"Unavailable") -> 0 | K46: =COUNTIFS(用例执行情况!C:C,"*AcuRev1320_035*",用例执行情况!Z:Z,"v1.01p05",用例执行情况!AA:AA,"Blocked") -> 0 | M46: =COUNTIFS(用例执行情况!C:C,"*AcuRev1320_035*",用例执行情况!Z:Z,"v1.01p05",用例执行情况!AA:AA,"<>")/COUNTIFS(用例执行情况!C:C,"*AcuRev1320_035*",用例执行情况!Z:Z,"v1.01p05") -> 1
A47: 36 | B47: USB接口测试 | D47: 刘丛松&王洋&焦任捷 | E47: =COUNTIFS(用例执行情况!C:C,"*AcuRev1320_036*") -> 51 | F47: =COUNTIFS(用例执行情况!C:C,"*AcuRev1320_036*",用例执行情况!Z:Z,"v1.01p05") -> 32 | G47: =COUNTIFS(用例执行情况!C:C,"*AcuRev1320_036*",用例执行情况!Z:Z,"v1.01p05",用例执行情况!AA:AA,"<>") -> 32 | H47: =COUNTIFS(用例执行情况!C:C,"*AcuRev1320_036*",用例执行情况!Z:Z,"v1.01p05",用例执行情况!AA:AA,"Passed") -> 30 | I47: =COUNTIFS(用例执行情况!C:C,"*AcuRev1320_036*",用例执行情况!Z:Z,"v1.01p05",用例执行情况!AA:AA,"Failed") -> 2 | J47: =COUNTIFS(用例执行情况!C:C,"*AcuRev1320_036*",用例执行情况!Z:Z,"v1.01p05",用例执行情况!AA:AA,"Unavailable") -> 0 | K47: =COUNTIFS(用例执行情况!C:C,"*AcuRev1320_036*",用例执行情况!Z:Z,"v1.01p05",用例执行情况!AA:AA,"Blocked") -> 0 | M47: =COUNTIFS(用例执行情况!C:C,"*AcuRev1320_036*",用例执行情况!Z:Z,"v1.01p05",用例执行情况!AA:AA,"<>")/COUNTIFS(用例执行情况!C:C,"*AcuRev1320_036*",用例执行情况!Z:Z,"v1.01p05") -> 1
A48: 37 | B48: 电压闪变 | D48: 刘丛松&王丽红&王丽红 | E48: =COUNTIFS(用例执行情况!C:C,"*AcuRev1320_037*") -> 9 | F48: =COUNTIFS(用例执行情况!C:C,"*AcuRev1320_037*",用例执行情况!Z:Z,"v1.01p05") -> 9 | G48: =COUNTIFS(用例执行情况!C:C,"*AcuRev1320_037*",用例执行情况!Z:Z,"v1.01p05",用例执行情况!AA:AA,"<>") -> 9 | H48: =COUNTIFS(用例执行情况!C:C,"*AcuRev1320_037*",用例执行情况!Z:Z,"v1.01p05",用例执行情况!AA:AA,"Passed") -> 4 | I48: =COUNTIFS(用例执行情况!C:C,"*AcuRev1320_037*",用例执行情况!Z:Z,"v1.01p05",用例执行情况!AA:AA,"Failed") -> 5 | J48: =COUNTIFS(用例执行情况!C:C,"*AcuRev1320_037*",用例执行情况!Z:Z,"v1.01p05",用例执行情况!AA:AA,"Unavailable") -> 0 | K48: =COUNTIFS(用例执行情况!C:C,"*AcuRev1320_037*",用例执行情况!Z:Z,"v1.01p05",用例执行情况!AA:AA,"Blocked") -> 0 | M48: =COUNTIFS(用例执行情况!C:C,"*AcuRev1320_037*",用例执行情况!Z:Z,"v1.01p05",用例执行情况!AA:AA,"<>")/COUNTIFS(用例执行情况!C:C,"*AcuRev1320_037*",用例执行情况!Z:Z,"v1.01p05") -> 1
A49: 38 | B49: 数据推送到AcuCloud | D49: 刘静茹&刘静茹&胡赞 | E49: =COUNTIFS(用例执行情况!C:C,"*AcuRev1320_038*") -> 10 | F49: =COUNTIFS(用例执行情况!C:C,"*AcuRev1320_038*",用例执行情况!Z:Z,"v1.01p05") -> 10 | G49: =COUNTIFS(用例执行情况!C:C,"*AcuRev1320_038*",用例执行情况!Z:Z,"v1.01p05",用例执行情况!AA:AA,"<>") -> 10 | H49: =COUNTIFS(用例执行情况!C:C,"*AcuRev1320_038*",用例执行情况!Z:Z,"v1.01p05",用例执行情况!AA:AA,"Passed") -> 0 | I49: =COUNTIFS(用例执行情况!C:C,"*AcuRev1320_038*",用例执行情况!Z:Z,"v1.01p05",用例执行情况!AA:AA,"Failed") -> 0 | J49: =COUNTIFS(用例执行情况!C:C,"*AcuRev1320_038*",用例执行情况!Z:Z,"v1.01p05",用例执行情况!AA:AA,"Unavailable") -> 0 | K49: =COUNTIFS(用例执行情况!C:C,"*AcuRev1320_038*",用例执行情况!Z:Z,"v1.01p05",用例执行情况!AA:AA,"Blocked") -> 10 | M49: =COUNTIFS(用例执行情况!C:C,"*AcuRev1320_038*",用例执行情况!Z:Z,"v1.01p05",用例执行情况!AA:AA,"<>")/COUNTIFS(用例执行情况!C:C,"*AcuRev1320_038*",用例执行情况!Z:Z,"v1.01p05") -> 1
A50: 39 | B50: 数据推送Data Post | D50: 刘静茹&胡赞&胡赞 | E50: =COUNTIFS(用例执行情况!C:C,"*AcuRev1320_039*") -> 14 | F50: =COUNTIFS(用例执行情况!C:C,"*AcuRev1320_039*",用例执行情况!Z:Z,"v1.01p05") -> 6 | G50: =COUNTIFS(用例执行情况!C:C,"*AcuRev1320_039*",用例执行情况!Z:Z,"v1.01p05",用例执行情况!AA:AA,"<>") -> 6 | H50: =COUNTIFS(用例执行情况!C:C,"*AcuRev1320_039*",用例执行情况!Z:Z,"v1.01p05",用例执行情况!AA:AA,"Passed") -> 6 | I50: =COUNTIFS(用例执行情况!C:C,"*AcuRev1320_039*",用例执行情况!Z:Z,"v1.01p05",用例执行情况!AA:AA,"Failed") -> 0 | J50: =COUNTIFS(用例执行情况!C:C,"*AcuRev1320_039*",用例执行情况!Z:Z,"v1.01p05",用例执行情况!AA:AA,"Unavailable") -> 0 | K50: =COUNTIFS(用例执行情况!C:C,"*AcuRev1320_039*",用例执行情况!Z:Z,"v1.01p05",用例执行情况!AA:AA,"Blocked") -> 0 | M50: =COUNTIFS(用例执行情况!C:C,"*AcuRev1320_039*",用例执行情况!Z:Z,"v1.01p05",用例执行情况!AA:AA,"<>")/COUNTIFS(用例执行情况!C:C,"*AcuRev1320_039*",用例执行情况!Z:Z,"v1.01p05") -> 1
A51: 40 | B51: DataLoggers | D51: 刘静茹&胡赞&胡赞 | E51: =COUNTIFS(用例执行情况!C:C,"*AcuRev1320_040*") -> 16 | F51: =COUNTIFS(用例执行情况!C:C,"*AcuRev1320_040*",用例执行情况!Z:Z,"v1.01p05") -> 7 | G51: =COUNTIFS(用例执行情况!C:C,"*AcuRev1320_040*",用例执行情况!Z:Z,"v1.01p05",用例执行情况!AA:AA,"<>") -> 7 | H51: =COUNTIFS(用例执行情况!C:C,"*AcuRev1320_040*",用例执行情况!Z:Z,"v1.01p05",用例执行情况!AA:AA,"Passed") -> 0 | I51: =COUNTIFS(用例执行情况!C:C,"*AcuRev1320_040*",用例执行情况!Z:Z,"v1.01p05",用例执行情况!AA:AA,"Failed") -> 2 | J51: =COUNTIFS(用例执行情况!C:C,"*AcuRev1320_040*",用例执行情况!Z:Z,"v1.01p05",用例执行情况!AA:AA,"Unavailable") -> 0 | K51: =COUNTIFS(用例执行情况!C:C,"*AcuRev1320_040*",用例执行情况!Z:Z,"v1.01p05",用例执行情况!AA:AA,"Blocked") -> 5 | M51: =COUNTIFS(用例执行情况!C:C,"*AcuRev1320_040*",用例执行情况!Z:Z,"v1.01p05",用例执行情况!AA:AA,"<>")/COUNTIFS(用例执行情况!C:C,"*AcuRev1320_040*",用例执行情况!Z:Z,"v1.01p05") -> 1
A52: 41 | B52: DualSource Energy | D52: 刘丛松&王丽红 | E52: =COUNTIFS(用例执行情况!C:C,"*AcuRev1320_042*") -> 64 | F52: =COUNTIFS(用例执行情况!C:C,"*AcuRev1320_042*",用例执行情况!Z:Z,"v1.01p05") -> 50 | G52: =COUNTIFS(用例执行情况!C:C,"*AcuRev1320_042*",用例执行情况!Z:Z,"v1.01p05",用例执行情况!AA:AA,"<>") -> 50 | H52: =COUNTIFS(用例执行情况!C:C,"*AcuRev1320_042*",用例执行情况!Z:Z,"v1.01p05",用例执行情况!AA:AA,"Passed") -> 35 | I52: =COUNTIFS(用例执行情况!C:C,"*AcuRev1320_042*",用例执行情况!Z:Z,"v1.01p05",用例执行情况!AA:AA,"Failed") -> 15 | J52: =COUNTIFS(用例执行情况!C:C,"*AcuRev1320_042*",用例执行情况!Z:Z,"v1.01p05",用例执行情况!AA:AA,"Unavailable") -> 0 | K52: =COUNTIFS(用例执行情况!C:C,"*AcuRev1320_042*",用例执行情况!Z:Z,"v1.01p05",用例执行情况!AA:AA,"Blocked") -> 0 | M52: =COUNTIFS(用例执行情况!C:C,"*AcuRev1320_042*",用例执行情况!Z:Z,"v1.01p05",用例执行情况!AA:AA,"<>")/COUNTIFS(用例执行情况!C:C,"*AcuRev1320_042*",用例执行情况!Z:Z,"v1.01p05") -> 1
A53: 42 | B53: Independent Input | D53: 王洋&胡赞&胡赞 | E53: =COUNTIFS(用例执行情况!C:C,"*AcuRev1320_043*") -> 60 | F53: =COUNTIFS(用例执行情况!C:C,"*AcuRev1320_043*",用例执行情况!Z:Z,"v1.01p05") -> 54 | G53: =COUNTIFS(用例执行情况!C:C,"*AcuRev1320_043*",用例执行情况!Z:Z,"v1.01p05",用例执行情况!AA:AA,"<>") -> 54 | H53: =COUNTIFS(用例执行情况!C:C,"*AcuRev1320_043*",用例执行情况!Z:Z,"v1.01p05",用例执行情况!AA:AA,"Passed") -> 50 | I53: =COUNTIFS(用例执行情况!C:C,"*AcuRev1320_043*",用例执行情况!Z:Z,"v1.01p05",用例执行情况!AA:AA,"Failed") -> 3 | J53: =COUNTIFS(用例执行情况!C:C,"*AcuRev1320_043*",用例执行情况!Z:Z,"v1.01p05",用例执行情况!AA:AA,"Unavailable") -> 1 | K53: =COUNTIFS(用例执行情况!C:C,"*AcuRev1320_043*",用例执行情况!Z:Z,"v1.01p05",用例执行情况!AA:AA,"Blocked") -> 0 | M53: =COUNTIFS(用例执行情况!C:C,"*AcuRev1320_043*",用例执行情况!Z:Z,"v1.01p05",用例执行情况!AA:AA,"<>")/COUNTIFS(用例执行情况!C:C,"*AcuRev1320_043*",用例执行情况!Z:Z,"v1.01p05") -> 1
A54: 43 | B54: Custom Read | D54: 王丽红&焦任捷 | E54: =COUNTIFS(用例执行情况!C:C,"*AcuRev1320_044*") -> 25 | F54: =COUNTIFS(用例执行情况!C:C,"*AcuRev1320_044*",用例执行情况!Z:Z,"v1.01p05") -> 13 | G54: =COUNTIFS(用例执行情况!C:C,"*AcuRev1320_044*",用例执行情况!Z:Z,"v1.01p05",用例执行情况!AA:AA,"<>") -> 13 | H54: =COUNTIFS(用例执行情况!C:C,"*AcuRev1320_044*",用例执行情况!Z:Z,"v1.01p05",用例执行情况!AA:AA,"Passed") -> 11 | I54: =COUNTIFS(用例执行情况!C:C,"*AcuRev1320_044*",用例执行情况!Z:Z,"v1.01p05",用例执行情况!AA:AA,"Failed") -> 2 | J54: =COUNTIFS(用例执行情况!C:C,"*AcuRev1320_044*",用例执行情况!Z:Z,"v1.01p05",用例执行情况!AA:AA,"Unavailable") -> 0 | K54: =COUNTIFS(用例执行情况!C:C,"*AcuRev1320_044*",用例执行情况!Z:Z,"v1.01p05",用例执行情况!AA:AA,"Blocked") -> 0 | M54: =COUNTIFS(用例执行情况!C:C,"*AcuRev1320_044*",用例执行情况!Z:Z,"v1.01p05",用例执行情况!AA:AA,"<>")/COUNTIFS(用例执行情况!C:C,"*AcuRev1320_044*",用例执行情况!Z:Z,"v1.01p05") -> 1
A55: 44 | B55: Audit\sys Log | D55: 王丽红&王洋&焦任捷 | E55: =COUNTIFS(用例执行情况!C:C,"*AcuRev1320_045*") -> 63 | F55: =COUNTIFS(用例执行情况!C:C,"*AcuRev1320_045*",用例执行情况!Z:Z,"v1.01p05") -> 15 | G55: =COUNTIFS(用例执行情况!C:C,"*AcuRev1320_045*",用例执行情况!Z:Z,"v1.01p05",用例执行情况!AA:AA,"<>") -> 15 | H55: =COUNTIFS(用例执行情况!C:C,"*AcuRev1320_045*",用例执行情况!Z:Z,"v1.01p05",用例执行情况!AA:AA,"Passed") -> 13 | I55: =COUNTIFS(用例执行情况!C:C,"*AcuRev1320_045*",用例执行情况!Z:Z,"v1.01p05",用例执行情况!AA:AA,"Failed") -> 1 | J55: =COUNTIFS(用例执行情况!C:C,"*AcuRev1320_045*",用例执行情况!Z:Z,"v1.01p05",用例执行情况!AA:AA,"Unavailable") -> 0 | K55: =COUNTIFS(用例执行情况!C:C,"*AcuRev1320_045*",用例执行情况!Z:Z,"v1.01p05",用例执行情况!AA:AA,"Blocked") -> 1 | M55: =COUNTIFS(用例执行情况!C:C,"*AcuRev1320_045*",用例执行情况!Z:Z,"v1.01p05",用例执行情况!AA:AA,"<>")/COUNTIFS(用例执行情况!C:C,"*AcuRev1320_045*",用例执行情况!Z:Z,"v1.01p05") -> 1
A56: 45 | B56: Web页面Reading&setting | D56: 焦任捷&刘静茹&刘静茹 | E56: =COUNTIFS(用例执行情况!C:C,"*AcuRev1320_046*") -> 114 | F56: =COUNTIFS(用例执行情况!C:C,"*AcuRev1320_046*",用例执行情况!Z:Z,"v1.01p05") -> 95 | G56: =COUNTIFS(用例执行情况!C:C,"*AcuRev1320_046*",用例执行情况!Z:Z,"v1.01p05",用例执行情况!AA:AA,"<>") -> 95 | H56: =COUNTIFS(用例执行情况!C:C,"*AcuRev1320_046*",用例执行情况!Z:Z,"v1.01p05",用例执行情况!AA:AA,"Passed") -> 78 | I56: =COUNTIFS(用例执行情况!C:C,"*AcuRev1320_046*",用例执行情况!Z:Z,"v1.01p05",用例执行情况!AA:AA,"Failed") -> 12 | J56: =COUNTIFS(用例执行情况!C:C,"*AcuRev1320_046*",用例执行情况!Z:Z,"v1.01p05",用例执行情况!AA:AA,"Unavailable") -> 4 | K56: =COUNTIFS(用例执行情况!C:C,"*AcuRev1320_046*",用例执行情况!Z:Z,"v1.01p05",用例执行情况!AA:AA,"Blocked") -> 1 | M56: =COUNTIFS(用例执行情况!C:C,"*AcuRev1320_046*",用例执行情况!Z:Z,"v1.01p05",用例执行情况!AA:AA,"<>")/COUNTIFS(用例执行情况!C:C,"*AcuRev1320_046*",用例执行情况!Z:Z,"v1.01p05") -> 1
A57: 46 | B57: BACnet IP&SNTP(约30条用例) | D57: 焦任捷 | F57: 30 | G57: 30 | M57: =COUNTIFS(用例执行情况!C:C,"*AcuRev1320_046*",用例执行情况!Z:Z,"v1.01p05",用例执行情况!AA:AA,"<>")/COUNTIFS(用例执行情况!C:C,"*AcuRev1320_046*",用例执行情况!Z:Z,"v1.01p05") -> 1
A58: 46 | B58: 挂机测试观测日志问题(每人负责一块板子日志分析) | D58: 刘丛松、刘静茹 | G58: / | H58: / | I58: / | J58: / | K58: / | L58: / | M58: 1
A59: 47 | B59: 挂机测试观测RSTP | D59: 刘静茹&焦任捷 | G59: / | H59: / | I59: / | J59: / | K59: / | L59: / | M59: 1
A60: 49 | B60: 毫安电表快速测量(六种接线) | D60: 刘丛松&王洋&胡赞 | G60: / | H60: / | I60: / | J60: / | K60: / | L60: / | M60: NA
A61: 50 | B61: 毫伏电表快速测量(六种接线) | D61: 刘丛松&王洋&胡赞 | G61: / | H61: / | I61: / | J61: / | K61: / | L61: / | M61: NA
A62: 53 | B62: 毫安电表脉冲精度测试(3e4w-y，1e2W，2e3W_DELTA) | D62: 胡赞&刘丛松 | G62: / | H62: / | I62: / | J62: / | K62: / | L62: / | M62: 1
A63: 54 | B63: 毫伏电表脉冲精度测试(3e4w-y，1e2W，2e3W_DELTA) | D63: 胡赞&刘丛松 | G63: / | H63: / | I63: / | J63: / | K63: / | L63: / | M63: 1
A64: 55 | B64: 问题单回归测试(胡赞) | D64: 胡赞 | F64: =COUNTIFS(版本测试日报!K106:K269,"Zan Hu*") -> 32 | G64: / | H64: / | I64: / | J64: / | K64: / | L64: / | M64: =COUNTIFS(版本测试日报!K106:K269,"Zan Hu*",版本测试日报!L106:L269,"<>")/COUNTIFS(版本测试日报!K106:K269,"Zan Hu*") -> 1
A65: 56 | B65: 问题单回归测试(刘静茹) | D65: 刘静茹 | F65: =COUNTIFS(版本测试日报!K106:K269,"Jingru Liu*")+COUNTIFS(版本测试日报!K106:K269,"刘静茹*") -> 51 | G65: / | H65: / | I65: / | J65: / | K65: / | L65: / | M65: =(COUNTIFS(版本测试日报!K106:K269,"Jingru Liu*",版本测试日报!L106:L269,"<>")+COUNTIFS(版本测试日报!K106:K269,"刘静茹*",版本测试日报!L106:L269,"<>"))/(COUNTIFS(版本测试日报!K106:K269,"Jingru Liu*")+COUNTIFS(版本测试日报!K106:K269,"刘静茹*")) -> 1
A66: 57 | B66: 问题单回归测试(王丽红) | D66: 王丽红 | F66: =COUNTIFS(版本测试日报!K106:K269,"Lihong Wang*")+COUNTIFS(版本测试日报!K106:K269,"王丽红*") -> 30 | G66: / | H66: / | I66: / | J66: / | K66: / | L66: / | M66: =(COUNTIFS(版本测试日报!K106:K269,"Lihong Wang*",版本测试日报!L106:L269,"<>")+COUNTIFS(版本测试日报!K106:K269,"王丽红*",版本测试日报!L106:L269,"<>"))/(COUNTIFS(版本测试日报!K106:K269,"Lihong Wang*")+COUNTIFS(版本测试日报!K106:K269,"王丽红*")) -> 1
A67: 58 | B67: 问题单回归测试(刘丛松) | D67: 刘丛松 | F67: =COUNTIFS(版本测试日报!K106:K269,"Congsong Liu*") -> 18 | G67: / | H67: / | I67: / | J67: / | K67: / | L67: / | M67: =COUNTIFS(版本测试日报!K106:K269,"Congsong Liu*",版本测试日报!L106:L269,"<>")/COUNTIFS(版本测试日报!K106:K269,"Congsong Liu*") -> 1
A68: 59 | B68: 问题单回归测试(Renjiejiao) | D68: 焦任捷&王洋 | F68: =COUNTIFS(版本测试日报!K106:K269,"Renjie*") -> 30 | G68: / | H68: / | I68: / | J68: / | K68: / | L68: / | M68: =COUNTIFS(版本测试日报!K106:K269,"Renjie*",版本测试日报!L106:L269,"<>")/COUNTIFS(版本测试日报!K106:K269,"Renjie*") -> 1
A69: 60 | B69: 用例总数 | E69: =SUM(E12:E56) -> 1809 | F69: =SUM(F12:F42)+SUM(F45:F57) -> 982 | G69: =SUM(G12:G57) -> 982 | H69: =SUM(H12:H56) -> 793 | I69: =SUM(I12:I56) -> 106 | J69: =SUM(J12:J56) -> 27 | K69: =SUM(K12:K56) -> 26 | M69: =G69/F69 -> 1
A70: 61 | B70: 待回归问题总数 | F70: =SUM(F64:F68) -> 161 | G70: / | H70: / | I70: / | J70: / | K70: / | L70: / | M70: =(COUNTIFS(版本测试日报!K106:K269,"Zan Hu*",版本测试日报!L106:L269,"<>")+(COUNTIFS(版本测试日报!K106:K269,"Jingru Liu*",版本测试日报!L106:L269,"<>")+COUNTIFS(版本测试日报!K106:K269,"刘静茹*",版本测试日报!L106:L269,"<>"))+(COUNTIFS(版本测试日报!K106:K269,"Lihong Wang*",版本测试日报!L106:L269,"<>")+COUNTIFS(版本测试日报!K106:K269,"王丽红*",版本测试日报!L106:L269,"<>"))+COUNTIFS(版本测试日报!K106:K269,"Congsong Liu*",版本测试日报!L106:L269,"<>")+(COUNTIFS(版本测试日报!K106:K269,"Yang Wang*",版本测试日报!L106:L269,"<>")+COUNTIFS(版本测试日报!K106:K269,"王洋*",版本测试日报!L106:L269,"<>")))/F70 -> 0.8136646
A71: 发现问题列表(TOP)
A72: 问题单号 | B72: 问题简要描述 | L72: 严重程度 | M72: 类别
A73: A1320-949 | B73: 【AcuRev-1320 v1.01p05】【web】接线方式2E3W1Phase,独立通道打开，上位机显示可配置线电压为"Vac"，web页面显示"Vca"。预期：web页面显示"Vac"，实际：web页面显示"Vca"。 | L73: Medium | M73: web
A74: A1320-948 | B74: 【AcuRev-1320 v1.01p05】【BACnet IP】上位机修改Device Description描述，通过Ace-8000设备连接电表，对应的Objectname描述和Database_Revision没有发生改变 | L74: Medium | M74: BACnet通信协议
A75: A1320-947 | B75: 【AcuRev-1320 v1.01p05】【SNTP】上位机修改SNTP页面的Time Zone参数配置不生效，一直为默认配置480.预期：Time Zone配置可以修改 | L75: Medium | M75: SNTP
A76: A1320-946 | B76: 【AcuRev-1320 v1.01p05】打开独立通道，power calculation Voltage selection 参数选择None，上位机上Summation 可以选择对应None的通道，预期：当某一电流通道配置电压为disable时，Summation 不可配置该通道 | L76: Medium | M76: HMI测量设置及出厂信息
A77: A1320-945 | B77: 【AcuRev-1320 v1.01p05】上位机上通过USB连接AcuRev1320电表，读取任意LOG数据，都会失败，预期：USB连接，读取LOG数据正常 | L77: High | M77: USB接口测试
A78: A1320-944 | B78: 【AcuRev-1320 v1.01p05】打开BACnet/IP使能的同时，修改device instance，Database Revision不会增加，预期：修改device instance，Database Revision值会增加 | L78: Medium | M78: BACnet通信协议
A79: A1320-943 | B79: 【AcuRev-1320 v1.01p05】【MV】当前打开Acucloud使能开关后，电表会不断重启，目前测试未定位到具体问题，需要开发王少英王工进行定位，acucloud相关用例目前不能测试； | L79: High | M79: AcuCloud
A80: A1320-942 | B80: 【AcuRev-1320 v1.01p05】【MV】【需求】经过产品经理语崔总确认：电表发生电流骤升，当电表模式为独立模式时，tigger channel下应该为：input 1/2/3/4；当电表模式为非独立模式，tigger channel下应该为input A/B/C | L80: Medium | M80: 上位机
A81: A1320-941 | B81: 【AcuRev-1320 v1.01p05】【web】接线方式3E4W-Y,上位机显示电压序分量和电流序分量为0，web页面显示"-"。预期：web页面显示为0，实际：web页面显示"-"。 | L81: Medium | M81: web
A82: A1320-937 | B82: 【AcuRev-1320 v1.01p05】【MV】打开电压、电流不平衡pq使能开关及关联DO告警打开，理论上当电表模拟电压、电流不平衡时，DO状态位应该置为高电平，实际无高电平产生； | L82: Medium | M82: 电能质量事件
A83: A1320-936 | B83: 【AcuRev-1320 v1.01p05】【MV】电表上电，上位机连接正常，电表处于非独立模式，打开电压不平衡事件使能开关，模拟电压不平衡事件，上位机读取pq event中有一条为独立模式使能开关，目前读出来电压不平衡发生时，独立模式为打开，理论上应该为关闭 | L83: Medium | M83: 电能质量事件
... A101: A1320-915 | B101: 【AcuRev-1320 v1.01p05】【Web页面Reading&setting】web页面登录成功后，测试过程中修改电表IP,使用新ip无法登录web页，一段时间后新ip无法ping通。预期：修改后的ip可以登录web页面 | L101: Medium | M101: Web页面Reading&setting
A104: 问题单回归情况
A105: 问题单号 | B105: 问题简要描述 | J105: 标签 | K105: 回归测试人员 | L105: 回归通过(是/否) | M105: 备注
A106: A1320-914 | B106: 【AcuRev-1320 v1.01p04】【MV】【需求】当前电表给Acucloud推送数据时未加时区导致数据不能正常推至云端，产品回复：表给云端推送的时间要加上时区信息 | J106: AcuCloud | K106: Jingru Liu | L106: 是
A107: A1320-913 | B107: 【AcuRev-1320 v1.01p04】【MV】电表上电，上位机及WEB端连接正常，查看IO reading模块的描述，上位机描述正确，web端需按照上位机描述进行修改 | J107: web | K107: Jingru Liu | L107: 是
A108: A1320-910 | B108: 【AcuRev-1320 v1.01p04】【上位机】HMI配置IO模块的DO Settings-Energy Pulse Output参数，发现HMI配置System apparent energy total的ID与寄存器表ID不一致。预期：ID为36，实际：ID为44。 | J108: 上位机 | K108: Renjiejiao&Yang Wang | L108: 是
A109: A1320-906 | B109: 【AcuRev-1320 v1.01p04】【MV】当前电表上位机在绘制电压谐波、电流谐波时有误 | J109: 上位机 | K109: Jingru Liu | L109: 是
A110: A1320-905 | B110: 【AcuRev-1320 v1.01p04】【MV】Independent Input Channel 使能，输入4路电流5A，谐波含量百分比5%，谐波次数33，谐波相位300，上位机显示数据有误； | J110: 上位机 | K110: Jingru Liu | L110: 是
A111: A1320-903 | B111: 【AcuRev-1320 v1.01p04】【MV】设置ABC相电压均设置为120V，谐波含量百分比3%， 谐波次数31，谐波相位90°，以上工况下，谐波的图形不能正确画出来。工况：Independent Input Channel 使能，输入4路电流5A，谐波含量百分比5%，谐波次数33，谐波相位300 其他工况均不能画出来图；经过查看是上位机问题； | J111: 上位机 | K111: Jingru Liu | L111: 是
A112: A1320-902 | B112: 【AcuRev-1320 v1.01p04】【MV】谐波含量百分比30%，谐波次数62，谐波相位180° ，谐波是62次的时候 数据有误。开发回复：超过50次p04版本没实现 | J112: 谐波 | K112: Jingru Liu | L112: 是
A113: A1320-899 | B113: 【AcuRev-1320 v1.01p04】【上位机】【待确认】SystemLog记满5000条后，5001往下覆盖第1条，第1条在页面最后显示的SystemLog排列机制，与产品沟通，需修改成Alarm Log记满200条后的排列模式。 | J113: 上位机 | K113: Renjiejiao&Yang Wang | L113: 是
A114: A1320-897 | B114: 【AcuRev-1320 v1.01p04】【DO】在系统视在电能的进线有能量，出现无能量的前提下，发现系统视在电能（Net、Total）无能量脉冲。预期：系统视在电能（Net、Total）有能量脉冲，实际：系统视在电能（Net、Total）无能量脉冲。 | J114: DO | K114: Renjiejiao&Yang Wang | L114: 是
A115: A1320-896 | B115: 【AcuRev-1320 v1.01p04】【上位机】HMI界面配置DO的系统视在的进出净总能量参数正常，上位机无系统视在的进出净能量参数。预期：上位机存在系统视在的进出净能量参数，实际：上位机无系统视在的进出净能量参数。 | J115: 上位机 | K115: Renjiejiao&Yang Wang | L115: 是
A116: A1320-895 | B116: 【AcuRev-1320 v1.01p04】交流电源输入三项电压120V，电流Ia、Ib、Ic 为3A，等待2小时， 检查Real-Time Metering （2hr），电表显示IC为0，phase C 功率为0，预期：电表显示IC为3A，有功功率0.36kW | J116: 交流电流 | K116: Congsong Liu | L116: 是
A117: A1320-894 | B117: 【AcuRev-1320 v1.01p04】二相三线delta接线，台体输入Ua,Uc（30°，90°）,上位机上150/180 cycle、10min中Ubn的项电压角度有值，预期：二相三线delta接线，Ubn的项电压角度为0 | J117: 相角(phase-angle) | K117: Congsong Liu | L117: 是
... A131: A1320-879 | B131: 【AcuRev-1320 v1.01p04】【MV】【需求】按照最新接线配置文档检查上位机real-time、谐波、序分量中数据显示项，目前上位机在各个模块均有问题，需修改 | J131: 上位机 | K131: Jingru Liu | L131: 是
A132: A1320-877 | B132: 【AcuRev-1320 v1.01p04】Datalog 配置A、B、C 相的1st Current Angle Harmonics ，检查生成的日志，预期：刷新为源输入的电流角度，实际：刷新异常，在持续增加 | J132: DATALog | K132: Lihong Wang | L132: 否 | M132: 回归测试不通过
...

Sheet 用例执行情况
A1: 模块 | B1: 子模块 | C1: 用例编号 | D1: 用例标题 | E1: 预置条件 | F1: 测试步骤 | G1: 预期结果 | H1: 级别 | I1: 自动化 | J1: 需自动化 （是/否） | K1: 测试版本 | L1: 测试结果 | M1: 测试人员 | N1: 备注 | O1: 问题单来源 | P1: 测试版本 | Q1: 测试结果 | R1: 测试人员 | S1: 备注 | T1: 问题单来源 | U1: 测试版本 | V1: 测试结果 | W1: 测试人员 | X1: 备注 | Y1: 问题单来源 | Z1: 测试版本 | AA1: 测试结果 | AB1: 测试人员 | AC1: 备注 | AD1: 问题单来源
A2: 交流频率 | B2: 交流频率 | C2: Function_AcuRev1320_001_01_case1 | D2: 交流电在45 HZ 、55HZ、65 Hz，测量精度要求0.1% | E2: 1、Acuview2上位机 2、网线/RTU串口线 3、AcuRev1320电表 | F2: 1、连接AcuRev1320电表到Acuview2上，链接状态为connected 2、交流电源输入频率为45HZ。 3、Acuview2上和HMI上检查交流电频率是否在精度范围内，范围:44.955 ~ 45.045 4、交流电源输入频率为55HZ。 5、Acuview2上和HMI上检查交流电频率是否在精度范围内，范围:54.945 ~ 55.055 6、交流电源输入频率为65HZ。 7、Acuview2上检查交流电频率是否在精度范围内，范围:64.935 ~ 65.065 8、以上步骤同时在web页面上检查，交流电频率是否在精度范围内（是否与上位机及电表一致） | G2: 3、Acuview2上和HMI上检查交流电频率在精度范围内，范围:44.955 ~ 45.045 5、Acuview2上和HMI上检查交流电频率在精度范围内，范围:54.945 ~ 55.055 7、Acuview2上检查交流电频率在精度范围内，范围:64.935 ~ 65.065 8、web页面上检查交流电频率在精度范围内（与上位机及电表一致） | H2: LV2 | I2: 是 | K2: v1.01p01 | L2: Passed | M2: 王丽红 | N2: 跟产品确认，最新的精度要求是：45HZ~65HZ，精度0.1%；更新用例 20260206 产品认为还是不确定，本身按照上面的标准测试已经通过了，先把结果删除，如果确认完精度要求跟上述一致，再重新填入结果 | P2: v1.01p03 | Q2: Passed | R2: 王丽红 | U2: v1.01p04 | V2: Failed | W2: 刘丛松 | X2: web页面存在BUG（无法登录），已有问题单：A1320-805
B3: 交流频率 | C3: Function_AcuRev1320_001_01_case2 | D3: 交流电在50HZ 、60 Hz，测量精度要求0.1% | E3: 1、Acuview2上位机 2、网线/RTU串口线 3、AcuRev1320电表 | F3: 1、连接AcuRev1320电表到Acuview2上，链接状态为connected 2、交流电源输入频率为50HZ。 3、Acuview2上和HMI上检查交流电频率是否在精度范围内，范围:49.95 ~ 50.05 4、交流电源输入频率为60HZ。 5、Acuview2上和HMI上检查交流电频率是否在精度范围内，范围:59.94 ~ 60.06 | G3: 3、Acuview2上和HMI上检查交流电频率在精度范围内，范围:49.95 ~ 50.05 5、Acuview2上和HMI上检查交流电频率在精度范围内，范围:59.94 ~ 60.06 | H3: LV0 | I3: 是 | K3: v1.01p01 | L3: Passed | M3: 王丽红 | P3: v1.01p03 | Q3: Passed | R3: 王丽红 | U3: v1.01p04 | V3: Passed | W3: 刘丛松 | Z3: v1.01p05 | AA3: Passed | AB3: 刘静茹
B4: 交流频率 | C4: Function_AcuRev1320_001_01_case3 | D4: 电表上设置60HZ, 交流电在40HZ 、70 Hz，无测量精度要求 | E4: 1、Acuview2上位机 2、网线/RTU串口线 3、AcuRev1320电表 | F4: 1、连接AcuRev1320电表到Acuview2上，链接状态为connected 1.1、电表上设置60HZ 2、交流电源输入频率为40HZ。 3、Acuview2上和HMI上检查交流电频率可以测试到频率数据，无精度要求 4、交流电源输入频率为70HZ。 5、Acuview2上和HMI上检查交流电频率可以测试到频率数据，无精度要求 | G4: 3、Acuview2上和HMI上检查交流电频率可以测试到频率数据，无精度要求 5、Acuview2上和HMI上检查交流电频率可以测试到频率数据，无精度要求 | H4: LV3 | I4: 是 | K4: v1.01p01 | L4: Passed | M4: 王丽红 | P4: v1.01p03 | Q4: Passed | R4: 王丽红 | U4: v1.01p04 | V4: Passed | W4: 刘丛松
B5: 交流频率 | C5: Function_AcuRev1320_001_01_case4 | D5: 关闭输出后，电表不会有频率显示 | E5: 1、Acuview2上位机 2、网线/RTU串口线 3、AcuRev1320电表 | F5: 1、输出50HZ频率 2、关闭源输出 3、HMI查看系统频率 4、查看上位机及web页面，频率显示是多少 | G5: 3、关闭源输出，频率显示0 4、关闭源输出，频率显示0 | H5: LV1 | K5: v1.01p01 | L5: Passed | M5: 王丽红 | P5: v1.01p03 | Q5: Passed | R5: 王丽红 | U5: v1.01p04 | V5: Passed | W5: 刘丛松 | Z5: v1.01p05 | AA5: Passed | AB5: 刘静茹
B6: 交流频率 | C6: Function_AcuRev1320_001_01_case5 | D6: 验证上位机Real-time 聚合数据的各个页面，测量频率正常 | E6: 1、Acuview2上位机 2、网线/RTU串口线 3、AcuRev1320电表 4、接线方式3E4w y | F6: 1、 交流电源输入频率为50HZ。 2、 等待4 小时 3、 检查Real-Time Metering （200ms）、Real-Time Metering （3s）、Real-Time Metering （10min）、Real-Time Metering （2hr）、High-Speed Metering 页面的频率 | G6: 3、 各个页面频率测量值均为50HZ 备注： 除了200ms页面，其他页面没有精度要求，测量值接近不能偏离太远 | H6: LV1 | K6: v1.01p01 | L6: Passed | M6: 王丽红 | P6: v1.01p03 | Q6: Passed | R6: 王丽红 | U6: v1.01p04 | V6: Passed | W6: 刘丛松 | Z6: v1.01p05 | AA6: Passed | AB6: 刘静茹
A7: 交流电压 | B7: 线-地电压(相电压)验证 | C7: Function_AcuRev1320_002_01_case1 | D7: 交流电Van、Vbn、Vcn输入额定电压分别均为69V,120V,测量Van、Vbn、Vcn、Vlnavg满足精度要求0.1% | E7: 1、Acuview2上位机 2、网线/RTU串口线 3、AcuRev1320电表 4、接线方式3E4w y y | F7: 1、连接AcuRev1320电表到Acuview2上，链接状态为connected 2、交流电源输入相电压Van、Vbn、Vcn的额定电压为69V。 3、Acuview2上和HMI上检查交流电相电压是否均在精度范围内， Van、Vbn、Vcn范围(V):68.931 ~ 69.069， Vlnavg范围(V)：68.931 ~ 69.069 4、交流电源输入相电压Van、Vbn、Vcn的额定电压为120V。 5、Acuview2上和HMI上检查交流电相电压是否均在精度范围内，范围(V):119.88 ~ 120.12， Vlnavg范围(V)：119.88 ~ 120.12 6、以上步骤中，检查web页面与Acuview2、HMI上交流电相电压是否一致，是否均在精度范围内 | G7: 3、Acuview2上和HMI上检查交流电相电压均在精度范围内，范围(V):68.931 ~ 69.069，Vlnavg范围(V)：68.931 ~ 69.069 5、Acuview2上和HMI上检查交流电相电压均在精度范围内，范围(V):119.88 ~ 120.12，Vlnavg范围(V)：119.88 ~ 120.12 6、以上步骤中，检查web页面与Acuview2、HMI上交流电相电压一致，均在精度范围内 | H7: LV0 | I7: 是 | J7: Y | K7: v1.01p01 | L7: Failed | M7: 王丽红 | N7: 1. 上位机使用200ms 的值检查精度， 2. HMI上使用HS-ms的值检查 3. Web2 功能未转测，相关步骤未测试 硬件测量值存在上下波动问题，精度不够 https://accuenergy.atlassian.net/browse/A1320-499 | P7: v1.01p03 | Q7: Passed | R7: 王丽红 | U7: v1.01p04 | V7: Passed | W7: 刘丛松 | X7: web页面打不开，静茹已提单 | Z7: v1.01p05 | AA7: Passed | AB7: 刘静茹
B8: 线-地电压(相电压)验证 | C8: Function_AcuRev1320_002_01_case2 | D8: 交流电Van、Vbn、Vcn输入额定电压分别均为230V,347V,测量Van、Vbn、Vcn、Vlnavg满足精度要求0.1% | E8: 1、Acuview2上位机 2、网线/RTU串口线 3、AcuRev1320电表 4、接线方式3E4w y y | F8: 1、连接AcuRev1320电表到Acuview2上，链接状态为connected 2、交流电源输入相电压Van、Vbn、Vcn的额定电压为230V。 3、Acuview2上和HMI上检查交流电相电压是否均在精度范围内，范围(V):229.77 ~ 230.23， Vlnavg范围(V)：229.77 ~ 230.23 4、交流电源输入相电压Van、Vbn、Vcn的额定电压为347V。 5、Acuview2上和HMI上检查交流电相电压是否均在精度范围内，范围(V):346.653 ~ 347.347， Vlnavg范围(V)：346.653 ~ 347.347 6、以上步骤中，检查web页面与Acuview2、HMI上交流电相电压是否一致，是否均在精度范围内 | G8: 3、Acuview2上和HMI上检查交流电相电压均在精度范围内，范围(V):229.77 ~ 230.23， Vlnavg范围(V)：229.77 ~ 230.23 5、Acuview2上和HMI上检查交流电相电压均在精度范围内，范围(V):346.653 ~ 347.347， Vlnavg范围(V)：346.653 ~ 347.347 6、以上步骤中，检查web页面与Acuview2、HMI上交流电相电压一致，均在精度范围内 | H8: LV1 | I8: 是 | J8: Y | K8: v1.01p01 | L8: Passed | M8: 王丽红 | P8: v1.01p03 | Q8: Passed | R8: 王丽红 | U8: v1.01p04 | V8: Passed | W8: 刘丛松
B9: 线-地电压(相电压)验证 | C9: Function_AcuRev1320_002_01_case3 | D9: 交流电Van、Vbn、Vcn输入启动电压分别均为10.2V、20V,电表有测量值,测量Van、Vbn、Vcn、Vlnavg没有精度要求 | E9: 1、Acuview2上位机 2、网线/RTU串口线 3、AcuRev1320电表 4、接线方式3E4w y y | F9: 1、连接AcuRev1320电表到Acuview2上，链接状态为connected 2、交流电源输入相电压Van、Vbn、Vcn的额定电压为10.2V。 3、Acuview2上和HMI上检查交流电相电压是否有测量显示，精度没有要求 4、交流电源输入相电压Van、Vbn、Vcn的额定电压为20V。 5、Acuview2上和HMI上检查交流电相电压是否有测量显示，精度没有要求 | G9: 3、Acuview2上和HMI上检查交流电相电压有测量显示，没有精度要求 5、Acuview2上和HMI上检查交流电相电压有测量显示，没有精度要求 | H9: LV3 | I9: 是 | J9: Y | K9: v1.01p01 | L9: Passed | M9: 王丽红 | P9: v1.01p03 | Q9: Passed | R9: 王丽红 | U9: v1.01p04 | V9: Passed | W9: 刘丛松
B10: 线-地电压(相电压)验证 | C10: Function_AcuRev1320_002_01_case4 | D10: 交流电Van、Vbn、Vcn输入电压分别均为0V，1V，9V,电表Van、Vbn、Vcn、Vlnavg无测量值 | E10: 1、Acuview2上位机 2、网线/RTU串口线 3、AcuRev1320电表 4、接线方式3E4w y y | F10: 1、连接AcuRev1320电表到Acuview2上，链接状态为connected 2、交流电源输入相电压Van、Vbn、Vcn的额定电压为0V。 3、Acuview2上和HMI上检查交流电相电压是否为0V 4、交流电源输入相电压Van、Vbn、Vcn的额定电压为1V。 5、Acuview2上和HMI上检查交流电相电压是否为0V，不考虑精度 6、交流电源输入相电压Van、Vbn、Vcn的额定电压为9V。 7、Acuview2上和HMI上检查交流电相电压是否为0V，不考虑精度 8、查看web页面数据是否与上位机及电表数据一致 | G10: 3、5、7、Acuview2上和HMI上检查交流电相电压为0V 6、查看web页面数据是否与上位机及电表数据一致 | H10: LV4 | J10: Y | K10: v1.01p01 | L10: Passed | M10: 王丽红 | P10: v1.01p03 | Q10: Passed | R10: 王丽红 | U10: v1.01p04 | V10: Passed | W10: 刘丛松
B11: 线-地电压(相电压)验证 | C11: Function_AcuRev1320_002_01_case5 | D11: 交流电Van、Vbn、Vcn输入额定电压为(69V,120V,230V),测量Van、Vbn、Vcn、Vlnavg满足精度要求0.1% | E11: 1、Acuview2上位机 2、网线/RTU串口线 3、AcuRev1320电表 4、接线方式3E4w y | F11: 1、连接AcuRev1320电表到Acuview2上，链接状态为connected 2、交流电源输入相电压Van、Vbn、Vcn的额定电压分别为(69V,120V,230V)。 3、Acuview2上和HMI上检查交流电相电压是否均在精度范围内，Van范围(V):68.931 ~ 69.069，Vbn范围(V):119.88 ~ 120.12，Vcn范围(V):229.77 ~ 230.23，Vlnavg范围(V):139.527 ~ 139.8063333 4、检查web页面上是否与Acuview2、HMI上交流电相电压一致，是否在范围内 | G11: 3、Acuview2上和HMI上检查交流电相电压均在精度范围内，Van范围(V):68.931 ~ 69.069，Vbn范围(V):119.88 ~ 120.12，Vcn范围(V):229.77 ~ 230.23，Vlnavg范围(V):139.527 ~ 139.8063333 4、检查web页面上与Acuview2、HMI上交流电相电压一致，在范围内 | H11: LV1 | I11: 是 | K11: v1.01p01 | L11: Failed | M11: 王丽红 | N11: 69V 波动超出精度范围 硬件测量值存在上下波动问题，精度不够 https://accuenergy.atlassian.net/browse/A1320-499 | P11: v1.01p03 | Q11: Failed | R11: 王丽红 | S11: Ua 69V 精度不够 A1320-585 | U11: v1.01p04 | V11: Failed | W11: 刘丛松 | X11: Ua 69V 精度不够 A1320-585 | Z11: v1.01p05 | AA11: Passed | AB11: 刘静茹
B12: 线-地电压(相电压)验证 | C12: Function_AcuRev1320_002_01_case6_1 | D12: 交流电Van、Vbn、Vcn输入额定电压为(100V,100V,100V),φA、φB、φC分别为(0°、240°、120°)，断开交流源输入，Van、Vbn、Vcn、Vlnavg测量值全为0V | E12: 1、Acuview2上位机 2、网线/RTU串口线 3、AcuRev1320电表 4、接线方式3E4w y y | F12: 1、连接AcuRev1320电表到Acuview2上，链接状态为connected 2、交流电Van、Vbn、Vcn输入额定电压为(100V,100V,100V),φA、φB、φC分别为(0°、240°、120°) 3、Acuview2上和HMI上检查交流电相电压是否均在精度范围内 4、断开交流源输入 5、立即Acuview2上和HMI上检查交流电相电压Van、Vbn、Vcn、Vlnavg测量值全为0V 6, 反复执行步骤2~5， 5次。功能正常 | G12: 3、Acuview2上和HMI上检查交流电相电压均在精度0.1%范围内 5、立即Acuview2上和HMI上检查交流电相电压Vab，Vac、Vbc、Vllavg测量值全为0V 6, 反复执行步骤2~5， 5次。功能正常 | H12: LV4 | K12: v1.01p01 | L12: Passed | M12: 王丽红 | P12: v1.01p03 | Q12: Passed | R12: 王丽红 | U12: v1.01p04 | V12: Passed | W12: 刘丛松
B13: 线-地电压(相电压)验证 | C13: Function_AcuRev1320_002_01_case6_2 | D13: 交流电Van、Vbn、Vcn输入额定电压为(220V,220V,220V)顺序，且φA、φB、φC分别为(0°、120°、240°)，Van、Vbn、Vcn、Vlnavg测量值满足精度要求0.1% | E13: 1、Acuview2上位机 2、网线/RTU串口线 3、AcuRev1320电表 4、接线方式3E4w y y | F13: 1、连接AcuRev1320电表到Acuview2上，链接状态为connected 2、交流电源输入相电压Van、Vbn、Vcn的额定电压为220V。 3、电表相序设置为ABC，φA、φB、φC分别为(0°、120°、240°) 4、Acuview2上和HMI上检查交流电相电压Van、Vbn、Vcn、Vlnavg测量值是否满足精度要求0.1% | G13: 4、Acuview2上和HMI上检查交流电相电压均在精度范围内，范围(V):219.7800 ~ 220.2200 ， Vlnavg范围(V)：219.7800 ~ 220.2200 | H13: LV2 | I13: 是 | K13: v1.01p01 | L13: Passed | M13: 王丽红 | P13: v1.01p03 | Q13: Passed | R13: 王丽红 | U13: v1.01p04 | V13: Passed | W13: 刘丛松
B14: 线-地电压(相电压)验证 | C14: Function_AcuRev1320_002_01_case6_3 | D14: 交流电Van、Vbn、Vcn输入额定电压为(220V,220V,220V),逆序，且φA、φB、φC分别为(0°、120°、240°)，Van、Vbn、Vcn、Vlnavg测量值满足精度要求0.1% | E14: 1、Acuview2上位机 2、网线/RTU串口线 3、AcuRev1320电表 4、接线方式3E4w y y | F14: 1、连接AcuRev1320电表到Acuview2上，链接状态为connected 2、交流电源输入相电压Van、Vbn、Vcn的额定电压为220V。 3、电表相序设置为ACB，φA、φB、φC分别为(0°、120°、240°) 4、Acuview2上和HMI上检查交流电相电压Van、Vbn、Vcn、Vlnavg测量值是否满足精度要求0.1% | G14: 4、Acuview2上和HMI上检查交流电相电压均在精度范围内，范围(V):219.7800 ~ 220.2200 ， Vlnavg范围(V)：219.7800 ~ 220.2200 | H14: LV2 | I14: 是 | K14: v1.01p01 | L14: Passed | M14: 王丽红 | P14: v1.01p03 | Q14: Passed | R14: 王丽红 | U14: v1.01p04 | V14: Passed | W14: 刘丛松
B15: 线-地电压(相电压)验证 | C15: Function_AcuRev1320_002_01_case6_4 | D15: 交流电Van、Vbn、Vcn输入额定电压为(120V,120V,120V)顺序，且φA、φB、φC分别为(0°、130°、250°)，Van、Vbn、Vcn、Vlnavg测量值满足精度要求0.1% | E15: 1、Acuview2上位机 2、网线/RTU串口线 3、AcuRev1320电表 4、接线方式3E4w y y | F15: 1、连接AcuRev1320电表到Acuview2上，链接状态为connected 2、交流电源输入相电压Van、Vbn、Vcn的额定电压为120V。 3、电表相序设置为ABC，φA、φB、φC分别为(0°、130°、250°) 4、Acuview2上和HMI上检查交流电相电压Van、Vbn、Vcn、Vlnavg测量值是否满足精度要求0.1% 5、检查web页面上是否与Acuview2、HMI上交流电相电压一致，是否在范围内 | G15: 4、Acuview2上和HMI上检查交流电相电压均在精度范围内，范围(V):119.8800 ~ 120.1200 ， Vlnavg范围(V)：119.8800 ~ 120.1200 5、检查web页面上与Acuview2、HMI上交流电相电压一致，在范围内 | H15: LV2 | I15: 是 | K15: v1.01p01 | L15: Failed | M15: 王丽红 | N15: HMI上能看到 120V 波动超出精度范围 硬件测量值存在上下波动问题，精度不够 https://accuenergy.atlassian.net/browse/A1320-499 | P15: v1.01p03 | Q15: Passed | R15: 王丽红 | U15: v1.01p04 | V15: Passed | W15: 刘丛松
B16: 线-地电压(相电压)验证 | C16: Function_AcuRev1320_002_01_case7_1 | D16: 只加电压,看电压正常精度正常， 电流测量值为0 | E16: 1、Acuview2上位机 2、网线/RTU串口线 3、AcuRev1320电表 4、接线方式3E4w y y | F16: 1、连接AcuRev1320电表到Acuview2上，链接状态为connected 2、交流电源输入相电压Van、Vbn、Vcn的额定电压为120V。 3、电表相序设置为ABC，φA、φB、φC分别为(0°、240°、120°) 4、电表未接电流。 5、Acuview2上和HMI上检查交流电相电压Van、Vbn、Vcn、Vlnavg测量值是否满足精度要求0.1% 6、ABC三相, 输入通道input1-3、电流是否均为0A | G16: 5、Acuview2上和HMI上检查交流电相电压Van、Vbn、Vcn、Vlnavg测量值满足精度要求0.1% 6、ABC三相, 输入通道input1-3电流均为0A | H16: LV3 | K16: v1.01p01 | L16: Failed | M16: 王丽红 | N16: ARF-509 电压有值，电流为0时，功率和PF值一直在波动 | P16: v1.01p03 | Q16: Passed | R16: 王丽红 | U16: v1.01p04 | V16: Passed | W16: 刘丛松
B17: 线-地电压(相电压)验证 | C17: Function_AcuRev1320_002_01_case7_2 | D17: 电压为0，只加电流, 电流测量值正常，但不计算夹角、功率、能量；电压为10V，电流测量值正常，且计算夹角、功率、能量 | E17: 1、Acuview2上位机 2、网线/RTU串口线 3、AcuRev1320电表 4、接线方式3E4w y y | F17: 1、连接AcuRev1320电表到Acuview2上，链接状态为connected 2、交流电源输入相电压Van、Vbn、Vcn的额定电压为0V。 3、电表相序设置为ABC，φA、φB、φC分别为(0°、240°、120°) 4、input1-3 设置为3A 5、Acuview2上和HMI上检查交流电相电压Van、Vbn、Vcn、Vlnavg测量值是否为0V。 6、ABC三相, 输入通道input1-3电流均为3A 7、交流电源输入相电压Van、Vbn、Vcn的额定电压为10V。 8、电表相序设置为ABC，φA、φB、φC分别为(0°、240°、120°) 9、input1-3 设置为3A 10、ABC三相, 输入通道input1-3电流均为3A | G17: 5、Acuview2上和HMI上检查交流电相电压Van、Vbn、Vcn、Vlnavg测量值为0V 6、ABC三相, 输入通道input1-3、均为3A，同时功率、夹角、能量不计算 10、ABC三相, 输入通道input1-3、电流均为3A，同时计算功率、夹角、能量 | H17: LV3 | K17: v1.01p01 | L17: Failed | M17: 王丽红 | N17: ARF-506 电压小于10V时，测量为0V，不计算功率，目前是计算的 | P17: v1.01p03 | Q17: Passed | R17: 王丽红 | U17: v1.01p04 | V17: Passed | W17: 刘丛松
B18: 线-地电压(相电压)验证 | C18: Function_AcuRev1320_002_01_case7_3 | D18: 电表接入电压线束，但交流源没有开机的情况下，电表可以测试到电压值为0V | E18: 1、Acuview2上位机 2、网线/RTU串口线 3、AcuRev1320电表 4、接线方式3E4w y y | F18: 1、电表接入电压线束，但交流源没有开机的情况下， 2、检查电表可以测试到电压值是否为0V | G18: 2、检查电表可以测试到电压值为0V | H18: LV3 | K18: v1.01p01 | L18: Passed | M18: 王丽红 | P18: v1.01p03 | Q18: Passed | R18: 王丽红 | U18: v1.01p04 | V18: Passed | W18: 刘丛松
B19: 线-地电压(相电压)验证 | C19: Function_AcuRev1320_002_01_case8 | D19: 交流电Van、Vbn、Vcn输入额定电压分别均为480V （电气规格支持的最大相电压480V）,测量Van、Vbn、Vcn、Vlnavg满足精度要求0.1% | E19: 1、Acuview2上位机 2、网线/RTU串口线 3、AcuRev1320电表 4、接线方式3E4w y y | F19: 1、连接AcuRev1320电表到Acuview2上，链接状态为connected 2、交流电源输入相电压Van、Vbn、Vcn的额定电压为480V。 3、Acuview2上和HMI上检查交流电相电压是否均在精度范围内， Van、Vbn、Vcn范围(V):479.52 ~ 480.48， Vlnavg范围(V)：479.52 ~ 480.48 4、检查web页面与Acuview2、HMI上交流电相电压是否一致，是否均在精度范围内 | G19: 3、Acuview2上和HMI上检查交流电相电压均在精度范围内，范围(V):Van、Vbn、Vcn范围(V):479.52 ~ 480.48， Vlnavg范围(V)：479.52 ~ 480.48 4、 以上步骤中，检查web页面与Acuview2、HMI上交流电相电压一致，均在精度范围内 | H19: LV2 | K19: v1.01p01 | L19: Failed | M19: 王丽红 | N19: 当前版本480V会报过压，v1.01p03已修复 | P19: v1.01p03 | Q19: Passed | R19: 王丽红 | U19: v1.01p04 | V19: Passed | W19: 刘丛松 | Z19: v1.01p05 | AA19: Passed | AB19: 刘静茹
B20: 线-线电压(线电压)验证 | C20: Function_AcuRev1320_002_02_case1 | D20: 交流电Van、Vbn、Vcn均输入电压69V和120V, 测量Vab，Vac、Vbc、Vllavg精度均满足要求0.1% | E20: 1、Acuview2上位机 2、网线/RTU串口线 3、AcuRev1320电表 4、接线方式3E4w y y | F20: 1、连接AcuRev1320电表到Acuview2上，链接状态为connected 2、交流电源输入相电压Van、Vbn、Vcn的额定电压为69V。 3、Acuview2上和HMI上检查交流电相电压是否均在精度范围内，范围(V):119.388492 ~ 119.627508， Vllavg范围(V)：119.388492 ~ 119.627508 4、交流电源输入相电压Van、Vbn、Vcn的额定电压为120V。 5、Acuview2上和HMI上检查交流电相电压是否均在精度范围内，范围(V):207.63216 ~ 208.04784， Vllavg范围(V)：207.63216 ~ 208.04784 6、以上步骤中，检查web页面是否与Acuview2上、hmi数据保持一致，是否均在范围内 | G20: 3、Acuview2上和HMI上检查交流电相电压均在精度范围内，范围(V):119.388492 ~ 119.627508， Vllavg范围(V)：119.388492 ~ 119.627508 5、Acuview2上和HMI上检查交流电相电压均在精度范围内，范围(V):207.63216 ~ 208.04784， Vllavg范围(V)：207.63216 ~ 208.04784 6、以上步骤中，检查web页面与Acuview2上、hmi数据保持一致，均在范围内 | H20: LV0 | I20: 是 | J20: Y | K20: v1.01p01 | L20: Failed | M20: 王丽红 | N20: 硬件测量值存在上下波动问题，精度不够 https://accuenergy.atlassian.net/browse/A1320-499 | P20: v1.01p03 | Q20: Passed | R20: 王丽红 | U20: v1.01p04 | V20: Failed | W20: 刘丛松 | X20: web页面存在BUG（无法登录），已有问题单：A1320-805 | Z20: v1.01p05 | AA20: Passed | AB20: 刘静茹
B21: 线-线电压(线电压)验证 | C21: Function_AcuRev1320_002_02_case2 | D21: 交流电Van、Vbn、Vcn均输入电压230V和347V,测量Vab，Vac、Vbc、Vllavg精度均满足要求0.1% | E21: 1、Acuview2上位机 2、网线/RTU串口线 3、AcuRev1320电表 4、接线方式3E4w y y | F21: 1、连接AcuRev1320电表到Acuview2上，链接状态为connected 2、交流电源输入相电压Van、Vbn、Vcn的额定电压为230V。 3、Acuview2上和HMI上检查交流电相电压是否均在精度范围内，范围(V):397.96164 ~ 398.75836， Vllavg范围(V)：397.96164 ~ 398.75836 4、交流电源输入相电压Van、Vbn、Vcn的额定电压为。 5、Acuview2上和HMI上检查交流电相电压是否均在精度范围内347，范围(V):600.402996 ~ 601.605004， Vllavg范围(V)：600.402996 ~ 601.605004 6、以上步骤中，检查web页面是否与Acuview2上、hmi数据保持一致，是否均在范围内 | G21: 3、Acuview2上和HMI上检查交流电相电压均在精度范围内，范围(V):397.96164 ~ 398.75836， Vllavg范围(V)：397.96164 ~ 398.75836 5、Acuview2上和HMI上检查交流电相电压均在精度范围内347，范围(V):600.402996 ~ 601.605004， Vllavg范围(V)：600.402996 ~ 601.605004 6、以上步骤中，检查web页面与Acuview2上、hmi数据保持一致，均在范围内 | H21: LV1 | I21: 是 | J21: Y | K21: v1.01p01 | L21: Passed | M21: 王丽红 | P21: v1.01p03 | Q21: Passed | R21: 王丽红 | U21: v1.01p04 | V21: Passed | W21: 刘丛松
B22: 线-线电压(线电压)验证 | C22: Function_AcuRev1320_002_02_case3 | D22: 交流电Van、Vbn、Vcn均输入启动电压10.2V、20V,电表有测量值，测量Vab，Vac、Vbc、Vllavg精度没有要求 | E22: 1、Acuview2上位机 2、网线/RTU串口线 3、AcuRev1320电表 4、接线方式3E4w y y | F22: 1、连接AcuRev1320电表到Acuview2上，链接状态为connected 2、交流电源输入相电压Van、Vbn、Vcn的额定电压为10.2V。 3、Acuview2上和HMI上检查交流电线电压是否有测量显示， 精度没有要求 4、交流电源输入相电压Van、Vbn、Vcn的额定电压为20V。 5、Acuview2上和HMI上检查交流电线电压是否有测量显示, 精度没有要求 | G22: 3、Acuview2上和HMI上检查交流电线电压有测量显示，精度没有要求 5、Acuview2上和HMI上检查交流电线电压有测量显示，精度没有要求 | H22: LV3 | I22: 是 | J22: Y | K22: v1.01p01 | L22: Passed | M22: 王丽红 | P22: v1.01p03 | Q22: Passed | R22: 王丽红 | U22: v1.01p04 | V22: Passed | W22: 刘丛松
B23: 线-线电压(线电压)验证 | C23: Function_AcuRev1320_002_02_case4 | D23: 交流电Van、Vbn、Vcn均输入电压0V，1V，9V,电表Vab，Vac、Vbc、Vllavg无测量值 | E23: 1、Acuview2上位机 2、网线/RTU串口线 3、AcuRev1320电表 4、接线方式3E4w y y | F23: 1、连接AcuRev1320电表到Acuview2上，链接状态为connected 2、交流电源输入相电压Van、Vbn、Vcn的额定电压为0V。 3、Acuview2上和HMI上检查交流电线电压是否为0V 4、交流电源输入相电压Van、Vbn、Vcn的额定电压为1V。 5、Acuview2上和HMI上检查交流电线电压是否为0V 6、交流电源输入相电压Van、Vbn、Vcn的额定电压为9V。 7、Acuview2上和HMI上检查交流电线电压是否为0V 6、以上步骤中，检查web页面数据是否符合要求 | G23: 3、5、7、Acuview2上和HMI上检查交流电线电压为0V 6、以上步骤中，检查web页面数据符合要求 | H23: LV3 | I23: 是 | J23: Y | K23: v1.01p01 | L23: Passed | M23: 王丽红 | P23: v1.01p03 | Q23: Passed | R23: 王丽红 | U23: v1.01p04 | V23: Failed | W23: 刘丛松 | X23: web页面存在BUG（无法登录），已有问题单：A1320-805
B24: 线-线电压(线电压)验证 | C24: Function_AcuRev1320_002_02_case5 | D24: 交流电Van、Vbn、Vcn输入额定电压为(69V,120V,230V), θA、θB、θC分别为(0°、60°、120°)测量Vab，Vac、Vbc、Vllavg满足精度要求0.1% | E24: 1、Acuview2上位机 2、网线/RTU串口线 3、AcuRev1320电表 4、接线方式3E4w y y | F24: 1、连接AcuRev1320电表到Acuview2上，链接状态为connected 2、交流电源输入相电压Van、Vbn、Vcn的电压为(69V,120V,230V), θA、θB、θC分别为(0°、60°、120°)。 3、Acuview2上和HMI上检查交流电相电压是否均在精度范围内， 4、以上步骤中，检查web页面数据是否符合要求 | G24: 3、Acuview2上和HMI上检查交流电相电压均在精度范围内 4、以上步骤中，检查web页面数据符合要求 备注: 也可以使用excel公式计算任意角度和电压的线电压。 | H24: LV2 | K24: v1.01p01 | L24: Passed | M24: 王丽红 | P24: v1.01p03 | Q24: Passed | R24: 王丽红 | U24: v1.01p04 | V24: Passed | W24: 刘丛松 | Z24: v1.01p05 | AA24: Passed | AB24: 刘静茹
B25: 线-线电压(线电压)验证 | C25: Function_AcuRev1320_002_02_case6_1 | D25: 交流电Van、Vbn、Vcn输入额定电压为(120V,120V,120V),逆序，且φA、φB、φC分别为(0°、260°、140°)，Vab、Vac、Vbc、Vllavg测量值满足精度要求0.1% | E25: 1、Acuview2上位机 2、网线/RTU串口线 3、AcuRev1320电表 4、接线方式3E4w y y | F25: 1、连接AcuRev1320电表到Acuview2上，链接状态为connected 2、交流电源输入相电压Van、Vbn、Vcn的额定电压为120V。 3、电表相序设置为ACB，φA、φB、φC分别为(0°、260°、140°) 4、Acuview2上和HMI上检查交流电相电压Vab、Vac、Vbc、Vllavg测量值是否满足精度要求0.1% | G25: 4、Acuview2上和HMI上检查交流电相电压均在精度范围内，详细如下: Vab：183.8507 183.6668 ~ 184.0345 Vcb：207.8461 207.6383 ~ 208.0539 Vca：225.5262 225.3007 ~ 225.7518 Vlnavg：205.7410 205.5353 ~ 205.9467 | H25: LV2 | I25: 是 | K25: v1.01p01 | L25: Passed | M25: 王丽红 | P25: v1.01p03 | Q25: Passed | R25: 王丽红 | U25: v1.01p04 | V25: Passed | W25: 刘丛松 | Z25: v1.01p05 | AA25: Passed | AB25: 刘静茹
B26: 线-线电压(线电压)验证 | C26: Function_AcuRev1320_002_02_case6_2 | D26: 交流电Van、Vbn、Vcn输入额定电压为(220V,220V,220V),顺序，且φA、φB、φC分别为(0°、260°、140°)，Vab、Vac、Vbc、Vllavg测量值满足精度要求0.1% | E26: 1、Acuview2上位机 2、网线/RTU串口线 3、AcuRev1320电表 4、接线方式3E4w y y | F26: 1、连接AcuRev1320电表到Acuview2上，链接状态为connected 2、交流电源输入相电压Van、Vbn、Vcn的额定电压为120V。 3、电表相序设置为ABC，φA、φB、φC分别为(0°、260°、140°) 4、Acuview2上和HMI上检查交流电相电压Vab、Vac、Vbc、Vllavg测量值是否满足精度要求0.1% | G26: 4、Acuview2上和HMI上检查交流电相电压均在精度范围内，详细如下: 备注: 也可以使用excel公式计算任意角度和电压的线电压。 | H26: LV2 | I26: 是 | K26: v1.01p01 | L26: Passed | M26: 王丽红 | P26: v1.01p03 | Q26: Passed | R26: 王丽红 | U26: v1.01p04 | V26: Passed | W26: 刘丛松 | Z26: v1.01p05 | AA26: Passed | AB26: 刘静茹
B27: 线-线电压(线电压)验证 | C27: Function_AcuRev1320_002_02_case7 | D27: 交流电Van、Vbn、Vcn输入额定电压分别均为479.2V （电气规格支持的最大线电压830）,测量Vab、Vac、Vbc、Vllavg测量值满足精度要求0.1% | E27: 1、Acuview2上位机 2、网线/RTU串口线 3、AcuRev1320电表 4、接线方式3E4w y y | F27: 1、连接AcuRev1320电表到Acuview2上，链接状态为connected 2、交流电源输入相电压Van、Vbn、Vcn的额定电压为479.2V 3、电表相序设置为ABC，φA、φB、φC分别为(0°、240°、120°) 4、Acuview2上和HMI上检查交流电相电压Vab、Vac、Vbc、Vllavg测量值是否满足精度要求0.1% | G27: 4、Acuview2上和HMI上检查交流电相电压均在精度范围内，详细如下: Vab：829.8255 828.9957 ~ 830.6554 Vcb：829.8255 828.9957 ~ 830.6554 Vca：829.8255 828.9957 ~ 830.6554 Vlnavg：829.8255 828.9957 ~ 830.6554 | H27: LV2 | K27: v1.01p01 | L27: Passed | M27: 王丽红 | P27: v1.01p03 | Q27: Passed | R27: 王丽红 | U27: v1.01p04 | V27: Passed | W27: 刘丛松 | Z27: v1.01p05 | AA27: Passed | AB27: 刘静茹
B28: 聚合页面的电压测量值验证 | C28: Function_AcuRev1320_002_03_case1 | D28: 交流电Van、Vbn、Vcn 输入电压120V，验证上位机Real-time 聚合数据的各个页面，Va、Vb、Vc、VlnAvg、Vab、Vac、Vca、Vllavg测量正常 | E28: 1、Acuview2上位机 2、网线/RTU串口线 3、AcuRev1320电表 4、接线方式3E4w y | F28: 1、连接AcuRev1320电表到Acuview2上，链接状态为connected 2、交流电源输入相电压Van、Vbn、Vcn的额定电压为120V。 3、等待4小时 4、 检查检查Real-Time Metering （200ms）、Real-Time Metering （3s）、Real-Time Metering （10min）、Real-Time Metering （2hr）、High-Speed Metering 页面的Va、Vb、Vc、VlnAvg、Vab、Vac、Vca、Vllavg测量值 | G28: 4、 各个页面相电压及其平均值测量值均为120V；线电压及其平均值为207.846V 备注： 除了200ms页面，其他页面没有精度要求，测量值接近不能偏离太远 | H28: LV2 | K28: v1.01p01 | L28: Failed | M28: 王丽红 | N28: 10min和2h的线电压刷新不符合预期 | P28: v1.01p03 | Q28: Failed | R28: 王丽红 | S28: 10min和2h的线电压刷新不符合预期 https://accuenergy.atlassian.net/browse/A1320-555 给曲工提示一下，显示实现还是有问题 | U28: v1.01p04 | V28: Passed | W28: 刘丛松 | Z28: v1.01p05 | AA28: Passed | AB28: 刘静茹
B29: 聚合页面的电压测量值验证 | C29: Function_AcuRev1320_002_03_case2 | D29: 交流电Van、Vbn、Vcn 输入电压120V，验证上位机Real-Time Metering （10min）页面的刷新逻辑 | E29: 1、Acuview2上位机 2、网线/RTU串口线 3、AcuRev1320电表 4、接线方式3E4w y | F29: 1、连接AcuRev1320电表到Acuview2上，链接状态为connected 2、配置电表时间为任意日期的10:05 3、交流电源输入相电压Van、Vbn、Vcn的额定电压为120V。 4、10:10时检查上位机的Real-Time Metering （10min）页面 5、交流电源输入相电压Van、Vbn、Vcn的额定电压为150V。 6、10:20时检查上位机的Real-Time Metering （10min）页面 | G29: 4、 Real-Time Metering （10min）页面相电压及其平均值测量值均为120V；线电压及其平均值为207.846V 6、 Real-Time Metering （10min）页面相电压及其平均值测量值均为150V；线电压及其平均值为259.8076V 备注： 除了200ms页面，其他页面没有精度要求，测量值接近不能偏离太远 | H29: LV2 | Q29: Passed | U29: v1.01p04 | V29: Passed | W29: 刘丛松 | Z29: v1.01p05 | AA29: Passed | AB29: 刘静茹
B30: 聚合页面的电压测量值验证 | C30: Function_AcuRev1320_002_03_case3 | D30: 交流电Van、Vbn、Vcn 输入电压120V，验证上位机Real-Time Metering （2hr）页面的刷新逻辑 | E30: 1、Acuview2上位机 2、网线/RTU串口线 3、AcuRev1320电表 4、接线方式3E4w y | F30: 1、连接AcuRev1320电表到Acuview2上，链接状态为connected 2、配置电表时间为任意日期的10:05 3、交流电源输入相电压Van、Vbn、Vcn的额定电压为120V。 4、10:10时检查上位机的Real-Time Metering （10min）页面 5、12:10时检查上位机的Real-Time Metering （10min）页面 | G30: 4、 Real-Time Metering （10min）页面相电压及其平均值测量值均为120V；线电压及其平均值为207.846V 5、 Real-Time Metering （2hr）页面相电压及其平均值测量值均为150V；线电压及其平均值为259.8076V | H30: LV2 | U30: v1.01p04 | V30: Unavailable | W30: 刘丛松 | X30: 测试时间大于4H，长时间测试用例，暂未挂测 | Z30: v1.01p05 | AA30: Passed | AB30: 刘静茹
A31: cc | B31: 相电流测量验证 | C31: Function_AcuRev1320_003_01_case1 | D31: CT选型5A/333mV，3E4WY，输入三路电流分别为(5A、5A，5A)，在上位机上分别配置为对应A相、B相、C相，测量Ia,Ib,Ic,Iavg满足精度0.1% | E31: 1、Acuview2上位机 2、网线/RTU串口线 3、AcuRev1320电表 4、接线方式3E4w y y | F31: 1、连接AcuRev1320电表到Acuview2上，链接状态为connected 2、输入三路电流分别为(5A、5A，5A)，在上位机上分别配置为对应A相、B相、C相 3、Acuview2上和HMI上检查交流电相电流是否均在精度0.1%范围内 4、检查web页面上，电流数据是否与Acuview2、HMI一致，是否均在范围内 | G31: 3、Acuview2上和HMI上检查交流电相电流均在精度范围内 4、检查web页面上，电流数据与Acuview2、HMI一致，均在范围内 Ia： 4.995 ~ 5.005 Ib: 4.995 ~ 5.005 Ic: 4.995 ~ 5.005 Iavg: 4.995 ~ 5.005 | H31: LV0 | I31: 是 | J31: Y | K31: v1.01p01 | L31: Passed | M31: 王丽红 | P31: v1.01p03 | Q31: Passed | R31: 王丽红 | U31: v1.01p04 | V31: Passed | W31: 刘丛松 | Z31: v1.01p05 | AA31: Passed | AB31: 刘静茹
B32: 相电流测量验证 | C32: Function_AcuRev1320_003_01_case2 | D32: CT选型5A/333mV，输入三路电流分别为（0.05，0.05，0.05）,在上位机上分别配置为对应A相、B相、C相，测量Ia,Ib,Ic,Iavg满足精度0.1% | E32: 1、Acuview2上位机 2、网线/RTU串口线 3、AcuRev1320电表 4、接线方式3E4w y y | F32: 1、连接AcuRev1320电表到Acuview2上，链接状态为connected 2、输入三路电流分别为（0.05，0.05，0.05）,在上位机上分别配置为对应A相、B相、C相。 3、Acuview2上和HMI上检查交流电相电流是否均在精度0.1%范围内 | G32: 3、Acuview2上和HMI上检查交流电相电流均在精度范围内 Ia： 0.04995 ~ 0.05005 Ib: 0.04995 ~ 0.05005 Ic: 0.04995 ~ 0.05005 Iavg: 0.04995 ~ 0.05005 | H32: LV0 | I32: 是 | J32: Y | K32: v1.01p01 | L32: Passed | M32: 王丽红 | P32: v1.01p03 | Q32: Passed | R32: 王丽红 | U32: v1.01p04 | V32: Passed | W32: 刘丛松 | Z32: v1.01p05 | AA32: Passed | AB32: 刘静茹
B33: 相电流测量验证 | C33: Function_AcuRev1320_003_01_case3 | D33: CT选型5A/333mV，输入一路电流分别为（6A），在上位机均配置为对应A相，测量Ia,Ib,Ic,Iavg满足精度0.1% | E33: 1、Acuview2上位机 2、网线/RTU串口线 3、AcuRev1320电表 4、接线方式3E4w y y | F33: 1、连接AcuRev1320电表到Acuview2上，链接状态为connected 2、输入一路电流分别为（6A），在上位机均配置为对应A相 3、Acuview2上和HMI上检查交流电相电流是否均在精度0.1%范围内 | G33: 3、Acuview2上和HMI上检查交流电相电流均在精度范围内 Ia： 5.994 ~ 6.006 Ib: 0 ~ 0 Ic: 0 ~ 0 Iavg: 1.998 ~ 2.002 | H33: LV1 | I33: 是 | K33: v1.01p01 | L33: Passed | M33: 王丽红 | P33: v1.01p03 | Q33: Passed | R33: 王丽红 | U33: v1.01p04 | V33: Passed | W33: 刘丛松
B34: 相电流测量验证 | C34: Function_AcuRev1320_003_01_case4 | D34: CT选型5A/333mV，输入两路电流分别为(4A、5A),在上位机均配置为对应B相和C相，测量Ia,Ib,Ic,Iavg满足精度0.1% | E34: 1、Acuview2上位机 2、网线/RTU串口线 3、AcuRev1320电表 4、接线方式3E4w y y | F34: 1、连接AcuRev1320电表到Acuview2上，链接状态为connected 2、输入两路电流分别为(4A、5A),在上位机均配置为对应B相和C相。 3、Acuview2上和HMI上检查交流电相电流是否均在精度0.1%范围内 | G34: 3、Acuview2上和HMI上检查交流电相电流均在精度范围内 Ia： 0 ~ 0 Ib: 3.996 ~ 4.004 Ic: 4.995 ~ 5.005 Iavg: 2.997 ~ 3.003 | H34: LV1 | I34: 是 | K34: v1.01p01 | L34: Failed | M34: 王丽红 | N34: ARF-509 电压有值，电流为0时，功率和PF值一直在波动 | P34: v1.01p03 | Q34: Passed | R34: 王丽红 | U34: v1.01p04 | V34: Passed | W34: 刘丛松 | Z34: v1.01p05 | AA34: Passed | AB34: 刘静茹
B35: 相电流测量验证 | C35: Function_AcuRev1320_003_01_case5 | D35: CT选型5A/333mV，输入三路电流(0.005A、0.03A、0.00375A)，在上位机上分别配置为对应A相、B相、C相，测量Ia,Ib,Ic,Iavg有显示值，无精度要求 | E35: 1、Acuview2上位机 2、网线/RTU串口线 3、AcuRev1320电表 | F35: 1、连接AcuRev1320电表到Acuview2上，链接状态为connected 2、输入三路电流(0.005A、0.03A、0.00375A)，在上位机上分别配置为对应A相、B相、C相。 3、Acuview2上和HMI上检查交流电相电流是否均在精度0.1%范围内 | G35: 3、Acuview2上和HMI上检查交流电相电流有测量数据，无精度要求。 | H35: LV2 | I35: 是 | J35: Y | K35: v1.01p01 | L35: Passed | M35: 王丽红 | P35: v1.01p03 | Q35: Passed | R35: 王丽红 | S35: HMI上0.00375.显示为0.00A；待确认是否需要显示到小数点后三位 HMI 上三位小数显示不下，已确认不做修改 | U35: v1.01p04 | V35: Passed | W35: 刘丛松 | X35: HMI上0.00375.显示为0.00A；待确认是否需要显示到小数点后三位 HMI 上三位小数显示不下，已确认不做修改
B36: 相电流测量验证 | C36: Function_AcuRev1320_003_01_case6 | D36: CT选型5A/333mV，输入三路电流(0.003A、0.00370A、0A)，在上位机上分别配置为对应A相、B相、C相，测量Ia,Ib,Ic,Iavg測量值为0 | E36: 1、Acuview2上位机 2、网线/RTU串口线 3、AcuRev1320电表 | F36: 1、连接AcuRev1320电表到Acuview2上，链接状态为connected 2、输入三路电流(0.003A、0.00370A、0A)，在上位机上分别配置为对应A相、B相、C相。 3、Acuview上检查交流电相电流是否均均为0A | G36: 3、Acuview2上和HMI上检查交流电相电流均为0A，不要求精度 2026/3/23： 截止电流为0.375的0.9倍 | H36: LV3 | I36: 是 | J36: Y | K36: v1.01p01 | L36: Failed | M36: 王丽红 | N36: 电流低于0.00375A，预期： 测量显示为0A；实际：可以测量到值https://accuenergy.atlassian.net/browse/A1320-513 | P36: v1.01p03 | Q36: Failed | R36: 王丽红 | S36: Ib 显示为0.004A A1320-513 已有问题单 | U36: v1.01p04 | V36: Passed | W36: 刘丛松 | X36: 2026/3/23： 截止电流为0.375的0.9倍，因此Ib 显示为0.004A，非问题
B37: 相电流测量验证 | C37: Function_AcuRev1320_003_01_case7 | D37: CT选型5A/333mV，输入三路电流分别为(3A、4A，5A)，顺序ABC，相角设置为(0°、240°、120°)，电表设置电流分别为Positive、Negative，在上位机上分别配置为对应A相、B相、C相，测量Ia,Ib,Ic,Iavg满足精度0.1% | E37: 1、Acuview2上位机 2、网线/RTU串口线 3、AcuRev1320电表 | F37: 1、连接AcuRev1320电表到Acuview2上，链接状态为connected 2、输入三路电流分别为(3A、4A，5A)，在上位机上分别配置为对应A相、B相、C相 3、电表上设置为顺序ABC， 相角设置为(0°、240°、120°) 4、电表设置电流方向为Positive 5、Acuview2上和HMI上检查交流电相电流是否均在精度0.1%范围内 6、电表设置电流方向为Negative 7、Acuview2上和HMI上检查交流电相电流是否均在精度0.1%范围内 8、查看web页面是否与上位机及电表保持一致 | G37: 5、Acuview2上和HMI上检查交流电相电流均在精度范围内 Ia： 2.997 ~ 3.003 Ib: 3.996 ~ 4.004 Ic: 4.995 ~ 5.005 Iavg: 3.996 ~ 4.004 6、Acuview2上和HMI上检查交流电相电流均在精度范围内 Ia：2.997 ~ 3.003 Ib: 3.996 ~ 4.004 Ic: 4.995 ~ 5.005 Iavg: 3.996 ~ 4.004 用户通道&输入通道&系统参数PF 为-1 用户通道&输入通道&系统参数有功功率P为负数 8、查看web页面与上位机及电表保持一致 | H37: LV2 | K37: v1.01p01 | L37: Passed | M37: 王丽红 | P37: v1.01p03 | Q37: Passed | R37: 王丽红 | U37: v1.01p04 | V37: Passed | W37: 刘丛松
B38: 相电流测量验证 | C38: Function_AcuRev1320_003_01_case7_1 | D38: Ia、Ib、Ic 输入电流3A，验证上位机Real-time 聚合数据的各个页面，Ia、Ib、Ic、Iavg 测量正常 | E38: 1、Acuview2上位机 2、网线/RTU串口线 3、AcuRev1320电表 4、接线方式3E4w y | F38: 1、连接AcuRev1320电表到Acuview2上，链接状态为connected 2、交流电源输入电流Ia、Ib、Ic 为3A 3、等待4小时 4、 检查检查Real-Time Metering （200ms）、Real-Time Metering （3s）、Real-Time Metering （10min）、Real-Time Metering （2hr）、High-Speed Metering 页面的Ia、Ib、Ic 、Iavg的测量值 | G38: 4、 各个页面电流及其平均值测量值均为3A 备注： 除了200ms页面，其他页面没有精度要求，测量值接近不能偏离太远 | H38: LV2 | K38: v1.01p01 | L38: Failed | M38: 王丽红 | N38: 3s、10min、2h 电流平均值刷新异常 | P38: v1.01p03 | Q38: Passed | R38: 王丽红 | U38: v1.01p04 | V38: Failed | W38: 刘丛松 | X38: 【AcuRev-1320 v1.01p04】交流电源输入三项电压120V，电流Ia、Ib、Ic 为3A，等待2小时， 检查Real-Time Metering （2hr），电表显示IC为0，phase C 功率为0，预期：电表显示IC为3A | Z38: v1.01p05 | AA38: Passed | AB38: 刘静茹
B39: 相电流测量验证 | C39: Function_AcuRev1320_003_01_case8_1 | D39: CT选型RCT16-100A类型，3E4w y y输入三路电流分别为(10A、10A，10A)，顺序ABC，相角设置为(0°、240°、120°)，在上位机上分别配置为对应A相、B相、C相，测量Ia,Ib,Ic,Iavg, input1~3满足精度 0.5% | E39: 1、Acuview2上位机 2、网线/RTU串口线 3、AcuRev1320电表 4、接线方式3E4w y y | F39: 1、连接AcuRev1320电表到Acuview2上，链接状态为connected 2、输入三路电流分别为(10A、10A，10A)，在上位机上分别配置为对应A相、B相、C相 3、电表上设置为顺序ABC， 相角设置为(0°、240°、120°) 4、电表设置电流方向为Positive 5、Acuview2上和HMI上检查交流电相电流是否均在精度0.5%范围内 6、电表设置电流方向为Negative 7、Acuview2上和HMI上检查交流电相电流是否均在精度 0.5%范围内 8、查看web页面是否与电表及上位机保持一致 | G39: 5、Acuview2上和HMI上检查交流电相电流均在精度范围内 8、查看web页面与电表及上位机保持一致 | H39: LV1 | K39: v1.01p01 | L39: Failed | M39: 王丽红 | N39: A1320-498 RCT测量未实现 | P39: v1.01p03 | Q39: Passed | R39: 王丽红 | S39: 使用333mV 检查RCT 的电流精度，覆盖50HZ和60HZ 50HZ： 0.15015A 60HZ：0.18018A | U39: v1.01p04 | V39: Failed | W39: 刘丛松 | X39: web页面存在BUG（无法登录），已有问题单：A1320-805 | Z39: v1.01p05 | AA39: Passed | AB39: 刘静茹
B40: 相电流测量验证 | C40: Function_AcuRev1320_003_01_case8_2 | D40: CT选型RCT16-500A类型，3E4w y y输入三路电流分别为(25A、25A，25A)，顺序ABC，相角设置为(0°、240°、120°)，在上位机上分别配置为对应A相、B相、C相，测量Ia,Ib,Ic,Iavg, input1~3满足精 0.5% | E40: 1、Acuview2上位机 2、网线/RTU串口线 3、AcuRev1320电表 4、接线方式3E4w y y | F40: 1、连接AcuRev1320电表到Acuview2上，链接状态为connected 2、输入三路电流分别为(25A、25A，25A)，在上位机上分别配置为对应A相、B相、C相 3、电表上设置为顺序ABC， 相角设置为(0°、240°、120°) 4、电表设置电流方向为Positive 5、Acuview2上和HMI上检查交流电相电流是否均在精度0.5%范围内 6、电表设置电流方向为Negative 7、Acuview2上和HMI上检查交流电相电流是否均在精度0.5%范围内 8、查看web页面是否与电表及上位机保持一致 | G40: 5、Acuview2上和HMI上检查交流电相电流均在精度范围内 8、查看web页面与电表及上位机保持一致 | H40: LV1 | K40: v1.01p01 | L40: Failed | M40: 王丽红 | N40: A1320-498 RCT测量未实现 | P40: v1.01p03 | Q40: Passed | R40: 王丽红 | S40: 使用333mV 检查RCT 的电流精度，覆盖50HZ和60HZ 50HZ： 0.075075A 60HZ：0.09009A | U40: v1.01p04 | V40: Failed | W40: 刘丛松 | X40: web页面存在BUG（无法登录），已有问题单：A1320-805 | Z40: v1.01p05 | AA40: Passed | AB40: 刘静茹
B41: 相电流测量验证 | C41: Function_AcuRev1320_003_01_case8_3 | D41: CT选型RCT16-1000A类型，3E4w y y输入三路电流分别为(50A、50A，50A)，顺序ABC，相角设置为(0°、240°、120°)，在上位机上分别配置为对应A相、B相、C相，测量Ia,Ib,Ic,Iavg, input1~3满足精度0.5% | E41: 1、Acuview2上位机 2、网线/RTU串口线 3、AcuRev1320电表 4、接线方式3E4w y y | F41: 1、连接AcuRev1320电表到Acuview2上，链接状态为connected 2、输入三路电流分别为(50A、50A，50A)，在上位机上分别配置为对应A相、B相、C相 3、电表上设置为顺序ABC， 相角设置为(0°、240°、120°) 4、电表设置电流方向为Positive 5、Acuview2上和HMI上检查交流电相电流是否均在精度0.5%范围内 6、电表设置电流方向为Negative 7、Acuview2上和HMI上检查交流电相电流是否均在精度0.5%范围内 8、查看web页面是否与电表及上位机保持一致 | G41: 5、Acuview2上和HMI上检查交流电相电流均在精度范围内 8、查看web页面与电表及上位机保持一致 | H41: LV1 | K41: v1.01p01 | L41: Failed | M41: 王丽红 | N41: A1320-498 RCT测量未实现 | P41: v1.01p03 | Q41: Passed | R41: 王丽红 | S41: 使用333mV 检查RCT 的电流精度，覆盖50HZ和60HZ 50HZ： 0.075075A 60HZ：0.09009A | U41: v1.01p04 | V41: Failed | W41: 刘丛松 | X41: web页面存在BUG（无法登录），已有问题单：A1320-805 | Z41: v1.01p05 | AA41: Passed | AB41: 刘静茹
B42: 相电流测量验证 | C42: Function_AcuRev1320_003_01_case9 | D42: CT选型20A/100mA，输入三路电流分别为(0.16A、1.6A，20A),在上位机上分别配置为对应A相、B相、C相，测量Ia,Ib,Ic,Iavg满足精度0.1% | E42: 1、Acuview2上位机 2、网线/RTU串口线 3、AcuRev1320电表 | F42: 1、连接AcuRev1320电表到Acuview2上，链接状态为connected 2、输入三路电流分别为(0.16A、1.6A，20A),在上位机上分别配置为对应A相、B相、C相。 3、Acuview2上和HMI上检查交流电相电流是否均在精度0.1%范围内 4、检查web页面上显示的电流数据是否与上位机及表计上的值一致，是否均在范围内 | G42: 3、Acuview2上和HMI上检查交流电相电流均在精度范围内 Ia： 0.15984 ~ 0.16016 Ib: 1.5984 ~ 1.6016 Ic: 19.98 ~ 20.02 Iavg: 7.2388 ~7.2533 4、检查web页面上显示的电流数据与上位机及表计上的值一致，均在范围内 | H42: LV1 | I42: 是 | K42: v1.01p01 | L42: Passed | M42: 王丽红 | P42: v1.01p03 | Q42: Passed | R42: 王丽红 | U42: v1.01p04 | V42: Passed | W42: 刘丛松
B43: 相电流测量验证 | C43: Function_AcuRev1320_003_01_case10 | D43: CT选型20A/100mA，输入三路电流范围外(2.5A、2A，1A)，在上位机上分别配置为对应A相、B相、C相，断开电流输入，则Ia,Ib,Ic,Iavg值立即为0A | E43: 1、Acuview2上位机 2、网线/RTU串口线 3、AcuRev1320电表 | F43: 1、连接AcuRev1320电表到Acuview2上，链接状态为connected 1.1、Uabc 均为100V，角度为(0°, 240°，120°) 2、输入三路电流范围外(2.5A、2A，1A) 3、Acuview2上和HMI上检查交流电相电流是否均在精度0.1%范围内。 4、断开电流输入 5、Acuview2上和HMI上检查则Ia,Ib,Ic,Iavg值是否立即为0A | G43: 3、Acuview2上和HMI上检查交流电相电流均在精度0.1%范围内。 5、Acuview2上和HMI上Ia,Ib,Ic,Iavg值立即为0A | H43: LV4 | K43: v1.01p01 | L43: Passed | M43: 王丽红 | P43: v1.01p03 | Q43: Passed | R43: 王丽红 | U43: v1.01p04 | V43: Passed | W43: 刘丛松
B44: 相电流测量验证 | C44: Function_AcuRev1320_003_01_case11 | D44: CT选型20A/100mA，输入三路电流分别为(3A、4A，5A)，顺序ABC，相角设置为(0°、240°、120°)，电表设置电流为Negative，在上位机上分别配置为对应A相、B相、C相，测量Ia,Ib,Ic,Iavg满足精度0.1% | E44: 1、Acuview2上位机 2、网线/RTU串口线 3、AcuRev1320电表 | F44: 1、连接AcuRev1320电表到Acuview2上，链接状态为connected 2、输入三路电流分别为(3A、4A，5A)，在上位机上分别配置为对应A相、B相、C相 3、电表上设置为顺序ABC， 相角设置为(0°、240°、120°) 4、电表设置电流方向为Positive 5、Acuview2上和HMI上检查交流电相电流是否均在精度0.1%范围内 6、电表设置电流方向为Negative 7、Acuview2上和HMI上检查交流电相电流是否均在精度0.1%范围内 8、检查PF是否为-1， 系统PhaseABC有功功率是否为-0.3kw，-0.4kw， -0.5kw， 系统PhaseABC视在功率为0.3kw，0.4kw， 0.5kw | G44: 5、Acuview2上和HMI上检查交流电相电流均在精度范围内 Ia： 2.997 ~ 3.003 Ib: 3.996 ~ 4.004 Ic: 4.995 ~ 5.005 Iavg: 3.996 ~ 4.004 6、Acuview2上和HMI上检查交流电相电流均在精度范围内 Ia：2.997 ~ 3.003 Ib: 3.996 ~ 4.004 Ic: 4.995 ~ 5.005 Iavg: 3.996 ~ 4.004 8、检查PF为-1， 系统PhaseABC有功功率为-0.3kw，-0.4kw， -0.5kw， 系统PhaseABC视在功率为0.3kw，0.4kw， 0.5kw | H44: LV2 | K44: v1.01p01 | L44: Passed | M44: 王丽红 | P44: v1.01p03 | Q44: Passed | R44: 王丽红 | U44: v1.01p04 | V44: Passed | W44: 刘丛松
B45: 4路输入对应不同接线方式电流验证 | C45: Function_AcuRev1320_003_02_case1 | D45: CT选型5A/333mV，1E1p2w输入InputA电流为3A，测量InputA电流精度0.1% | E45: 1、Acuview2上位机 2、网线/RTU串口线 3、AcuRev1320电表 4、接线方式为1E1p2w | F45: 1、连接AcuRev1320电表到Acuview2上，链接状态为connected 2、1E1p2w输入InputA电流为3A 3、Acuview2上和HMI上检查电流InputA是否均在精度范围内 4、检查web页面中电流相关数据是否与上位机及HMI显示一致 | G45: 3、Acuview2上和HMI上检查电流InputA在精度范围内 4、检查web页面中电流相关数据与上位机及HMI显示一致 IA: 2.997 ~ 3.003 | H45: LV0 | I45: 是 | K45: v1.01p01 | L45: Passed | M45: 王丽红 | P45: v1.01p03 | Q45: Passed | R45: 王丽红 | U45: v1.01p04 | V45: Passed | W45: 刘丛松 | Z45: v1.01p05 | AA45: Passed | AB45: 刘静茹
B46: 4路输入对应不同接线方式电流验证 | C46: Function_AcuRev1320_003_02_case2 | D46: CT选型5A/333mV，2ELEMENT_3_WIRE_PHASE_1接线输入InputA、InputC电流为(3A、5A)，测量InputA、InputC电流精度0.1% | E46: 1、Acuview2上位机 2、网线/RTU串口线 3、AcuRev1320电表 4、接线方式为2ELEMENT_3_WIRE_PHASE_1接线 | F46: 1、连接AcuRev1320电表到Acuview2上，链接状态为connected 2、2ELEMENT_3_WIRE_PHASE_1接线输入InputA、InputC电流为(3A、5A) 3、Acuview2上和HMI上检查电流InputA、InputC是否均在精度范围内 4、检查web页面中电流相关数据是否与上位机及HMI显示一致 | G46: 3、Acuview2上和HMI上检查电流InputA、InputC均在精度范围内 4、检查web页面中电流相关数据与上位机及HMI显示一致 Ia: 2.997 ~ 3.003 Ic: 4.995 ~ 5.005 | H46: LV0 | I46: 是 | K46: v1.01p01 | L46: Passed | M46: 王丽红 | P46: v1.01p03 | Q46: Passed | R46: 王丽红 | U46: v1.01p04 | V46: Passed | W46: 刘丛松 | Z46: v1.01p05 | AA46: Passed | AB46: 刘静茹
B47: 4路输入对应不同接线方式电流验证 | C47: Function_AcuRev1320_003_02_case3 | D47: CT选型5A/333mV，3ELEMENT_4_WIRE_Y接线输入InputA&B&C相电流为(3A、4A，5A)，测量InputA&B&C相电流精度0.1% | E47: 1、Acuview2上位机 2、网线/RTU串口线 3、AcuRev1320电表 4、接线方式为3ELEMENT_4_WIRE_Y | F47: 1、连接AcuRev1320电表到Acuview2上，链接状态为connected 2、3ELEMENT_4_WIRE_Y接线输入InputA&B&C相电流为(3A、4A，5A) 3、Acuview2上和HMI上检查电流InputA&B&C是否均在精度范围内 | G47: 3、Acuview2上和HMI上检查电流InputA、InputB、InputC均在精度范围内， Ia: 2.997 ~ 3.003 Ib: 3.996 ~ 4.004 Ic: 4.995 ~ 5.005 | H47: LV1 | I47: 是 | K47: v1.01p01 | L47: Passed | M47: 王丽红 | P47: v1.01p03 | Q47: Passed | R47: 王丽红 | U47: v1.01p04 | V47: Passed | W47: 刘丛松 | Z47: v1.01p05 | AA47: Passed | AB47: 刘静茹
B48: 4路输入对应不同接线方式电流验证 | C48: Function_AcuRev1320_003_02_case4 | D48: CT选型5A/333mV，2 ELEMENT 3 WIRE Delta,接线输入InputA、InputC电流为(6A、6A),测量Input1~2电流精度0.1% | E48: 1、Acuview2上位机 2、网线/RTU串口线 3、AcuRev1320电表 4、接线方式为2 ELEMENT 3 WIRE Delta | F48: 1、连接AcuRev1320电表到Acuview2上，链接状态为connected 2、2 ELEMENT 3 WIRE Delta接线输入InputA、InputC，电流为(6A、6A) 3、Acuview2上和HMI上检查电流InputA、InputC是否均在精度范围内 4、检查web页面电流相关数据是否与上位机、hmi一致，均符合精度要求 | G48: 3、Acuview2上和HMI上检查电流InputA、InputC均在精度范围内， 4、检查web页面电流相关数据与上位机、hmi一致，均符合精度要求 Ia: 5.994 ~ 6.006 Ic: 5.994 ~ 6.006 | H48: LV1 | K48: v1.01p01 | L48: Passed | M48: 王丽红 | N48: 有遗留问题，Ib目前是有值的，但是上位机和HMI是否显示；接线配置模块确认 | P48: v1.01p03 | Q48: Passed | R48: 王丽红 | S48: 会计算出Ib 为6A | U48: v1.01p04 | V48: Passed | W48: 刘丛松 | Z48: v1.01p05 | AA48: Passed | AB48: 刘静茹
B49: 4路输入对应不同接线方式电流验证 | C49: Function_AcuRev1320_003_02_case5 | D49: CT选型5A/333mV，2 ELEMENT 3 WIRE Network接线输入InputA&C电流为(0.05A，0.05A)，测量InputA&C电流精度0.1% | E49: 1、Acuview2上位机 2、网线/RTU串口线 3、AcuRev1320电表 4、接线方式为2 ELEMENT 3 WIRE Network | F49: 1、连接AcuRev1320电表到Acuview2上，链接状态为connected 2、2_ELEMENT_3_WIRE_Network接线输入InputA&C(A&C相)电流为(0.05A、0.05A) 3、Acuview2上和HMI上检查电流Input1~3是否均在精度范围内 4、检查web页面电流相关数据是否与上位机、hmi一致，均符合精度要求 | G49: 3、Acuview2上和HMI上检查电流InputA&B&C均在精度范围内， 4、检查web页面电流相关数据与上位机、hmi一致，均符合精度要求 Ia: 0.04995 ~ 0.05005 Ic: 0.04995 ~ 0.05005 | H49: LV1 | K49: v1.01p01 | L49: Passed | M49: 王丽红 | P49: v1.01p03 | Q49: Passed | R49: 王丽红 | S49: HMI上电流显示小数点后两位，0.005会因为波动显示为0.01或0.00 HMI 上三位小数显示不下，已确认不做修改 | U49: v1.01p04 | V49: Passed | W49: 刘丛松
B50: 4路输入对应不同接线方式电流验证 | C50: Function_AcuRev1320_003_02_case6 | D50: CT选型5A/333mV，3 ELEMENT 4 WIRE Delta 接线输入InputA&B&C电流为(2.5A、2.5A，2.5A)，测量InputA&B&C电流精度0.1% | E50: 1、Acuview2上位机 2、网线/RTU串口线 3、AcuRev1320电表 4、接线方式为3 ELEMENT 4 WIRE Delta | F50: 1、连接AcuRev1320电表到Acuview2上，链接状态为connected 2、3ELEMENT_4_WIRE_Delta接线输入InputA&B&C电流为(2.5A、2.5A，2.5A) 3、Acuview2上和HMI上检查电流InputA&B&C是否均在精度范围内 4、检查web页面电流相关数据是否与上位机、hmi一致，均符合精度要求 | G50: 3、Acuview2上和HMI上检查电流InputA&B&C均在精度范围内， 4、检查web页面电流相关数据与上位机、hmi一致，均符合精度要求 Ia: 2.4975 ~ 2.5025 Ib: 2.4975 ~ 2.5025 Ic: 2.4975 ~ 2.5025 | H50: LV1 | K50: v1.01p01 | L50: Passed | M50: 王丽红 | P50: v1.01p03 | Q50: Passed | R50: 王丽红 | U50: v1.01p04 | V50: Passed | W50: 刘丛松 | Z50: v1.01p05 | AA50: Passed | AB50: 刘静茹
B51: 4路输入对应不同接线方式电流验证 | C51: Function_AcuRev1320_003_02_case7 | D51: CT选型5A/333mV，3 ELEMENT 4 WIRE Y 接线输入Ia、Ib、Ic 电流为(2A、3A，4A)，角度为（0，240，120）测量In 电流 | E51: 1、Acuview2上位机 2、网线/RTU串口线 3、AcuRev1320电表 4、接线方式为3 ELEMENT 4 WIRE Y | F51: 1、连接AcuRev1320电表到Acuview2上，链接状态为connected 2、3ELEMENT_4_WIRE_Y接线输入Ia、Ib、Ic 电流为(2A、3A，4A)，角度为（0，240，120） 3、Acuview2上和HMI上检查电流In的电流幅值和角度符合预期 | G51: 3、Acuview2上和HMI上检查电流Input n均在精度范围内， I_n: 1.73A 150° | H51: LV2 | K51: v1.01p01 | L51: Failed | M51: 王丽红 | N51: Calculated模式，In有效值计算未实现 | P51: v1.01p03 | Q51: Passed | R51: 王丽红 | S51: 已跟产品确认，不需要In的角度，修改用例 | U51: v1.01p04 | V51: Passed | W51: 刘丛松 | Z51: v1.01p05 | AA51: Passed | AB51: 刘静茹
B52: 4路输入对应不同接线方式电流验证 | C52: Function_AcuRev1320_003_02_case8 | D52: CT选型5A/333mV，3 ELEMENT 4 WIRE Y 接线输入Ia、Ib、Ic 电流为(3A、3A，3A)，角度为（0，240，150）测量In 电流 | E52: 1、Acuview2上位机 2、网线/RTU串口线 3、AcuRev1320电表 4、接线方式为3 ELEMENT 4 WIRE Y | F52: 1、连接AcuRev1320电表到Acuview2上，链接状态为connected 2、3ELEMENT_4_WIRE_Y接线输入Ia、Ib、Ic 电流为(3A、3A，3A)，角度为（0，240，150） 3、Acuview2上和HMI上检查电流In的电流幅值和角度符合预期 | G52: 3、Acuview2上和HMI上检查电流Input n均在精度范围内， I_n: 1.553A 225° | H52: LV2 | K52: v1.01p01 | L52: Failed | M52: 王丽红 | N52: Calculated模式，In有效值计算未实现 | P52: v1.01p03 | Q52: Passed | R52: 王丽红 | S52: 已跟产品确认，不需要In的角度，修改用例 | U52: v1.01p04 | V52: Passed | W52: 刘丛松
B53: 4路输入对应不同接线方式电流验证 | C53: Function_AcuRev1320_003_02_case9 | D53: CT选型5A/333mV，3 ELEMENT 4 WIRE Delta 接线输入Ia、Ib、Ic 电流为(2A、3A，4A)，角度为（0，240，120）测量In 电流 | E53: 1、Acuview2上位机 2、网线/RTU串口线 3、AcuRev1320电表 4、接线方式为3 ELEMENT 4 WIRE Delta | F53: 1、连接AcuRev1320电表到Acuview2上，链接状态为connected 2、3 ELEMENT 4 WIRE Delta接线输入Ia、Ib、Ic 电流为(2A、3A，4A)，角度为（0，240，120） 3、Acuview2上和HMI上检查电流In的电流幅值和角度符合预期 | G53: 3、Acuview2上和HMI上检查电流Input n均在精度范围内， I_n: 1.73A 150° | H53: LV2 | K53: v1.01p01 | L53: Failed | M53: 王丽红 | N53: Calculated模式，In有效值计算未实现 | P53: v1.01p03 | Q53: Passed | R53: 王丽红 | S53: 已跟产品确认，不需要In的角度，修改用例 | U53: v1.01p04 | V53: Passed | W53: 刘丛松 | Z53: v1.01p05 | AA53: Passed | AB53: 刘静茹
B54: 4路输入对应不同接线方式电流验证 | C54: Function_AcuRev1320_003_02_case10 | D54: CT选型5A/333mV，3 ELEMENT 4 WIRE Delta 接线输入Ia、Ib、Ic 电流为(3A、3A，3A)，角度为（0，240，150）测量In 电流 | E54: 1、Acuview2上位机 2、网线/RTU串口线 3、AcuRev1320电表 4、接线方式为3 ELEMENT 4 WIRE Delta | F54: 1、连接AcuRev1320电表到Acuview2上，链接状态为connected 2、3 ELEMENT 4 WIRE Delta接线输入Ia、Ib、Ic 电流为(3A、3A，3A)，角度为（0，240，150） 3、Acuview2上和HMI上检查电流In的电流幅值和角度符合预期 | G54: 3、Acuview2上和HMI上检查电流Input n均在精度范围内， I_n: 1.553A 225° | H54: LV2 | J54: =COUNTIFS(用例执行情况!C:C,"*'用例执行情况'!A1:T1*",用例执行情况!P:P,"v1.01p03",用例执行情况!Q:Q,"Blocked") -> 0 | K54: v1.01p01 | L54: Failed | M54: 王丽红 | N54: Calculated模式，In有效值计算未实现 | P54: v1.01p03 | Q54: Passed | R54: 王丽红 | S54: 已跟产品确认，不需要In的角度，修改用例 | U54: v1.01p04 | V54: Passed | W54: 刘丛松
B55: 4路输入对应不同接线方式电流验证 | C55: Function_AcuRev1320_003_02_case11 | D55: CT选型5A/333mV，Independent Input Channel使能，3 ELEMENT 4 WIRE Y 接线输入Ia、Ib、Ic、In 电流为(2A、3A，4A，5A)，角度（0，240，120，200）测量4路电流与平均电流精度满足预期 | E55: 1、Acuview2上位机 2、网线/RTU串口线 3、AcuRev1320电表 4、接线方式为3 ELEMENT 4 WIRE Y | F55: 1、连接AcuRev1320电表到Acuview2上，链接状态为connected 2、3ELEMENT_4_WIRE_Y接线输入Ia、Ib、Ic、In电流为(2A、3A，4A, 5A),角度（0，240，120，200） 3、Acuview2上和HMI上检查电流的幅值精度符合预期 | G55: 3、Acuview2上和HMI上检查电流Ia、Ib、Ic、In精度符合预期： Ia:1.998~2.002 A Ib:2.997~3.003 A Ic:3.996~4.004 A In:4.995~5.005A 角度与源保持一致，精度满足±0.1° | H55: LV1 | K55: v1.01p01 | L55: Blocked | M55: 王丽红 | N55: 独立通道未转测 | P55: v1.01p03 | Q55: Failed | R55: 王丽红 | S55: 独立通道模式，上位机和Web页面都没有显示电压电流的相位 A1320-500 已有问题单 | U55: v1.01p04 | V55: Passed | W55: 刘丛松 | Z55: v1.01p05 | AA55: Passed | AB55: 刘静茹
B56: 4路输入对应不同接线方式电流验证 | C56: Function_AcuRev1320_003_02_case12 | D56: CT选型20A/100mA，3ELEMENT_4_WIRE_Y接线输入InputA&B&C相电流为(5A、15A，20A)，测量Input1~3电流精度0.1% | E56: 1、Acuview2上位机 2、网线/RTU串口线 3、AcuRev1320电表 4、接线方式为3E4w y | F56: 1、连接AcuRev1320电表到Acuview2上，链接状态为connected 2、3ELEMENT_4_WIRE_Y接线输入InputA&B&C电流为(5A、15A、20A) 3、Acuview2上和HMI上检查电流InputA&B&C是否均在精度范围内 | G56: 3、Acuview2上和HMI上检查电流InputA&B&C均在精度范围内， Ia: 4.995 ~ 5.005 Ib: 14.985 ~ 15.015 Ic: 19.98 ~ 20.02 | H56: LV1 | I56: 是 | K56: v1.01p01 | L56: Failed | M56: 王丽红 | N56: https://accuenergy.atlassian.net/browse/A1320-499 | P56: v1.01p03 | Q56: Passed | R56: 王丽红 | U56: v1.01p04 | V56: Passed | W56: 刘丛松
B57: 4路输入对应不同接线方式电流验证 | C57: Function_AcuRev1320_003_02_case13 | D57: CT选型20A/100mA，3 ELEMENT 4 WIRE Delta 接线输入InputA&B&C电流为(19.2A、19.2A，19.2A)，测量InputA&B&C电流精度0.1% | E57: 1、Acuview2上位机 2、网线/RTU串口线 3、AcuRev1320电表 4、接线方式为3 ELEMENT 4 WIRE Delta | F57: 1、连接AcuRev1320电表到Acuview2上，链接状态为connected 2、3ELEMENT_4_WIRE_Y接线输入InputA&B&C电流为(19.2A、19.2A，19.2A) 3、Acuview2上和HMI上检查电流InputA&B&C是否均在精度范围内 | G57: 3、Acuview2上和HMI上检查电流Input1~3均在精度范围内， Ia: 19.1808 ~ 19.2192 Ib: 19.1808 ~ 19.2192 Ic: 19.1808 ~ 19.2192 | H57: LV1 | K57: v1.01p01 | L57: Failed | M57: 王丽红 | N57: https://accuenergy.atlassian.net/browse/A1320-499 | P57: v1.01p03 | Q57: Passed | R57: 王丽红 | U57: v1.01p04 | V57: Passed | W57: 刘丛松
B58: 4路输入对应不同接线方式电流验证 | C58: Function_AcuRev1320_003_02_case14 | D58: CT选型20A/100mA，3 ELEMENT 4 WIRE Y 接线输入Ia、Ib、Ic 电流为(8A、10A，12A)，角度为（0，240，120）测量In 电流 | E58: 1、Acuview2上位机 2、网线/RTU串口线 3、AcuRev1320电表 4、接线方式为3 ELEMENT 4 WIRE Y | F58: 1、连接AcuRev1320电表到Acuview2上，链接状态为connected 2、3ELEMENT_4_WIRE_Y接线输入Ia、Ib、Ic 电流为(8A、10A，12A)，角度为（0，240，120） 3、Acuview2上和HMI上检查电流In的电流幅值和角度符合预期 | G58: 3、Acuview2上和HMI上检查电流Input n均在精度范围内， I_n: 3.464A 150° | H58: LV2 | K58: v1.01p01 | L58: Failed | M58: 王丽红 | N58: Calculated模式，In有效值计算未实现 | P58: v1.01p03 | Q58: Passed | R58: 王丽红 | U58: v1.01p04 | V58: Passed | W58: 刘丛松
B59: 4路输入对应不同接线方式电流验证 | C59: Function_AcuRev1320_003_02_case15 | D59: CT选型20A/100mA，3 ELEMENT 4 WIRE Y 接线输入Ia、Ib、Ic 电流为(8A、8A，8A)，角度为（0，240，150）测量In 电流 | E59: 1、Acuview2上位机 2、网线/RTU串口线 3、AcuRev1320电表 4、接线方式为3 ELEMENT 4 WIRE Y | F59: 1、连接AcuRev1320电表到Acuview2上，链接状态为connected 2、3ELEMENT_4_WIRE_Y接线输入Ia、Ib、Ic 电流为(8A、8A，8A)，角度为（0，240，150） 3、Acuview2上和HMI上检查电流In的电流幅值和角度符合预期 | G59: 3、Acuview2上和HMI上检查电流Input n均在精度范围内， I_n: 4.141A 225° | H59: LV2 | K59: v1.01p01 | L59: Failed | M59: 王丽红 | N59: Calculated模式，In有效值计算未实现 | P59: v1.01p03 | Q59: Passed | R59: 王丽红 | U59: v1.01p04 | V59: Passed | W59: 刘丛松
B60: 4路输入对应不同接线方式电流验证 | C60: Function_AcuRev1320_003_02_case16 | D60: CT选型20A/100mA，3 ELEMENT 4 WIRE Delta 接线输入Ia、Ib、Ic 电流为(8A、10A，12A)，角度为（0，240，120）测量In 电流 | E60: 1、Acuview2上位机 2、网线/RTU串口线 3、AcuRev1320电表 4、接线方式为3 ELEMENT 4 WIRE Delta | F60: 1、连接AcuRev1320电表到Acuview2上，链接状态为connected 2、3 ELEMENT 4 WIRE Delta接线输入Ia、Ib、Ic 电流为(8A、10A，12A)，角度为（0，240，120） 3、Acuview2上和HMI上检查电流In的电流幅值和角度符合预期 | G60: 3、Acuview2上和HMI上检查电流Input n均在精度范围内， I_n: 3.464A 150° | H60: LV2 | K60: v1.01p01 | L60: Failed | M60: 王丽红 | N60: Calculated模式，In有效值计算未实现 | P60: v1.01p03 | Q60: Passed | R60: 王丽红 | U60: v1.01p04 | V60: Passed | W60: 刘丛松
B61: 4路输入对应不同接线方式电流验证 | C61: Function_AcuRev1320_003_02_case17 | D61: CT选型20A/100mA，3 ELEMENT 4 WIRE Delta 接线输入Ia、Ib、Ic 电流为(8A、8A，8A)，角度为（0，240，150）测量In 电流 | E61: 1、Acuview2上位机 2、网线/RTU串口线 3、AcuRev1320电表 4、接线方式为3 ELEMENT 4 WIRE Delta | F61: 1、连接AcuRev1320电表到Acuview2上，链接状态为connected 2、3 ELEMENT 4 WIRE Delta接线输入Ia、Ib、Ic 电流为(8A、8A，8A)，角度为（0，240，150） 3、Acuview2上和HMI上检查电流In的电流幅值和角度符合预期 | G61: 3、Acuview2上和HMI上检查电流Input n均在精度范围内， I_n: 4.141A 225° | H61: LV2 | K61: v1.01p01 | L61: Failed | M61: 王丽红 | N61: Calculated模式，In有效值计算未实现 | P61: v1.01p03 | Q61: Passed | R61: 王丽红 | U61: v1.01p04 | V61: Passed | W61: 刘丛松
B62: 4路输入对应不同接线方式电流验证 | C62: Function_AcuRev1320_003_02_case18 | D62: CT选型20A/100mA，Independent Input Channel使能，3 ELEMENT 4 WIRE Y 接线输入Ia、Ib、Ic、In 电流为(5A、10A，15A，20A)，角度（0，240，120，200）测量4路电流与平均电流精度满足预期 | E62: 1、Acuview2上位机 2、网线/RTU串口线 3、AcuRev1320电表 4、接线方式为3 ELEMENT 4 WIRE Y | F62: 1、连接AcuRev1320电表到Acuview2上，链接状态为connected 2、3ELEMENT_4_WIRE_Y接线输入Ia、Ib、Ic、In电流为(5A、10A，15A, 20A),角度（0，240，120，200） 3、Acuview2上和HMI上检查电流的幅值精度符合预期 | G62: 3、Acuview2上和HMI上检查电流Ia、Ib、Ic、In精度符合预期： Ia:4.995~5.005 A Ib:9.99~10.01 A Ic:15.985~15.015 A In:19.98~20.02A Iavg: 12.4875~12.5125A 角度与源保持一致，精度满足±0.1° | H62: LV2 | K62: v1.01p01 | L62: Blocked | M62: 王丽红 | N62: 独立通道未转测 | P62: v1.01p03 | Q62: Passed | R62: 王丽红 | U62: v1.01p04 | V62: Passed | W62: 刘丛松 | X62: 源一次只能输三个角度
B63: 聚合页面的电流测量值验证 | C63: Function_AcuRev1320_003_03_case1 | D63: CT选型20A/100mA，Independent Input Channel使能，3 ELEMENT 4 WIRE Y 接线输入Ia、Ib、Ic、In 电流为(5A、10A，15A，20A)，验证上位机Real-time 聚合数据的各个页面，Ia、Ib、Ic、In、Iavg测量正常 | E63: 1、Acuview2上位机 2、网线/RTU串口线 3、AcuRev1320电表 4、接线方式3E4w y | F63: 1、连接AcuRev1320电表到Acuview2上，链接状态为connected 2、交流电源输入Ia、Ib、Ic、In电流为(5A、10A，15A, 20A) 3、等待4小时 4、 检查检查Real-Time Metering （200ms）、Real-Time Metering （3s）、Real-Time Metering （10min）、Real-Time Metering （2hr）、High-Speed Metering 页面的Ia、Ib、Ic、In、Iavg测量值 | G63: 4、 各个页面Ia、Ib、Ic、In电流为(5A、10A，15A, 20A)，Iavg为14.5A 备注： 除了200ms页面，其他页面没有精度要求，测量值接近不能偏离太远 | H63: LV2 | K63: v1.01p01 | L63: Blocked | M63: 王丽红 | N63: 独立通道未转测 | P63: v1.01p03 | Q63: Passed | R63: 王丽红 | S63: 未打开独立通道模式，但是In是测量的值，功能满足 | U63: v1.01p04 | V63: Failed | W63: 刘丛松 | X63: 【AcuRev-1320 v1.01p04】交流电源输入三项电压120V，电流Ia、Ib、Ic 为3A，等待2小时， 检查Real-Time Metering （2hr），电表显示IC为0，phase C 功率为0，预期：电表显示IC为3A | Z63: v1.01p05 | AA63: Passed | AB63: 刘静茹
A64: 交流功率 | B64: 毫伏型号CT功率及功率因素测量 | C64: Function_AcuRev1320_004_01_case1 | D64: CT选型5A/333mV，3ELEMENT_4_WIRE_Y接线输入Input1~3(A&B&C相)电流为(3A、3A、3A)，ABC电压均为69V,电压相角θ和电流相角ϕ差值为0°，测量A&B&C的P、Q、S、PF,系统P、Q、S、PF，input1~3通道P、Q、S、PF，功率精度满足0.1% | E64: 1、Acuview2上位机 2、网线/RTU串口线 3、AcuRev1320电表 4、接线方式为3E4w y | F64: 1、连接AcuRev1320电表到Acuview2上，链接状态为connected 2、Input1~3(A&B&C相)电流为(3A、3A、3A)， 电压均为69V 3、电压相角θ和电流相角ϕ差值为0° 5、Acuview2上和HMI上检查测量A&B&C、系统、input通道的P、Q、S、PF是否均在精度范围内， 6、检查web页面功率相关数据是否与上位机及电表一致，均在精度范围内 | G64: 5、Acuview2上和HMI上检查测量A&B&C、系统、input通道的P、Q、S、PF均在精度范围内0.1%。 6、检查web页面功率相关数据与上位机及电表一致，均在精度范围内 | H64: LV0 | I64: 是 | K64: v1.01p01 | L64: Failed | M64: 王丽红 | N64: 硬件测量值存在上下波动问题，精度不够 https://accuenergy.atlassian.net/browse/A1320-499 | P64: v1.01p03 | Q64: Passed | R64: 王丽红 | U64: v1.01p04 | V64: Passed | W64: 刘丛松 | Z64: v1.01p05 | AA64: Passed
B65: 毫伏型号CT功率及功率因素测量 | C65: Function_AcuRev1320_004_01_case2 | D65: CT选型5A/333mV，3ELEMENT_4_WIRE_Y接线输入Input1~3(A&B&C相)电流为(3A)，ABC电压均为120V,电压相角θ和电流相角ϕ差值为60°，测量A&B&C的P、Q、S、PF,系统P、Q、S、PF，User1通道P、Q、S、PF，input1~3通道P、Q、S、PF，功率精度满足0.15% | E65: 1、Acuview2上位机 2、网线/RTU串口线 3、AcuRev1320电表 4、接线方式为3E4w y | F65: 1、连接AcuRev1320电表到Acuview2上，链接状态为connected 2、Input1~3(A&B&C相)电流为(3A)， 电压均为120V 3、ABC电压均为120V,电压相角θ和电流相角ϕ差值为60° 5、Acuview2上和HMI上检查测量A&B&C、系统、input通道的P、Q、S、PF是否均在精度范围内， 6、检查web页面功率相关数据是否与上位机及电表一致，均在精度范围内 | G65: 5、Acuview2上和HMI上检查测量A&B&C、系统、input通道的P、Q、S、PF均在精度范围内0.15% 6、检查web页面功率相关数据与上位机及电表一致，均在精度范围内 备注: 使用Excel表格公式计算预期值 | H65: LV1 | I65: 是 | K65: v1.01p01 | L65: Failed | M65: 王丽红 | N65: 硬件测量值存在上下波动问题，精度不够 https://accuenergy.atlassian.net/browse/A1320-499 | P65: v1.01p03 | Q65: Passed | R65: 王丽红 | U65: v1.01p04 | V65: Passed | W65: 刘丛松
B66: 毫伏型号CT功率及功率因素测量 | C66: Function_AcuRev1320_004_01_case3 | D66: CT选型5A/333mV，3ELEMENT_4_WIRE_Y接线输入Input1~3(A&B&C相)电流为(2.5A)，ABC电压均为220V,电压相角θ和电流相角ϕ差值为120°，测量A&B&C的P、Q、S、PF,系统P、Q、S、PF，input1~3通道P、Q、S、PF，功率精度满足0.15% | E66: 1、Acuview2上位机 2、网线/RTU串口线 3、AcuRev1320电表 4、接线方式为3E4w y | F66: 1、连接AcuRev1320电表到Acuview2上，链接状态为connected 2、Input1~3(A&B&C相)电流为(2.5A)， 电压均为220V 3、电压相角θ和电流相角ϕ差值为120° 4、查看web页面与上位机及电表数据是否一致 5、Acuview2上和HMI上检查测量A&B&C、系统、input通道的P、Q、S、PF是否均在精度范围内 | G66: 3、Acuview2上和HMI上检查测量A&B&C、系统、input通道的P、Q、S、PF均在精度范围内0.15% 4、查看web页面与上位机及电表数据一致 | H66: LV1 | I66: 是 | K66: v1.01p01 | L66: Failed | M66: 王丽红 | N66: 硬件测量值存在上下波动问题，精度不够 https://accuenergy.atlassian.net/browse/A1320-499 | P66: v1.01p03 | Q66: Passed | R66: 王丽红 | U66: v1.01p04 | V66: Passed | W66: 刘丛松 | Z66: v1.01p05 | AA66: Passed
B67: 毫伏型号CT功率及功率因素测量 | C67: Function_AcuRev1320_004_01_case4 | D67: CT选型5A/333mV，3ELEMENT_4_WIRE_Y接线输入Input1~3(A&B&C相)电流为(6A)，ABC电压均为347V,电压相角θ和电流相角ϕ差值为36.87°,测量A&B&C的P、Q、S、PF,系统P、Q、S、PF，input1~3通道P、Q、S、PF，功率精度满足0.15% | E67: 1、Acuview2上位机 2、网线/RTU串口线 3、AcuRev1320电表 4、接线方式为3E4w y | F67: 1、连接AcuRev1320电表到Acuview2上，链接状态为connected 2、Input1~3(A&B&C相)电流为(6A)， 电压均为347V 3、电压相角θ和电流相角ϕ差值为36.87° 5、Acuview2上和HMI上检查测量A&B&C、系统、input通道的P、Q、S、PF是否均在精度范围内， | G67: 5、Acuview2上和HMI上检查测量A&B&C、系统、input通道的P、Q、S、PF均在精度范围内0.15% | H67: LV2 | I67: 是 | K67: v1.01p01 | L67: Failed | M67: 王丽红 | N67: 硬件测量值存在上下波动问题，精度不够 https://accuenergy.atlassian.net/browse/A1320-499 | P67: v1.01p03 | Q67: Passed | R67: 王丽红 | U67: v1.01p04 | V67: Passed | W67: 刘丛松
B68: 毫伏型号CT功率及功率因素测量 | C68: Function_AcuRev1320_004_01_case5 | D68: CT选型5A/333mV，3ELEMENT_4_WIRE_Y接线输入Input1~3(A&B&C相)电流为(2.5A)，ABC电压均为480V,电压相角θ和电流相角ϕ差值为0°，测量A&B&C的P、Q、S、PF,系统P、Q、S、PF，input1~3通道P、Q、S、PF，功率精度满足0.1% | E68: 1、Acuview2上位机 2、网线/RTU串口线 3、AcuRev1320电表 4、接线方式为3E4w y | F68: 1、连接AcuRev1320电表到Acuview2上，链接状态为connected 2、Input1~3(A&B&C相)电流为(2.5A)， 电压均为480V 3、电压相角θ和电流相角ϕ差值为0° 5、Acuview2上和HMI上检查测量A&B&C、系统、input通道的P、Q、S、PF是否均在精度范围内 | G68: 5、Acuview2上和HMI上检查测量A&B&C、系统、input通道的P、Q、S、PF均在精度范围内0.1% | H68: LV2 | I68: 是 | K68: v1.01p01 | L68: Failed | M68: 王丽红 | N68: 硬件测量值存在上下波动问题，精度不够 https://accuenergy.atlassian.net/browse/A1320-499 | P68: v1.01p03 | Q68: Passed | R68: 王丽红 | U68: v1.01p04 | V68: Passed | W68: 刘丛松
B69: 毫伏型号CT功率及功率因素测量 | C69: Function_AcuRev1320_004_01_case6 | D69: CT选型5A/333mV，3ELEMENT_4_WIRE_Y接线输入Input1~3(A&B&C相)电流为(3.5A)，ABC电压均为220V,电压相角θ和电流相角ϕ差值为60°,测量A&B&C的P、Q、S、PF,系统P、Q、S、PF，input1~3通道P、Q、S、PF，功率精度满足0.15% | E69: 1、Acuview2上位机 2、网线/RTU串口线 3、AcuRev1320电表 4、接线方式为3E4w y | F69: 1、连接AcuRev1320电表到Acuview2上，链接状态为connected 2、Input1~3(A&B&C相)电流为(3.5A)， 电压均为220V 3、电压相角θ和电流相角ϕ差值为60 5、Acuview2上和HMI上检查测量A&B&C、系统、input通道的P、Q、S、PF是否均在精度范围 | G69: 5、Acuview2上和HMI上检查测量A&B&C、系统、input通道的P、Q、S、PF均在精度范围内0.15%。 | H69: LV2 | I69: 是 | K69: v1.01p01 | L69: Failed | M69: 王丽红 | N69: 硬件测量值存在上下波动问题，精度不够 https://accuenergy.atlassian.net/browse/A1320-499 | P69: v1.01p03 | Q69: Passed | R69: 王丽红 | U69: v1.01p04 | V69: Passed | W69: 刘丛松 | Z69: v1.01p05 | AA69: Passed
B70: 毫伏型号CT功率及功率因素测量 | C70: Function_AcuRev1320_004_01_case7 | D70: CT选型5A/333mV，3ELEMENT_4_WIRE_Y接线输入Input1~3(A&B&C相)电流为(0.05,0.04, 0.06， 0.05)，ABC电压均为220V，电压电流相角差值为0°，测量A&B&C相、系统、input通道P、Q、S、PF，功率精度满足0.2% | E70: 1、Acuview2上位机 2、网线/RTU串口线 3、AcuRev1320电表 4、接线方式为3E4w y | F70: 1、连接AcuRev1320电表到Acuview2上，链接状态为connected 2、Input1~3(A&B&C相)电流为(0.05,0.04,0.06， 0.05)， 电压均为220V 3、电压相角θ和电流相角ϕ差值为0° 5、Acuview2上和HMI上检查测量A&B&C、系统、input通道的P、Q、S、PF是否均在精度范围内， | G70: 5、Acuview2上和HMI上检查测量A&B&C、系统、input通道的P、Q、S、PF均在精度范围内0.2% 备注: 接线方式和input对应取电压值明确后，使用excel 批量计算对应参数。 | H70: LV3 | I70: 是 | K70: v1.01p01 | L70: Failed | M70: 王丽红 | N70: 硬件测量值存在上下波动问题，精度不够 https://accuenergy.atlassian.net/browse/A1320-499 | P70: v1.01p03 | Q70: Passed | R70: 王丽红 | S70: 1. 0.04A 小于1% In 0.05A，不是检查精度的测试点 2.0.06A 也不合理，计算出来的预期功率是0.0132，实际只能显示到0.013，不知道精度到底对不对 用例修改，同时上位机如果因为小数点显示问题无法确认精度的场景，快速精度测试验证精度即可 | U70: v1.01p04 | V70: Passed | W70: 刘丛松
B71: 毫伏型号CT功率及功率因素测量 | C71: Function_AcuRev1320_004_01_case8 | D71: CT选型5A/333mV，3ELEMENT_4_WIRE_Y接线输入Input1~3(A&B&C相)电流为(0.002A、0.003A、0A)，ABC电压均为220V，电压电流相角差值为0°，测量A&B&C相、系统、input通道P、Q、S、PF，功率测量值为0 | E71: 1、Acuview2上位机 2、网线/RTU串口线 3、AcuRev1320电表 4、接线方式为3E4w y | F71: 1、连接AcuRev1320电表到Acuview2上，链接状态为connected 2、Input1~3(A&B&C相)电流为(0.002A、0.003A、0A)， 电压均为220V 3、电压相角θ和电流相角ϕ差值为0° 5、Acuview2上和HMI上检查测量A&B&C、系统、input通道的P、Q、S、PF，功率测量值是否全为0. | G71: 5、Acuview2上和HMI上检查测量A&B&C、系统、input通道的P、Q、S、PF，功率测量值无精度要求 备注：mV启动电流0.00375A，故功率为0 | H71: LV4 | I71: 是 | K71: v1.01p01 | L71: Failed | M71: 王丽红 | N71: A1320-513 mV的启动电流0.00375A为实现 | P71: v1.01p03 | Q71: Passed | R71: 王丽红 | U71: v1.01p04 | V71: Passed | W71: 刘丛松
B72: 毫伏型号CT功率及功率因素测量 | C72: Function_AcuRev1320_004_01_case9 | D72: 3ELEMENT_4_WIRE_Y接线输入Input1~3(A&B&C相)电流为(1A、1A、1A)，ABC电压均为9V，电压电流相角差值为0°，测量A&B&C相、系统、input通道P、Q、S、PF，功率测量值为0 | E72: 1、Acuview2上位机 2、网线/RTU串口线 3、AcuRev1320电表 4、接线方式为3E4w y | F72: 1、连接AcuRev1320电表到Acuview2上，链接状态为connected 2、Input1~3(A&B&C相)电流为(1A、1A、1A)， 电压均为9V 3、电压相角θ和电流相角ϕ差值为0° 5、Acuview2上和HMI上检查测量A&B&C、系统、input通道的P、Q、S、PF，功率测量值是否全为0. | G72: 5、Acuview2上和HMI上检查测量A&B&C、系统、input通道的P、Q、S、PF,功率测量值全为0. | H72: LV3 | I72: 是 | K72: v1.01p01 | L72: Failed | M72: 王丽红 | N72: A1320-506 电压小于10V，测量为0，不计算功率；未实现 | P72: v1.01p03 | Q72: Passed | R72: 王丽红 | U72: v1.01p04 | V72: Passed | W72: 刘丛松
B73: 毫伏型号CT功率及功率因素测量 | C73: Function_AcuRev1320_004_01_case10 | D73: CT选型5A/333mV, 1E1p2w输入InputA电流为3A，A电压均为120V, 电压相角θ和电流相角ϕ差值为0°，系统P、Q、S、PF，Ia通道P、Q、S、PF，功率精度满足0.1% | E73: 1、Acuview2上位机 2、网线/RTU串口线 3、AcuRev1320电表 4、接线方式为1E1p2w(A相) | F73: 1、连接AcuRev1320电表到Acuview2上，链接状态为connected 2、InputA电流为3A， 电压均为120 3、电压相角θ和电流相角ϕ差值为0° 4、Acuview2上和HMI上检查测量A&B&C、系统、input通道的P、Q、S、PF是否均在精度0.1%范围内。 | G73: 4、Acuview2上和HMI上检查测量A、系统、input通道的P、Q、S、PF均在精度范围内0.1%。 | H73: LV0 | I73: 是 | K73: v1.01p01 | L73: Failed | M73: 王丽红 | N73: 硬件测量值存在上下波动问题，精度不够 https://accuenergy.atlassian.net/browse/A1320-499 | P73: v1.01p03 | Q73: Passed | R73: 王丽红 | U73: v1.01p04 | V73: Passed | W73: 刘丛松 | Z73: v1.01p05 | AA73: Passed
B74: 毫伏型号CT功率及功率因素测量 | C74: Function_AcuRev1320_004_01_case11 | D74: CT选型5A/333mV, 1E1p2w输入InputA相电流为2.5A，A电压为120V, 电压相角θ和电流相角ϕ差值为0°,修改电流方向为Negative， 测量A的P、Q、S、PF，系统P、Q、S、PF，inputA通道P、Q、S、PF，功率精度满足0.1% | E74: 1、Acuview2上位机 2、网线/RTU串口线 3、AcuRev1320电表 4、接线方式为1E1p2w(A相) | F74: 1、连接AcuRev1320电表到Acuview2上，链接状态为connected 2、InputA电流为2.5A， 电压均为120 3、电压相角θ和电流相角ϕ差值为0° 4、InputA电流方向设置为Positive 5、Acuview2上和HMI上检查测量A、系统、input通道的P、Q、S、PF是否均在精度0.2%范围内。 6、InputA电流方向设置为Positive 7、Acuview2上和HMI上检查测量A、系统、input通道的P、Q、S、PF是否均在精度0.2%范围内。 8、查看web页面与上位机及电表数据是否一致 | G74: 5、Acuview2上和HMI上检查测量A、系统、input通道的P、Q、S、PF均在精度范围内0.1%, 且PF为1 7、Acuview2上和HMI上检查测量A、系统、input通道的P、Q、S、PF均在精度范围内0.1%, 且PF为-1 8、查看web页面与上位机及电表数据一致 | H74: LV2 | K74: v1.01p01 | L74: Failed | M74: 王丽红 | N74: 硬件测量值存在上下波动问题，精度不够 https://accuenergy.atlassian.net/browse/A1320-499 | P74: v1.01p03 | Q74: Passed | R74: 王丽红 | U74: v1.01p04 | V74: Passed | W74: 刘丛松
B75: 毫伏型号CT功率及功率因素测量 | C75: Function_AcuRev1320_004_01_case12 | D75: CT选型5A/333mV, 2 ELEMENT_3_WIRE_PHASE_1输入InputA、InputC电流为(6A 6A)，ABC电压均为120V,电压相角θ和电流相角ϕ差值为60°,测量系统P、Q、S、PF，inputA、C通道P、Q、S、PF，功率精度满足0.15% | E75: 1、Acuview2上位机 2、网线/RTU串口线 3、AcuRev1320电表 4、接线方式为2 ELEMENT_3_WIRE_PHASE_1 | F75: 1、连接AcuRev1320电表到Acuview2上，链接状态为connected 2、InputA、C电流为(6A 6A)， 电压均为120V 3、电压相角θ和电流相角ϕ差值为60°，Va VC的相角为0 240，InputA、C为300°、180° 4、Acuview2上和HMI上检查测量A&B&C、系统、input通道的P、Q、S、PF是否均在精度范围内 5、检查web页面功率相关数据是否与上位机及电表一致，均在精度范围内 | G75: 4、Acuview2上和HMI上检查测量A&B&C、系统、input通道的P、Q、S、PF均在精度范围内0.15% 5、检查web页面功率相关数据与上位机及电表一致，均在精度范围内 | H75: LV1 | K75: v1.01p01 | L75: Failed | M75: 王丽红 | N75: 硬件测量值存在上下波动问题，精度不够 https://accuenergy.atlassian.net/browse/A1320-499 | P75: v1.01p03 | Q75: Passed | R75: 王丽红 | U75: v1.01p04 | V75: Passed | W75: 刘丛松 | Z75: v1.01p05 | AA75: Passed
B76: 毫伏型号CT功率及功率因素测量 | C76: Function_AcuRev1320_004_01_case13 | D76: CT选型5A/333mV, 2 ELEMENT_3_WIRE_PHASE_1输入InputA、C电流为(6A 6A)，修改电流方向Negative，ABC电压均为69V,电压相角θ和电流相角ϕ差值为0°,测量系统P、Q、S、PF，inputA、C通道P、Q、S、PF，功率精度满足0.1% | E76: 1、Acuview2上位机 2、网线/RTU串口线 3、AcuRev1320电表 4、接线方式为2 ELEMENT_3_WIRE_PHASE_1 | F76: 1、连接AcuRev1320电表到Acuview2上，链接状态为connected 2、InputA、C电流为(6A 6A)， 电压均为69V 3、电压相角θ和电流相角ϕ差值为0°，Va Vc的相角为0 240，Input1~2为0°、240° 4、修改电流方向为Positive 5、Acuview2上和HMI上检查测量A&B&C、系统、input通道的P、Q、S、PF是否均在精度范围内 6、修改电流方向为Negative 7、Acuview2上和HMI上检查测量A&B&C、系统、input通道的P、Q、S、PF是否均在精度范围内 | G76: 5、Acuview2上和HMI上检查测量A&B&C、系统、input通道的P、Q、S、PF均在精度范围内0.1%，PF为1 7、Acuview2上和HMI上检查测量A&B&C、系统、input通道的P、Q、S、PF均在精度范围内0.1%，PF为-1 | H76: LV2 | K76: v1.01p01 | L76: Failed | M76: 王丽红 | N76: 硬件测量值存在上下波动问题，精度不够 https://accuenergy.atlassian.net/browse/A1320-499 | P76: v1.01p03 | Q76: Passed | R76: 王丽红 | U76: v1.01p04 | V76: Passed | W76: 刘丛松
B77: 毫伏型号CT功率及功率因素测量 | C77: Function_AcuRev1320_004_01_case14 | D77: CT选型5A/333mV，2_ELEMENT_3_WIRE_NetWork接线方式，输入input1~2（A、C相）电流为0.05A，ABC电压均为120V、电压和电流相角差值为60°，测量系统P、Q、S、PF、inputA、C通道P、Q、S、PF精度满足0.25% | E77: 1、Acuview2上位机 2、网线/RTU串口线 3、AcuRev1320电表 4、接线方式为2_ELEMENT_3_WIRE_NetWork | F77: 1、连接AcuRev1320电表到Acuview2上，链接状态为connected 2、Input1~2(两路电流全部选择对应VA VC)电流为(0.05A 0.05A)， 电压均为120V 3、电压相角θ和电流相角ϕ差值为60°，Va VB的相角为0 240，Input1~2为300°、180° 4、Acuview2上和HMI上检查测量A&B&C、系统、input通道的P、Q、S、PF是否均在精度范围内 5、检查web页面功率相关数据是否与上位机及电表一致，均在精度范围内 | G77: 4、Acuview2上和HMI上检查测量A&B&C、系统、input通道的P、Q、S、PF均在精度范围内0.25% 5、检查web页面功率相关数据与上位机及电表一致，均在精度范围内 | H77: LV2 | K77: v1.01p01 | L77: Failed | M77: 王丽红 | N77: 硬件测量值存在上下波动问题，精度不够 https://accuenergy.atlassian.net/browse/A1320-499 | P77: v1.01p03 | Q77: Passed | R77: 王丽红 | U77: v1.01p04 | V77: Passed | W77: 刘丛松 | Z77: v1.01p05 | AA77: Passed
B78: 毫伏型号CT功率及功率因素测量 | C78: Function_AcuRev1320_004_01_case15 | D78: CT选型5A/333mV，2_ELEMENT_3_WIRE_Delta接线方式，电流输入input1~2电流为4A 5A，ABC电压均为100V、电压和电流相角差值为0°，测量系统P、Q、S、PF精度满足0.1% | E78: 1、Acuview2上位机 2、网线/RTU串口线 3、AcuRev1320电表 4、接线方式为2_ELEMENT_3_WIRE_Delta | F78: 1、连接AcuRev1320电表到Acuview2上，连接状态为connected 2、源依旧按照Y模式输电（Ua为100V，φua为0°，Ub为100V， 短接连到电表Un，φub为240°，Uc为100V，φuc为120°），上位机配2e2P3W delta接线，I_in1为4A、0°，I_in2为0A、0°，I_in3为5A、120°，同时从源上把电流的input2和input3调换输出位置），上位机测量到的Ia和Ib分别为4A 和5A， 角度φI1~2为330°，90°。 3、Acuview2上和HMI上检查测量系统P、Q、S、PF是否均在精度范围内 4、检查web页面功率相关数据是否与上位机及电表一致，均在精度范围内 | G78: 3、Acuview2上和HMI上检查测量系统P、Q、S、PF是否均在精度范围内0.1% 4、检查web页面功率相关数据与上位机及电表一致，均在精度范围内 系统：P=1.350kwh，Q=0.000kvar，S=1.351kva，PF= 1.000 用户：Puser1=1.350kwhkwh，Quser1=0.000kwh，Suser1=1.350kva，PF= 1.000 其他user功率为0，input功率为"-" 备注计算方式： S = (Uab * Ia + Ubc * Ic) * cos(30) P = S * cos(压流角) Q= S^2 - P^2 开根号 压流角： Uab、Ubc、Uca 角度为0°、240°、120°， Ia、Ic 是330°、90°，换算Iab、Ica是 0°、120° 比较Uab和Iab、Uca和Ica的压流角是0 | H78: LV2 | K78: v1.01p01 | L78: Passed | M78: 王丽红 | P78: v1.01p03 | Q78: Passed | R78: 王丽红 | U78: v1.01p04 | V78: Passed | W78: 刘丛松 | Z78: v1.01p05 | AA78: Passed
B79: 毫伏型号CT功率及功率因素测量 | C79: Function_AcuRev1320_004_01_case16 | D79: CT选型5A/333mV，3_ELEMENT_4_WIRE_Delta接线方式，电流输入input1~3电流为5A，电压A、B、C分别输入207.8V,120V,120V、电压和电流相角差值为0°，测量系统P、Q、S、PF精度满足0.1% | E79: 1、Acuview2上位机 2、网线/RTU串口线 3、AcuRev1320电表 4、接线方式为3_ELEMENT_4_WIRE_Delta | F79: 1、连接AcuRev1320电表到Acuview2上，连接状态为connected 2。源按照三相四线Y接线A、B、C、N分别接入电表的电压接线柱中，三相电流分别接入电表的电流接线； 3.源A、B、C分别输入207.8V,120V,120V,电压夹角分别为330°，240°，60°，电流输入值分别为5A,角度分别为330°，210°，90° 4、Acuview2上和HMI上检查测量系统P、Q、S、PF是否均在精度范围内 备注：电压电流角度统一加30° | G79: 4、Acuview2上和HMI上检查测量系统P、Q、S、PF均在精度范围内0.1% 系统：P=2.0784kw，Q=0kvar，S=2.0784kva，PF=1 备注计算方式： S = (Uab * Ia + Ubc * Ic) * cos(30) P = S * cos(压流角) Q= S^2 - P^2 开根号 Uab、Ubc、Uca 角度为0°、240°、120° 换算：Iab、Ibc、Ica 角度为0°、240°、120° | H79: LV2 | K79: v1.01p01 | L79: Passed | M79: 王丽红 | P79: v1.01p03 | Q79: Passed | R79: 王丽红 | U79: v1.01p04 | V79: Passed | W79: 刘丛松 | Z79: v1.01p05 | AA79: Passed
B80: 毫伏型号CT功率及功率因素测量 | C80: Function_AcuRev1320_004_01_case17 | D80: 3ELEMENT_4_WIRE_Y接线输入Input1~3(A&B&C相)电流为(3A、4A、5A)，ABC电压均为120V,电压电流相角ϕ差值为0°,配置对应user1,无功功率算法设置“True Reactive Power”，测量A&B&C的Q,系统Q，User1通道Q，input1~3通道Q，功率精度满足0.1%；无功功率算法设置“Generic Reactive Power”，测量A&B&C的Q,系统Q，User1通道Q，input1~3通道Q，功率精度满足0.1% | E80: 1、Acuview2上位机 2、网线/RTU串口线 3、AcuRev1320电表 4、接线方式为3E4w y | F80: 1、连接AcuRev1320电表到Acuview2上，链接状态为connected 2、Input1~3(A&B&C相)电流为(3A、4A、5A)， 电压均为120 3、电压相角θ和电流相角ϕ差值为0° 4、上位机配置依次对应user1， 无功功率算法设置“True Reactive Power” 5、Acuview2上和HMI上检查测量A&B&C、系统、用户通道、input通道的Q是否均在精度范围内 PhaseA_Q: 0.00 PhaseB_Q: 0.00 PhaseC_Q: 0.00 Sys_Q: 0.00 User1_Q: 0.00 Input1_Q: 0.00 Input2_Q: 0.00 Input3_Q: 0.00 6、上位机配置依次对应user1，无功功率算法设置“Generic Reactive Power” 7、Acuview2上和HMI上检查测量A&B&C、系统、用户通道、input通道的Q是否均在精度范围内 PhaseA_Q: 0.00 PhaseB_Q: 0.00 PhaseC_Q: 0.00 Sys_Q: 0.00 User1_Q: 0.00 Input1_Q: 0.00 Input2_Q: 0.00 Input3_Q: 0.00 | G80: 5、7、Acuview2上和HMI上检查测量A&B&C、系统、用户通道、input通道的Q均在精度范围内0.1% PhaseA_Q: 0.00 PhaseB_Q: 0.00 PhaseC_Q: 0.00 Sys_Q: 0.00 User1_Q: 0.00 Input1_Q: 0.00 Input2_Q: 0.00 Input3_Q: 0.00 | H80: LV1 | I80: 是 | K80: v1.01p01 | L80: Passed | M80: 王丽红 | N80: 用例待更新 Q为0 ，没配谐波，真无功和广义无功，Q都是始终为0 | P80: v1.01p03 | Q80: Passed | R80: 王丽红 | U80: v1.01p04 | V80: Passed | W80: 刘丛松
B81: 毫伏型号CT功率及功率因素测量 | C81: Function_AcuRev1320_004_01_case18 | D81: 3ELEMENT_4_WIRE_Y接线输入Input1~3(A&B&C相)电流为(3A、4A、5A)，ABC电压均为220V,电压电流相角ϕ差值为0°,配置对应user1,三相电压叠加3次谐波(50%)，无功功率算法设置“Generic Reactive Power”，测量A&B&C的Q,系统Q，User1通道Q，input1~3通道Q，功率精度满足0.1% | E81: 1、Acuview2上位机 2、网线/RTU串口线 3、AcuRev1320电表 4、接线方式为3E4w y | F81: 1、连接AcuRev1320电表到Acuview2上，链接状态为connected 2、Input1~3(A&B&C相)电流为(3A、4A、5A)， 电压均为220 3、电压相角θ和电流相角ϕ差值为0° 4、上位机配置依次对应user1，无功功率算法设置“Generic Reactive Power” 5、Acuview2上和HMI上检查测量A&B&C、系统、用户通道、input通道的Q是否均在精度范围内 PhaseA_Q: 0.00 PhaseB_Q: 0.00 PhaseC_Q: 0.00 Sys_Q: 0.00 User1_Q: 0.00 Input1_Q: 0.00 Input2_Q: 0.00 Input3_Q: 0.00 | G81: 5、Acuview2上和HMI上检查测量A&B&C、系统、用户通道、input通道的Q均在精度范围内0.1% PhaseA_Q: 0.00 PhaseB_Q: 0.00 PhaseC_Q: 0.00 Sys_Q: 0.00 User1_Q: 0.00 Input1_Q: 0.00 Input2_Q: 0.00 Input3_Q: 0.00 | H81: LV2 | K81: v1.01p01 | L81: Passed | M81: 王丽红 | N81: 用例待更新 Q为0 ，配谐波，真无功时Q为0，广义无功时Q有值 | P81: v1.01p03 | Q81: Passed | R81: 王丽红 | U81: v1.01p04 | V81: Passed | W81: 刘丛松 | Z81: v1.01p05 | AA81: Passed
B82: 毫伏型号CT功率及功率因素测量 | C82: Function_AcuRev1320_004_01_case19 | D82: 3ELEMENT_4_WIRE_Y接线输入Input1~3(A&B&C相)电流为(3A、4A、5A)，ABC电压均为220V,电压电流相角ϕ差值为30°，无功功率算法设置“True Reactive Power”，测量A&B&C的Q,系统Q，input1~3通道Q，功率精度满足0.15% 3ELEMENT_4_WIRE_Y接线输入Input1~3(A&B&C相)电流为(3A、4A、5A)，ABC电压均为220V,电压电流相角ϕ差值为60°,三相电压叠加5次谐波(30%)，无功功率算法设置“Generic Reactive Power”，测量A&B&C的Q,系统Q，input1~3通道Q，功率精度满足0.15% | E82: 1、Acuview2上位机 2、网线/RTU串口线 3、AcuRev1320电表 4、接线方式为3E4w y | F82: 1、连接AcuRev1320电表到Acuview2上，链接状态为connected 2、Input1~3(A&B&C相)电流为(3A、4A、5A)， 电压均为220 3、电压相角θ和电流相角ϕ差值为30° 4、上位机配置依次对应user1，无功功率算法设置“Generic Reactive Power” 5、Acuview2上和HMI上检查测量A&B&C、系统、input通道的Q是否均在精度范围内, 单位:KW 6、Input1~3(A&B&C相)电流为(3A、4A、5A)， 电压均为220V 7、电压相角θ和电流相角ϕ差值为60°,三相电压叠加5次谐波(30%) 8、上位机配置依次对应user1，无功功率算法设置“Generic Reactive Power” 9、Acuview2上和HMI上检查测量A&B&C、系统、用户通道、input通道的Q是否均在精度范围内, 单位:KW | G82: 5、Acuview2上和HMI上检查测量A&B&C、系统、input通道的Q均在精度范围内0.15% PhaseA_Q: 0.32934 ~ 0.33066 PhaseB_Q: 0.43912 ~ 0.44088 PhaseC_Q: 0.5489 ~ 0.5511 Sys_Q: 1.31736 ~ 1.32264 Input1_Q: 0.32934 ~ 0.33066 Input2_Q: 0.43912 ~ 0.44088 Input3_Q: 0.5489 ~ 0.5511 9、Acuview2上和HMI上检查测量A&B&C、系统、input通道的Q均在精度范围内0.15% PhaseA_Q: 0.603690192 ~ 0.606109792 PhaseB_Q: 0.804920256 ~ 0.808146389 PhaseC_Q: 1.00615032 ~ 1.010182986 Sys_Q: 2.414760767 ~ 2.424439167 Input1_Q: 0.603690192 ~ 0.606109792 Input2_Q: 0.804920256 ~ 0.808146389 Input3_Q: 1.00615032 ~ 1.010182986 | H82: LV1 | I82: 是 | K82: v1.01p01 | L82: Passed | M82: 王丽红 | N82: 用例待更新 Q为非0值，配谐波，真无功时Q为计算的预期值，不受谐波影响，广义无功时Q小于预期值 备注： 实际广义无功时，测量到的Q应该更大一些，但是实验室源本身的影响，导致Q反而更小了 | P82: v1.01p03 | Q82: Passed | R82: 王丽红 | U82: v1.01p04 | V82: Passed | W82: 刘丛松 | Z82: v1.01p05 | AA82: Passed
B83: 毫安型号CT功率及功率因素测量 | C83: Function_AcuRev1320_004_02_case1 | D83: CT选型20A/100mA，3ELEMENT_4_WIRE_Y接线输入Input1~3(A&B&C相)电流为(2A)，ABC电压均为220V,电压电流相角差值为0°，,测量A&B&C的,系统，input1~3通道P、Q、S、PF，功率精度满足0.1% | E83: 1、Acuview2上位机 2、网线/RTU串口线 3、AcuRev1320电表 4、接线方式为3E4w y | F83: 1、连接AcuRev1320电表到Acuview2上，链接状态为connected 2、Input1~3(A&B&C相)电流为(2A)， 电压均为220V 3、电压相角θ和电流相角ϕ差值为0° 5、Acuview2上和HMI上检查测量A&B&C、系统、input通道的P、Q、S、PF是否均在精度范围内 备注测试方法：通过功率精度计算工具1计算精度范围内值和上位机上值比较 | G83: 5、Acuview2上和HMI上检查测量A&B&C、系统、input通道的P、Q、S、PF均在精度范围内0.1%。 备注测试方法：通过功率精度计算工具1计算精度范围内值和上位机上值比较 | H83: LV0 | I83: 是 | K83: v1.01p01 | L83: Failed | M83: 王丽红 | N83: 硬件测量值存在上下波动问题，精度不够 https://accuenergy.atlassian.net/browse/A1320-499 | P83: v1.01p03 | Q83: Passed | R83: 王丽红 | U83: v1.01p04 | V83: Passed | W83: 刘丛松 | Z83: v1.01p05 | AA83: Passed
B84: 毫安型号CT功率及功率因素测量 | C84: Function_AcuRev1320_004_02_case2 | D84: CT选型20A/100mA，3ELEMENT_4_WIRE_Y接线输入Input1~3(A&B&C相)电流为(10A)，ABC电压均为400V,电压相角θ和电流相角ϕ差值为36.87°，测量A&B&C的P、Q、S、PF,系统P、Q、S、PF，input1~3通道P、Q、S、PF，功率精度满足0.15% | E84: 1、Acuview2上位机 2、网线/RTU串口线 3、AcuRev1320电表 4、接线方式为3E4w y | F84: 1、连接AcuRev1320电表到Acuview2上，链接状态为connected 2、Input1~3(A&B&C相)电流为(10A)， 电压均为400V 3、电压相角θ和电流相角ϕ差值为36.87° 5、Acuview2上和HMI上检查测量A&B&C、系统、input通道的P、Q、S、PF是否均在精度范围内 备注测试方法：通过功率精度计算工具1计算精度范围内值和上位机上值比较 | G84: 5、Acuview2上和HMI上检查测量A&B&C、系统、input通道的P、Q、S、PF均在精度范围内0.15% 备注测试方法：通过功率精度计算工具1计算精度范围内值和上位机上值比较 | H84: LV2 | I84: 是 | K84: v1.01p01 | L84: Failed | M84: 王丽红 | N84: 硬件测量值存在上下波动问题，精度不够 https://accuenergy.atlassian.net/browse/A1320-499 | P84: v1.01p03 | Q84: Passed | R84: 王丽红 | U84: v1.01p04 | V84: Passed | W84: 刘丛松
B85: 毫安型号CT功率及功率因素测量 | C85: Function_AcuRev1320_004_02_case3 | D85: 3ELEMENT_4_WIRE_Y接线输入Input1~3(A&B&C相)电流为(0.025A、0.10A、0.02A)，ABC电压均为220V，电压电流相角差值为0°，测量A&B&C相、系统、input通道P、Q、S、PF，有测量值，无精度要求 | E85: 1、Acuview2上位机 2、网线/RTU串口线 3、AcuRev1320电表 4、接线方式为3E4w y | F85: 1、连接AcuRev1320电表到Acuview2上，链接状态为connected 2、Input1~3(A&B&C相)电流为(0.025A、0.10A、0.02A)， 电压均为220V 3、电压相角θ和电流相角ϕ差值为0° 5、Acuview2上和HMI上检查测量A&B&C、系统、input通道的P、Q、S、PF是否均在精度范围内 | G85: 5、Acuview2上和HMI上检查测量A&B&C、系统、input通道的P、Q、S、PF, 功率有值，无精度要求。 备注：mA电流精度最低电流为0.16A；小于start_up 0.012A 电流的一半，0.006A,将电流处理为0， 20260226: mA 的pickup 值按照需求规格取值，待更新用例 | H85: LV3 | I85: 是 | K85: v1.01p01 | L85: Passed | M85: 王丽红 | P85: v1.01p03 | Q85: Passed | R85: 王丽红 | S85: pick up 的具体值根据最新要求更新用例 | U85: v1.01p04 | V85: Passed | W85: 刘丛松
B86: 毫安型号CT功率及功率因素测量 | C86: Function_AcuRev1320_004_02_case4 | D86: 3ELEMENT_4_WIRE_Y接线输入Input1~3(A&B&C相)电流为(0.12A、0.006A、0.005A)，ABC电压均为220V，电压电流相角差值为0°，测量A&B&C相、系统、input通道P、Q、S、PF，功率测量值为0 | E86: 1、Acuview2上位机 2、网线/RTU串口线 3、AcuRev1320电表 4、接线方式为3E4w y | F86: 1、连接AcuRev1320电表到Acuview2上，链接状态为connected 2、Input1~3(A&B&C相)电流为(0.12A、0.006A、0.005A)， 电压均为220V 3、电压相角θ和电流相角ϕ差值为0° 5、Acuview2上和HMI上检查测量A&B&C、系统、input通道的P、Q、S、PF，功率测量值 | G86: 5、Acuview2上和HMI上检查测量A&B、系统、input1-2通道的P、Q、S、PF，功率均有值，没有精度要求. C相和第3路input，电流测量值为0，功率为0 备注：mA电流精度最低电流为0.16A；小于start_up 0.012A 电流的一半，0.006A,将电流处理为0， 20260226: mA 的pickup 值按照需求规格取值，换算二次侧就是0.012A，没有取一半的要求，待更新用例 2026/3/19:pick uo是0.012A，有个0.9倍的实现逻辑,此处测试用例中Iche | H86: LV3 | K86: v1.01p01 | L86: Failed | M86: 王丽红 | N86: [A1320-506] 【AcuRev-1320 v1.01p01】电压小于10V时，测量为0V，预期：不计算功率；实际：计算功率 - JIRA 在上述问题单中增加了场景 | P86: v1.01p03 | Q86: Passed | R86: 王丽红 | S86: pick uo是0.012A，源给0.011A未限制住，有个0.9倍的实现逻辑，已于产品确认，可已接受，更新用例 | U86: v1.01p04 | V86: Passed | W86: 刘丛松
B87: 毫安型号CT功率及功率因素测量 | C87: Function_AcuRev1320_004_02_case5 | D87: CT选型20A/100mA，3_ELEMENT_4_WIRE_Delta接线方式，电流输入input1~3电流为5A，电压A、B、C分别输入207.8V,120V,120V、电压和电流相角差值为0°，测量系统P、Q、S、PF精度满足0.1% | E87: 1、Acuview2上位机 2、网线/RTU串口线 3、AcuRev1320电表 4、接线方式为3_ELEMENT_4_WIRE_Delta | F87: 1、连接AcuRev1320电表到Acuview2上，连接状态为connected 2。源按照三相四线Y接线A、B、C、N分别接入电表的电压接线柱中，三相电流分别接入电表的电流接线； 3.源A、B、C分别输入207.8V,120V,120V,电压夹角分别为330°，240°，60°，电流输入值分别为5A,角度分别为330°，210°，90° 4、Acuview2上和HMI上检查测量系统P、Q、S、PF是否均在精度范围内 备注：电压电流角度统一加30° | G87: 4、Acuview2上和HMI上检查测量系统P、Q、S、PF是否均在精度范围内0.1% 系统：P=2.0784kw，Q=0kvar，S=2.0784kva，PF=1 备注计算方式： S = (Uab * Ia + Ubc * Ic) * cos(30) P = S * cos(压流角) Q= S^2 - P^2 开根号 Uab、Ubc、Uca 角度为0°、240°、120° 换算：Iab、Ibc、Ica 角度为0°、240°、120° | H87: LV2 | K87: v1.01p01 | L87: Passed | M87: 王丽红 | P87: v1.01p03 | Q87: Passed | R87: 王丽红 | U87: v1.01p04 | V87: Passed | W87: 刘丛松
B88: 聚合页面的功率及功率因数测量值验证 | C88: Function_AcuRev1320_004_03_case1 | D88: CT选型5A/333mV，3ELEMENT_4_WIRE_Y接线输入Input1~3(A&B&C相)电流为(3A、3A、3A)，ABC电压均为120V,电压相角θ和电流相角ϕ差值为0°，验证上位机Real-time 聚合数据的各个页面A&B&C&System的P、Q、S、PF,系统P、Q、S、PF，测量正常 | E88: 1、Acuview2上位机 2、网线/RTU串口线 3、AcuRev1320电表 4、接线方式为3E4w y | F88: 1、连接AcuRev1320电表到Acuview2上，链接状态为connected 2、Input1~3(A&B&C相)电流为(3A、3A、3A)， 电压均为120V 3、电压相角θ和电流相角ϕ差值为0° 4、等待4小时 5、 检查检查Real-Time Metering （200ms）、Real-Time Metering （3s）、Real-Time Metering （10min）、Real-Time Metering （2hr）、High-Speed Metering 页面的A&B&C、系统的P、Q、S、PF测量值 | G88: 5、各个页面A&B&C、系统的P、Q、S、PF测量值一致 P： 0.36 Q: 0 S: 0.36 PF：1 系统的有功和视在功率为1.08 备注： 除了200ms页面，其他页面没有精度要求，测量值接近不能偏离太远 | H88: LV2 | K88: v1.01p01 | L88: Failed | M88: 王丽红 | N88: 2h 的PF刷新异常 | P88: v1.01p03 | Q88: Passed | R88: 王丽红 | U88: v1.01p04 | V88: Failed | W88: 刘丛松 | X88: 【AcuRev-1320 v1.01p04】交流电源输入三项电压120V，电流Ia、Ib、Ic 为3A，等待2小时， 检查Real-Time Metering （2hr），电表显示IC为0，phase C 功率为0，预期：电表显示IC为3A，有功功率0.36kW | Z88: v1.01p05 | AA88: Passed
A89: 负载特性(RLC) | B89: 系统中只有一种负载类型 | C89: Function_AcuRev1320_005_01_case1 | D89: 3ELEMENT_4_WIRE_Y接线输入Input1~3(A&B&C相)电流为(10A)，电压均为100V, 电压电流相角差为0°(纯电阻负载)，,系统总负载特性、A&B&C相、input1~3通道负载特性为R | E89: 1、Acuview2上位机 2、网线/RTU串口线 3、AcuRev1320电表 4、接线方式为3E4w y | F89: 1、连接AcuRev1320电表到Acuview2上，链接状态为connected 2、Input1~3电流为(10A)， 电压均为100V 3、电压相角θ和电流相角ϕ差值为0° 4、Acuview2上和HMI上检查系统总负载特性、A&B&C相、input1~3通道负载特性是否均为R。 5、检查web页面是否与上位机及电表负载特性是否一致 | G89: 4、Acuview2上和HMI上检查系统总负载特性、A&B&C相、input1~3通道负载特性均为R。 5、检查web页面是否与上位机及电表负载特性一致 | H89: LV2 | I89: 是 | K89: v1.01p01 | L89: Failed | M89: 王丽红 | N89: 上位机的Real-Time Meterig 3s、10min的页面，Phase A的负载特性预期：显示为实际负载特性的值，实际： 显示为N/A A1320-515 | P89: v1.01p03 | Q89: Passed | R89: 刘静茹 | U89: v1.01p04 | V89: Passed | W89: 刘静茹
B90: 系统中只有一种负载类型 | C90: Function_AcuRev1320_005_01_case1_01 | D90: 电压谐波不能影响电表负载特性 | E90: 1、Acuview2上位机 2、网线/RTU串口线 3、AcuRev1320电表 4、接线方式为3E4w y | F90: 1、连接AcuRev1320电表到Acuview2上，链接状态为connected 2、Input1~3电流为(5A)， 电压均为347V，三相电压均施加2次谐波2% 3、电压相角θ和电流相角ϕ差值为0° 4、Acuview2上和HMI上检查系统总负载特性、A&B&C相、input1~3通道负载特性是否均为R。 | G90: 4.Acuview2上和HMI上检查系统总负载特性、A&B&C相、input1~3通道负载特性均为R。 | H90: LV2 | K90: v1.01p01 | L90: Passed | M90: 王丽红 | P90: v1.01p03 | Q90: Passed | R90: 刘静茹 | U90: v1.01p04 | V90: Passed | W90: 刘静茹 | Z90: v1.01p05 | AA90: Passed | AB90: 刘静茹
B91: 系统中只有一种负载类型 | C91: Function_AcuRev1320_005_01_case2 | D91: 3ELEMENT_4_WIRE_Y接线输入Input1~3(A&B&C相)电流为(10A)，电压均为100V, 电压电流相角差为180°(阻性负载),系统总负载特性、A&B&C相、input1~3通道负载特性为R | E91: 1、Acuview2上位机 2、网线/RTU串口线 3、AcuRev1320电表 4、接线方式为3E4w y | F91: 1、连接AcuRev1320电表到Acuview2上，链接状态为connected 2、Input1~3电流为(10A)， 电压均为100V 3、电压相角θ和电流相角ϕ差值为180° 4、Acuview2上和HMI上检查系统总负载特性、A&B&C相、User1通道、input1~3通道负载特性是否均为R。 5、检查web页面是否与上位机及电表负载特性是否一致 | G91: 4、Acuview2上和HMI上检查系统总负载特性、A&B&C相、input1~3通道负载特性均为R。 5、检查web页面是否与上位机及电表负载特性一致 | H91: LV1 | I91: 是 | K91: v1.01p01 | L91: Passed | M91: 王丽红 | P91: v1.01p03 | Q91: Passed | R91: 刘静茹 | U91: v1.01p04 | V91: Passed | W91: 刘静茹
B92: 系统中只有一种负载类型 | C92: Function_AcuRev1320_005_01_case3 | D92: 3ELEMENT_4_WIRE_Y接线输入Input1~3(A&B&C相)电流为(10A)，电压均为100V, 电压电流相角差为30°，系统总负载特性、A&B&C相、input1~3通道负载特性为L | E92: 1、Acuview2上位机 2、网线/RTU串口线 3、AcuRev1320电表 4、接线方式为3E4w y | F92: 1、连接AcuRev1320电表到Acuview2上，链接状态为connected 2、Input1~3电流为(10A)， 电压均为100V 3、电压相角θ和电流相角ϕ差值为30° 4、Acuview2上和HMI上检查系统总负载特性、A&B&C相、input1~3通道负载特性是否均为L。 | G92: 4、Acuview2上和HMI上检查系统总负载特性、A&B&C相、input1~3通道负载特性均为L。 | H92: LV0 | I92: 是 | K92: v1.01p01 | L92: Passed | M92: 王丽红 | P92: v1.01p03 | Q92: Passed | R92: 刘静茹 | U92: v1.01p04 | V92: Passed | W92: 刘静茹 | Z92: v1.01p05 | AA92: Passed | AB92: 刘静茹
B93: 系统中只有一种负载类型 | C93: Function_AcuRev1320_005_01_case4 | D93: 3ELEMENT_4_WIRE_Y接线输入Input1~3(A&B&C相)电流为(10A)，电压均为100V, 电压电流相角差为90°(纯感负载)，系统总负载特性、A&B&C相、input1~3通道负载特性为L | E93: 1、Acuview2上位机 2、网线/RTU串口线 3、AcuRev1320电表 4、接线方式为3E4w y | F93: 1、连接AcuRev1320电表到Acuview2上，链接状态为connected 2、Input1~3电流为(10A)， 电压均为100V 3、电压相角θ和电流相角ϕ差值为90° 4、Acuview2上和HMI上检查系统总负载特性、A&B&C相、input1~3通道负载特性是否均为L。 5、检查web页面是否与上位机及电表负载特性是否一致 | G93: 4、Acuview2上和HMI上检查系统总负载特性、A&B&C相、input1~3通道负载特性均为L。 | H93: LV3 | I93: 是 | K93: v1.01p01 | L93: Passed | M93: 王丽红 | P93: v1.01p03 | Q93: Passed | R93: 刘静茹 | U93: v1.01p04 | V93: Passed | W93: 刘静茹 | Z93: v1.01p05 | AA93: Passed | AB93: 刘静茹
B94: 系统中只有一种负载类型 | C94: Function_AcuRev1320_005_01_case5 | D94: 3ELEMENT_4_WIRE_Y接线输入Input1~3(A&B&C相)电流为(10A)，电压均为100V, 电压电流相角差为210°，系统总负载特性、A&B&C相、input1~3通道负载特性为L | E94: 1、Acuview2上位机 2、网线/RTU串口线 3、AcuRev1320电表 4、接线方式为3E4w y | F94: 1、连接AcuRev1320电表到Acuview2上，链接状态为connected 2、Input1~3电流为(10A)， 电压均为100V 3、电压相角θ和电流相角ϕ差值为210° 4、Acuview2上和HMI上检查系统总负载特性、A&B&C相、input1~3通道负载特性是否均为L。 | G94: 4、Acuview2上和HMI上检查系统总负载特性、A&B&C相、input1~3通道负载特性均为L。 | H94: LV3 | I94: 是 | K94: v1.01p01 | L94: Passed | M94: 王丽红 | P94: v1.01p03 | Q94: Passed | R94: 刘静茹 | U94: v1.01p04 | V94: Passed | W94: 刘静茹
B95: 系统中只有一种负载类型 | C95: Function_AcuRev1320_005_01_case6 | D95: 3ELEMENT_4_WIRE_Y接线输入Input1~3(A&B&C相)电流为(10A)，电压均为100V, 电压电流相角差为120°，系统总负载特性、A&B&C相、input1~3通道负载特性为C | E95: 1、Acuview2上位机 2、网线/RTU串口线 3、AcuRev1320电表 4、接线方式为3E4w y | F95: 1、连接AcuRev1320电表到Acuview2上，链接状态为connected 2、Input1~3电流为(10A)， 电压均为100V 3、电压相角θ和电流相角ϕ差值为120° 4、Acuview2上和HMI上检查系统总负载特性、A&B&C相、input1~3通道负载特性是否均为C。 6、检查web页面是否与上位机及电表负载特性是否一致 | G95: 4、Acuview2上和HMI上检查系统总负载特性、A&B&C相、input1~3通道负载特性均为C。 5、检查web页面是否与上位机及电表负载特性一致 | H95: LV1 | I95: 是 | K95: v1.01p01 | L95: Passed | M95: 王丽红 | P95: v1.01p03 | Q95: Passed | R95: 刘静茹 | U95: v1.01p04 | V95: Passed | W95: 刘静茹 | Z95: v1.01p05 | AA95: Passed | AB95: 刘静茹
B96: 系统中只有一种负载类型 | C96: Function_AcuRev1320_005_01_case7 | D96: 3ELEMENT_4_WIRE_Y接线输入Input1~3(A&B&C相)电流为(10A)，电压均为100V, 电压电流相角差为270°(纯容负载)，系统总负载特性、A&B&C相、input1~3通道负载特性为C | E96: 1、Acuview2上位机 2、网线/RTU串口线 3、AcuRev1320电表 4、接线方式为3E4w y | F96: 1、连接AcuRev1320电表到Acuview2上，链接状态为connected 2、Input1~3电流为(10A)， 电压均为100V 3、电压相角θ和电流相角ϕ差值为270° 4、Acuview2上和HMI上检查系统总负载特性、A&B&C相、input1~3通道负载特性是否均为L。 | G96: 4、Acuview2上和HMI上检查系统总负载特性、A&B&C相、input1~3通道负载特性均为L。 | H96: LV3 | I96: 是 | K96: v1.01p01 | L96: Passed | M96: 王丽红 | P96: v1.01p03 | Q96: Passed | R96: 刘静茹 | U96: v1.01p04 | V96: Passed | W96: 刘静茹
B97: 系统中只有一种负载类型 | C97: Function_AcuRev1320_005_01_case8 | D97: 3ELEMENT_4_WIRE_Y接线输入Input1~3(A&B&C相)电流为(10A)，电压均为100V, 电压电流相角差为330°，系统总负载特性、A&B&C相、input1~3通道负载特性为C | E97: 1、Acuview2上位机 2、网线/RTU串口线 3、AcuRev1320电表 4、接线方式为3E4w y | F97: 1、连接AcuRev1320电表到Acuview2上，链接状态为connected 2、Input1~3电流为(10A)， 电压均为100V 3、电压相角θ和电流相角ϕ差值为330° 4、Acuview2上和HMI上检查系统总负载特性、A&B&C相、input1~3通道负载特性是否均为C。 | G97: 4、Acuview2上和HMI上检查系统总负载特性、A&B&C相、input1~3通道负载特性均为C。 | H97: LV2 | I97: 是 | K97: v1.01p01 | L97: Passed | M97: 王丽红 | P97: v1.01p03 | Q97: Passed | R97: 刘静茹 | U97: v1.01p04 | V97: Passed | W97: 刘静茹 | Z97: v1.01p05 | AA97: Passed | AB97: 刘静茹
B98: 系统中只有一种负载类型 | C98: Function_AcuRev1320_005_01_case9 | D98: 2E3P3w delta输入Input1~2电流为(5A)，ABC电压均为100V，线电压φab:0°,&φbc:240°( 电流Ia:270°， I2:30°), 系统负载特性为L。 input1、input2、A B C 相均无负载特性。 | E98: 1、Acuview2上位机 2、网线/RTU串口线 3、AcuRev1320电表 4、接线方式为2E3P3w delta | F98: 1、连接AcuRev1320电表到Acuview2上，链接状态为connected 2、Input1~2电流为(5A)， 电压均为100V 3、线电压φab:0°&φbc:240°(电流Ia:270°， I2:30°) 4、Acuview2上和HMI上检查系统总负载特性、A&B&C相、input1~2通道负载特性是否正确 5、检查web页面是否与上位机及电表负载特性是否一致，是否显示- | G98: 4、Acuview2上和HMI上系统负载特性为L。 input1、input2、A B C 相均无负载特性，显示“-”。 5、检查web页面是否与上位机及电表负载特性一致 补充计算过程 系统：P=0.75kwh，Q=1.299kvar，S=1.500kva，PF= 0.500 用户：Puser1=0.75kwhkwh，Quser1=1.299kwh，Suser1=1.500kva，PF= 0.500 其他user功率为0，input功率为"-" 备注计算方式： S = (Uab * Ia + Ubc * Ic) * cos(30) P = S * cos(压流角) Q= S^2 - P^2 开根号 压流角： Uab、Ubc、Uca 角度为0°、240°、120°， Ia、Ic 是270°、30°，换算Iab、Ica是 300°、60° 比较Uab和Iab、Uca和Ica的压流角是60 夹角在第一象限，Q为正数【一二象限为正数、三四象限为负数】 | H98: LV2 | K98: v1.01p01 | L98: Failed | M98: 王丽红 | N98: 系统负载特性计算正确，但是显示不符合预期，产品出文档中，接线配置模块已提单 | P98: v1.01p03 | Q98: Passed | R98: 刘静茹 | U98: v1.01p04 | V98: Passed | W98: 刘静茹 | Z98: v1.01p05 | AA98: Passed | AB98: 刘静茹
B99: 系统中只有一种负载类型 | C99: Function_AcuRev1320_005_01_case10 | D99: 2E3P3w delta输入Input1~2电流为(5A)，ABC电压均为100V，线电压φab:0°&φbc:240°(电流Ia:210°， I2:330°), 系统负载特性为C， input1、input2、A B C 相均无负载特性。 | E99: 1、Acuview2上位机 2、网线/RTU串口线 3、AcuRev1320电表 4、接线方式为2E3P3w delta | F99: 1、连接AcuRev1320电表到Acuview2上，链接状态为connected 2、Input1~2电流为(5A)， 电压均为100V 3、线电压φab:0°&φbc:240°(电流Ia:210°， I2:330°) 4、Acuview2上和HMI上检查系统总负载特性、A&B&C相、input1~2通道负载特性是否正确 | G99: 5、Acuview2上和HMI上系统负载特性为C。 input1、input2、A B C 相均无负载特性，显示“-”。 补充计算过程： 系统：P=-0.75kwh，Q=1.299kvar，S=1.500kva，PF= -0.500 用户：Puser1=-0.75kwhkwh，Quser1=1.299kwh，Suser1=1.500kva，PF= -0.500 其他user功率为0，input功率为"-" 备注计算方式： S = (Uab * Ia + Ubc * Ic) * cos(30) P = S * cos(压流角) Q= S^2 - P^2 开根号 压流角： Uab、Ubc、Uca 角度为0°、240°、120°， Ia、Ic 是210°、330°，换算Iab、Ica是 240°、0° 比较Uab和Iab、Uca和Ica的压流角是120 夹角在第二象限，Q为正数【一二象限为正数、三四象限为负数】 | H99: LV3 | K99: v1.01p01 | L99: Failed | M99: 王丽红 | N99: 系统负载特性计算正确，但是显示不符合预期，产品出文档中，接线配置模块已提单 | P99: v1.01p03 | Q99: Passed | R99: 刘静茹 | U99: v1.01p04 | V99: Passed | W99: 刘静茹
B100: 系统中只有一种负载类型 | C100: Function_AcuRev1320_005_01_case11 | D100: 上位机配3e4W delta接线，input1、input2、input3分别配置Vab、Vbc，Vca， 模拟φuab，φubc，φuca平衡(0° 240° 120° )，压流夹角为0°，检查负载特性为R | E100: 1、Acuview2上位机 2、网线/RTU串口线 3、AcuRev1320电表 | F100: 1、连接AcuRev1320电表到Acuview2上，连接状态为connected 2。源按照三相四线Y接线A、B、C、N分别接入电表的电压接线柱中，三相电流分别接入电表的电流接线； 3.源A、B、C分别输入207.8V,120V,120V,电压夹角分别为330°，240°，60°，电流输入值分别为5A,角度分别为330°，210°，90° 3.1查看上位机及HMI中real-time显示情况 4.上位机和HMI上检查系统负载特性为R 备注：电压电流角度统一加30° | G100: 3.1 上位机和HMI上Va/Vb/Vc电压为“-” 4、上位机和HMI上input1、2、3配置电压Vab、Vbc、Vca 4.1 上位机和HMI上Vab、Vbc、Vca电压为173.205V 5.上位机和HMI上Vab、Vbc、Vca电压为240V 6、上位机和HMI上Vab、Vbc、Vca相角为(0°、240°、120°) 7.检查上位机和HMI上系统负载特性为R 系统：P=2.0784kw，Q=0kvar，S=2.0784kva，PF=1 备注计算方式： S = (Uab * Ia + Ubc * Ic) * cos(30) P = S * cos(压流角) Q= S^2 - P^2 开根号 Uab、Ubc、Uca 角度为0°、240°、120° 换算：Iab、Ibc、Ica 角度为0°、240°、120° | H100: LV2 | K100: v1.01p01 | L100: Failed | M100: 王丽红 | N100: 系统负载特性计算正确，但是显示不符合预期，产品出文档中，接线配置模块已提单 | P100: v1.01p03 | Q100: Passed | R100: 刘静茹 | U100: v1.01p04 | V100: Passed | W100: 刘静茹 | Z100: v1.01p05 | AA100: Passed | AB100: 刘静茹
...
