Workbook

Sheet block
A1: blockId | B1: type | C1: start | D1: count | E1: isEnable | F1: NAME
A2: 0 | B2: VIRTUAL_BLOCK | C2: 0 | D2: 1 | E2: true | F2: isOnline
A3: 1 | B3: HOLDING_REGISTER | C3: 8192 | D3: 72 | E3: true | F3: System Basic Reading | G3: =C3+D3 -> 8264
A4: 2 | B4: HOLDING_REGISTER | C4: 8264 | D4: 112 | E4: true | F4: Input Channal Basic Reading 1 | G4: =C4+D4 -> 8376
A5: 3 | B5: HOLDING_REGISTER | C5: 8376 | D5: 112 | E5: true | F5: Input Channal Basic Reading 2 | G5: =C5+D5 -> 8488
A6: 4 | B6: HOLDING_REGISTER | C6: 8488 | D6: 112 | E6: true | F6: Input Channal Basic Reading 3 | G6: =C6+D6 -> 8600
A7: 5 | B7: HOLDING_REGISTER | C7: 8600 | D7: 72 | E7: true | F7: User Channal Basic Reading 1 | G7: =C7+D7 -> 8672
A8: 6 | B8: HOLDING_REGISTER | C8: 8672 | D8: 72 | E8: true | F8: User Channal Basic Reading 2 | G8: =C8+D8 -> 8744
A9: 7 | B9: HOLDING_REGISTER | C9: 8960 | D9: 48 | E9: true | F9: Demand 1 | G9: =C9+D9 -> 9008
A10: 8 | B10: HOLDING_REGISTER | C10: 9008 | D10: 96 | E10: true | F10: Demand 2 | G10: =C10+D10 -> 9104
A11: 9 | B11: HOLDING_REGISTER | C11: 9104 | D11: 96 | E11: true | F11: Demand 3 | G11: =C11+D11 -> 9200
A12: 10 | B12: HOLDING_REGISTER | C12: 9200 | D12: 96 | E12: true | F12: Demand 4 | G12: =C12+D12 -> 9296
A13: 11 | B13: HOLDING_REGISTER | C13: 9296 | D13: 72 | E13: true | F13: Demand 5 | G13: =C13+D13 -> 9368
A14: 12 | B14: HOLDING_REGISTER | C14: 9368 | D14: 72 | E14: true | F14: Demand 6 | G14: =C14+D14 -> 9440
... A107: 105 | B107: HOLDING_REGISTER | C107: 4352 | D107: 42 | E107: true | F107: Device Settings Basic 3 | G107: =C107+D107 -> 4394
A108: 106 | B108: HOLDING_REGISTER | C108: 4400 | D108: 21 | E108: true | F108: Device Settings Basic 4 | G108: =C108+D108 -> 4421 | K108: Energy pulse constant
A109: 107 | B109: HOLDING_REGISTER | C109: 25344 | D109: 2 | E109: true | F109: SOE Log Status | G109: =C109+D109 -> 25346 | K109: Pulse Constant

Sheet blockParams
A1: ID | B1: blockId | C1: paramId | D1: Start(Dec) | E1: descrption | F1: paramType | G1: unit | H1: dataType | I1: byteOrder | J1: RW | K1: Reg | L1: scale | M1: analysisUnitId | N1: north | O1: conf | P1: range | Q1: readings | S1: paramType
A2: 1 | B2: 0 | C2: =B2 & "-" & COUNTIF($B$2:B2, B2) -> 0-1 | D2: 0 | E2: IsOnline | F2: IsOnline | H2: isOnline | I2: 1 | J2: R | K2: 1 | L2: 1 | P2: 7 | S2: IsOnline
A3: 2 | B3: =_xlfn.XLOOKUP(1,(VALUE(D3)>=VALUE(block!$C$3:$C$500))*(VALUE(D3)<VALUE(block!$C$3:$C$500)+VALUE(block!$D$3:$D$500)),block!$A$3:$A$500,"无匹配",0,1) -> 1 | C3: =B3 & "-" & COUNTIF($B$2:B3, B3) -> 1-1 | D3: 8192 | E3: System Frequency | F3: FREQ_Hz | G3: Hz | H3: float32 | I3: =IF(H3="uint16",1,IF(H3="int16",3,IF(H3="uint32",6,IF(H3="int32",10,IF(H3="uint64",14,IF(H3="int64",18,IF(H3="float32",22,""))))))) -> 22 | J3: R | K3: 2 | L3: 1 | N3: 4 | P3: 4-7-8-40 | Q3: 9-2-35-1 | S3: FREQ_Hz
A4: 3 | B4: =_xlfn.XLOOKUP(1,(VALUE(D4)>=VALUE(block!$C$3:$C$500))*(VALUE(D4)<VALUE(block!$C$3:$C$500)+VALUE(block!$D$3:$D$500)),block!$A$3:$A$500,"无匹配",0,1) -> 1 | C4: =B4 & "-" & COUNTIF($B$2:B4, B4) -> 1-2 | D4: 8194 | E4: Phase A Line-to-Neutral Voltage | F4: VLN_a_V | G4: V | H4: float32 | I4: =_xlfn.XLOOKUP(1,(VALUE(L3866)>=VALUE(block!$C$3:'block'!$C$500))*(VALUE(block!L3866)<VALUE(block!$C$3:'block'!$C$500)+VALUE(block!$D$3:'block'!$D$500)),block!$A$3:'block'!$A$500,"无匹配",0,1) -> 55 | J4: R | K4: 2 | L4: 1 | N4: 4 | P4: 4-7-8-40 | Q4: 9-2-35-1 | S4: VLN_a_V
A5: 4 | B5: =_xlfn.XLOOKUP(1,(VALUE(D5)>=VALUE(block!$C$3:$C$500))*(VALUE(D5)<VALUE(block!$C$3:$C$500)+VALUE(block!$D$3:$D$500)),block!$A$3:$A$500,"无匹配",0,1) -> 1 | C5: =B5 & "-" & COUNTIF($B$2:B5, B5) -> 1-3 | D5: 8196 | E5: Phase B Line-to-Neutral Voltage | F5: VLN_b_V | G5: V | H5: float32 | I5: =_xlfn.XLOOKUP(1,(VALUE(L3867)>=VALUE(block!$C$3:'block'!$C$500))*(VALUE(block!L3867)<VALUE(block!$C$3:'block'!$C$500)+VALUE(block!$D$3:'block'!$D$500)),block!$A$3:'block'!$A$500,"无匹配",0,1) -> 55 | J5: R | K5: 2 | L5: 1 | N5: 4 | P5: 4-7-8-40 | Q5: 9-2-35-1 | S5: VLN_b_V
A6: 5 | B6: =_xlfn.XLOOKUP(1,(VALUE(D6)>=VALUE(block!$C$3:$C$500))*(VALUE(D6)<VALUE(block!$C$3:$C$500)+VALUE(block!$D$3:$D$500)),block!$A$3:$A$500,"无匹配",0,1) -> 1 | C6: =B6 & "-" & COUNTIF($B$2:B6, B6) -> 1-4 | D6: 8198 | E6: Phase C Line-to-Neutral Voltage | F6: VLN_c_V | G6: V | H6: float32 | I6: =_xlfn.XLOOKUP(1,(VALUE(L3868)>=VALUE(block!$C$3:'block'!$C$500))*(VALUE(block!L3868)<VALUE(block!$C$3:'block'!$C$500)+VALUE(block!$D$3:'block'!$D$500)),block!$A$3:'block'!$A$500,"无匹配",0,1) -> 55 | J6: R | K6: 2 | L6: 1 | N6: 4 | P6: 4-7-8-40 | Q6: 9-2-35-1 | S6: VLN_c_V
A7: 6 | B7: =_xlfn.XLOOKUP(1,(VALUE(D7)>=VALUE(block!$C$3:$C$500))*(VALUE(D7)<VALUE(block!$C$3:$C$500)+VALUE(block!$D$3:$D$500)),block!$A$3:$A$500,"无匹配",0,1) -> 1 | C7: =B7 & "-" & COUNTIF($B$2:B7, B7) -> 1-5 | D7: 8200 | E7: Average Line-to-Neutral Voltage | F7: VLN_avg_V | G7: V | H7: float32 | I7: =_xlfn.XLOOKUP(1,(VALUE(L3869)>=VALUE(block!$C$3:'block'!$C$500))*(VALUE(block!L3869)<VALUE(block!$C$3:'block'!$C$500)+VALUE(block!$D$3:'block'!$D$500)),block!$A$3:'block'!$A$500,"无匹配",0,1) -> 55 | J7: R | K7: 2 | L7: 1 | N7: 4 | P7: 4-7-8-40 | Q7: 9-2-1 | S7: VLN_avg_V
A8: 7 | B8: =_xlfn.XLOOKUP(1,(VALUE(D8)>=VALUE(block!$C$3:$C$500))*(VALUE(D8)<VALUE(block!$C$3:$C$500)+VALUE(block!$D$3:$D$500)),block!$A$3:$A$500,"无匹配",0,1) -> 1 | C8: =B8 & "-" & COUNTIF($B$2:B8, B8) -> 1-6 | D8: 8202 | E8: Phase A-B Line-to-Line Voltage | F8: VLL_ab_V | G8: V | H8: float32 | I8: =_xlfn.XLOOKUP(1,(VALUE(L3870)>=VALUE(block!$C$3:'block'!$C$500))*(VALUE(block!L3870)<VALUE(block!$C$3:'block'!$C$500)+VALUE(block!$D$3:'block'!$D$500)),block!$A$3:'block'!$A$500,"无匹配",0,1) -> 55 | J8: R | K8: 2 | L8: 1 | N8: 4 | P8: 4-7-8-40 | Q8: 9-2-1 | S8: VLL_ab_V
A9: 8 | B9: =_xlfn.XLOOKUP(1,(VALUE(D9)>=VALUE(block!$C$3:$C$500))*(VALUE(D9)<VALUE(block!$C$3:$C$500)+VALUE(block!$D$3:$D$500)),block!$A$3:$A$500,"无匹配",0,1) -> 1 | C9: =B9 & "-" & COUNTIF($B$2:B9, B9) -> 1-7 | D9: 8204 | E9: Phase B-C Line-to-Line Voltage | F9: VLL_bc_V | G9: V | H9: float32 | I9: =_xlfn.XLOOKUP(1,(VALUE(L3871)>=VALUE(block!$C$3:'block'!$C$500))*(VALUE(block!L3871)<VALUE(block!$C$3:'block'!$C$500)+VALUE(block!$D$3:'block'!$D$500)),block!$A$3:'block'!$A$500,"无匹配",0,1) -> 55 | J9: R | K9: 2 | L9: 1 | N9: 4 | P9: 4-7-8-40 | Q9: 9-2-1 | S9: VLL_bc_V
A10: 9 | B10: =_xlfn.XLOOKUP(1,(VALUE(D10)>=VALUE(block!$C$3:$C$500))*(VALUE(D10)<VALUE(block!$C$3:$C$500)+VALUE(block!$D$3:$D$500)),block!$A$3:$A$500,"无匹配",0,1) -> 1 | C10: =B10 & "-" & COUNTIF($B$2:B10, B10) -> 1-8 | D10: 8206 | E10: Phase C-A Line-to-Line Voltage | F10: VLL_ca_V | G10: V | H10: float32 | I10: =_xlfn.XLOOKUP(1,(VALUE(L3872)>=VALUE(block!$C$3:'block'!$C$500))*(VALUE(block!L3872)<VALUE(block!$C$3:'block'!$C$500)+VALUE(block!$D$3:'block'!$D$500)),block!$A$3:'block'!$A$500,"无匹配",0,1) -> 55 | J10: R | K10: 2 | L10: 1 | N10: 4 | P10: 4-7-8-40 | Q10: 9-2-1 | S10: VLL_ca_V
A11: 10 | B11: =_xlfn.XLOOKUP(1,(VALUE(D11)>=VALUE(block!$C$3:$C$500))*(VALUE(D11)<VALUE(block!$C$3:$C$500)+VALUE(block!$D$3:$D$500)),block!$A$3:$A$500,"无匹配",0,1) -> 1 | C11: =B11 & "-" & COUNTIF($B$2:B11, B11) -> 1-9 | D11: 8208 | E11: Average Line-to-Line Voltage | F11: VLL_avg_V | G11: V | H11: float32 | I11: =_xlfn.XLOOKUP(1,(VALUE(L3873)>=VALUE(block!$C$3:'block'!$C$500))*(VALUE(block!L3873)<VALUE(block!$C$3:'block'!$C$500)+VALUE(block!$D$3:'block'!$D$500)),block!$A$3:'block'!$A$500,"无匹配",0,1) -> 55 | J11: R | K11: 2 | L11: 1 | N11: 4 | P11: 4-7-8-40 | Q11: 9-2-1 | S11: VLL_avg_V
A12: 11 | B12: =_xlfn.XLOOKUP(1,(VALUE(D12)>=VALUE(block!$C$3:$C$500))*(VALUE(D12)<VALUE(block!$C$3:$C$500)+VALUE(block!$D$3:$D$500)),block!$A$3:$A$500,"无匹配",0,1) -> 1 | C12: =B12 & "-" & COUNTIF($B$2:B12, B12) -> 1-10 | D12: 8210 | E12: Phase A Line-to-Neutral Voltage Phase Angle | F12: ANG_VLN_a | G12: ° | H12: float32 | I12: =_xlfn.XLOOKUP(1,(VALUE(L3874)>=VALUE(block!$C$3:'block'!$C$500))*(VALUE(block!L3874)<VALUE(block!$C$3:'block'!$C$500)+VALUE(block!$D$3:'block'!$D$500)),block!$A$3:'block'!$A$500,"无匹配",0,1) -> 55 | J12: R | K12: 2 | L12: 1 | N12: 4 | P12: 4-7-8-40 | Q12: 9-2-1 | S12: ANG_VLN_a
A13: 12 | B13: =_xlfn.XLOOKUP(1,(VALUE(D13)>=VALUE(block!$C$3:$C$500))*(VALUE(D13)<VALUE(block!$C$3:$C$500)+VALUE(block!$D$3:$D$500)),block!$A$3:$A$500,"无匹配",0,1) -> 1 | C13: =B13 & "-" & COUNTIF($B$2:B13, B13) -> 1-11 | D13: 8212 | E13: Phase B Line-to-Neutral Voltage Phase Angle | F13: ANG_VLN_b | G13: ° | H13: float32 | I13: =_xlfn.XLOOKUP(1,(VALUE(L3875)>=VALUE(block!$C$3:'block'!$C$500))*(VALUE(block!L3875)<VALUE(block!$C$3:'block'!$C$500)+VALUE(block!$D$3:'block'!$D$500)),block!$A$3:'block'!$A$500,"无匹配",0,1) -> 55 | J13: R | K13: 2 | L13: 1 | N13: 4 | P13: 4-7-8-40 | Q13: 9-2-1 | S13: ANG_VLN_b
A14: 13 | B14: =_xlfn.XLOOKUP(1,(VALUE(D14)>=VALUE(block!$C$3:$C$500))*(VALUE(D14)<VALUE(block!$C$3:$C$500)+VALUE(block!$D$3:$D$500)),block!$A$3:$A$500,"无匹配",0,1) -> 1 | C14: =B14 & "-" & COUNTIF($B$2:B14, B14) -> 1-12 | D14: 8214 | E14: Phase C Line-to-Neutral Voltage Phase Angle | F14: ANG_VLN_c | G14: ° | H14: float32 | I14: =_xlfn.XLOOKUP(1,(VALUE(L3876)>=VALUE(block!$C$3:'block'!$C$500))*(VALUE(block!L3876)<VALUE(block!$C$3:'block'!$C$500)+VALUE(block!$D$3:'block'!$D$500)),block!$A$3:'block'!$A$500,"无匹配",0,1) -> 55 | J14: R | K14: 2 | L14: 1 | N14: 4 | P14: 4-7-8-40 | Q14: 9-2-1 | S14: ANG_VLN_c
A15: 14 | B15: =_xlfn.XLOOKUP(1,(VALUE(D15)>=VALUE(block!$C$3:$C$500))*(VALUE(D15)<VALUE(block!$C$3:$C$500)+VALUE(block!$D$3:$D$500)),block!$A$3:$A$500,"无匹配",0,1) -> 1 | C15: =B15 & "-" & COUNTIF($B$2:B15, B15) -> 1-13 | D15: 8216 | E15: Phase A Current | F15: I_a_A | G15: A | H15: float32 | I15: =_xlfn.XLOOKUP(1,(VALUE(L3877)>=VALUE(block!$C$3:'block'!$C$500))*(VALUE(block!L3877)<VALUE(block!$C$3:'block'!$C$500)+VALUE(block!$D$3:'block'!$D$500)),block!$A$3:'block'!$A$500,"无匹配",0,1) -> 55 | J15: R | K15: 2 | L15: 1 | N15: 4 | P15: 4-7-8-40 | Q15: 9-2-1 | S15: I_a_A
... A18: 17 | B18: =_xlfn.XLOOKUP(1,(VALUE(D18)>=VALUE(block!$C$3:$C$500))*(VALUE(D18)<VALUE(block!$C$3:$C$500)+VALUE(block!$D$3:$D$500)),block!$A$3:$A$500,"无匹配",0,1) -> 1 | C18: =B18 & "-" & COUNTIF($B$2:B18, B18) -> 1-16 | D18: 8222 | E18: Phase A Apparent Power | F18: S_a_kVA | G18: kVA | H18: float32 | I18: =_xlfn.XLOOKUP(1,(VALUE(L3880)>=VALUE(block!$C$3:'block'!$C$500))*(VALUE(block!L3880)<VALUE(block!$C$3:'block'!$C$500)+VALUE(block!$D$3:'block'!$D$500)),block!$A$3:'block'!$A$500,"无匹配",0,1) -> 55 | J18: R | K18: 2 | L18: 1 | N18: 4 | P18: 4-7-8-40 | Q18: 9-2-1 | S18: S_a_kVA
A19: 18 | B19: =_xlfn.XLOOKUP(1,(VALUE(D19)>=VALUE(block!$C$3:$C$500))*(VALUE(D19)<VALUE(block!$C$3:$C$500)+VALUE(block!$D$3:$D$500)),block!$A$3:$A$500,"无匹配",0,1) -> 1 | C19: =B19 & "-" & COUNTIF($B$2:B19, B19) -> 1-17 | D19: 8224 | E19: Phase A Load Nature | F19: LC_a | H19: uint32 | I19: =_xlfn.XLOOKUP(1,(VALUE(L3881)>=VALUE(block!$C$3:'block'!$C$500))*(VALUE(block!L3881)<VALUE(block!$C$3:'block'!$C$500)+VALUE(block!$D$3:'block'!$D$500)),block!$A$3:'block'!$A$500,"无匹配",0,1) -> 55 | J19: R | K19: 2 | L19: 1 | Q19: 9
A20: 19 | B20: =_xlfn.XLOOKUP(1,(VALUE(D20)>=VALUE(block!$C$3:$C$500))*(VALUE(D20)<VALUE(block!$C$3:$C$500)+VALUE(block!$D$3:$D$500)),block!$A$3:$A$500,"无匹配",0,1) -> 1 | C20: =B20 & "-" & COUNTIF($B$2:B20, B20) -> 1-18 | D20: 8226 | E20: Phase A Power Factor | F20: PF_a | G20: % | H20: float32 | I20: =_xlfn.XLOOKUP(1,(VALUE(L3882)>=VALUE(block!$C$3:'block'!$C$500))*(VALUE(block!L3882)<VALUE(block!$C$3:'block'!$C$500)+VALUE(block!$D$3:'block'!$D$500)),block!$A$3:'block'!$A$500,"无匹配",0,1) -> 55 | J20: R | K20: 2 | L20: 1 | N20: 4 | P20: 4-7-8-40 | Q20: 9 | S20: PF_a
A21: 20 | B21: =_xlfn.XLOOKUP(1,(VALUE(D21)>=VALUE(block!$C$3:$C$500))*(VALUE(D21)<VALUE(block!$C$3:$C$500)+VALUE(block!$D$3:$D$500)),block!$A$3:$A$500,"无匹配",0,1) -> 1 | C21: =B21 & "-" & COUNTIF($B$2:B21, B21) -> 1-19 | D21: 8228 | E21: Phase B Current | F21: I_b_A | G21: A | H21: float32 | I21: =_xlfn.XLOOKUP(1,(VALUE(L3883)>=VALUE(block!$C$3:'block'!$C$500))*(VALUE(block!L3883)<VALUE(block!$C$3:'block'!$C$500)+VALUE(block!$D$3:'block'!$D$500)),block!$A$3:'block'!$A$500,"无匹配",0,1) -> 55 | J21: R | K21: 2 | L21: 1 | N21: 4 | P21: 4-7-8-40 | Q21: 9-2-1 | S21: I_b_A
A22: 21 | B22: =_xlfn.XLOOKUP(1,(VALUE(D22)>=VALUE(block!$C$3:$C$500))*(VALUE(D22)<VALUE(block!$C$3:$C$500)+VALUE(block!$D$3:$D$500)),block!$A$3:$A$500,"无匹配",0,1) -> 1 | C22: =B22 & "-" & COUNTIF($B$2:B22, B22) -> 1-20 | D22: 8230 | E22: Phase B Active Power | F22: P_b_kW | G22: kW | H22: float32 | I22: =_xlfn.XLOOKUP(1,(VALUE(L3884)>=VALUE(block!$C$3:'block'!$C$500))*(VALUE(block!L3884)<VALUE(block!$C$3:'block'!$C$500)+VALUE(block!$D$3:'block'!$D$500)),block!$A$3:'block'!$A$500,"无匹配",0,1) -> 55 | J22: R | K22: 2 | L22: 1 | N22: 4 | P22: 4-7-8-40 | Q22: 9-2-1 | S22: P_b_kW
A23: 22 | B23: =_xlfn.XLOOKUP(1,(VALUE(D23)>=VALUE(block!$C$3:$C$500))*(VALUE(D23)<VALUE(block!$C$3:$C$500)+VALUE(block!$D$3:$D$500)),block!$A$3:$A$500,"无匹配",0,1) -> 1 | C23: =B23 & "-" & COUNTIF($B$2:B23, B23) -> 1-21 | D23: 8232 | E23: Phase B Reactive Power | F23: Q_b_kvar | G23: kvar | H23: float32 | I23: =_xlfn.XLOOKUP(1,(VALUE(L3885)>=VALUE(block!$C$3:'block'!$C$500))*(VALUE(block!L3885)<VALUE(block!$C$3:'block'!$C$500)+VALUE(block!$D$3:'block'!$D$500)),block!$A$3:'block'!$A$500,"无匹配",0,1) -> 55 | J23: R | K23: 2 | L23: 1 | N23: 4 | P23: 4-7-8-40 | Q23: 9-2-1 | S23: Q_b_kvar
A24: 23 | B24: =_xlfn.XLOOKUP(1,(VALUE(D24)>=VALUE(block!$C$3:$C$500))*(VALUE(D24)<VALUE(block!$C$3:$C$500)+VALUE(block!$D$3:$D$500)),block!$A$3:$A$500,"无匹配",0,1) -> 1 | C24: =B24 & "-" & COUNTIF($B$2:B24, B24) -> 1-22 | D24: 8234 | E24: Phase B Apparent Power | F24: S_b_kVA | G24: kVA | H24: float32 | I24: =_xlfn.XLOOKUP(1,(VALUE(L3886)>=VALUE(block!$C$3:'block'!$C$500))*(VALUE(block!L3886)<VALUE(block!$C$3:'block'!$C$500)+VALUE(block!$D$3:'block'!$D$500)),block!$A$3:'block'!$A$500,"无匹配",0,1) -> 55 | J24: R | K24: 2 | L24: 1 | N24: 4 | P24: 4-7-8-40 | Q24: 9-2-1 | S24: S_b_kVA
A25: 24 | B25: =_xlfn.XLOOKUP(1,(VALUE(D25)>=VALUE(block!$C$3:$C$500))*(VALUE(D25)<VALUE(block!$C$3:$C$500)+VALUE(block!$D$3:$D$500)),block!$A$3:$A$500,"无匹配",0,1) -> 1 | C25: =B25 & "-" & COUNTIF($B$2:B25, B25) -> 1-23 | D25: 8236 | E25: Phase B Load Nature | F25: LC_b | H25: uint32 | I25: =_xlfn.XLOOKUP(1,(VALUE(L3887)>=VALUE(block!$C$3:'block'!$C$500))*(VALUE(block!L3887)<VALUE(block!$C$3:'block'!$C$500)+VALUE(block!$D$3:'block'!$D$500)),block!$A$3:'block'!$A$500,"无匹配",0,1) -> 55 | J25: R | K25: 2 | L25: 1 | Q25: 9
A26: 25 | B26: =_xlfn.XLOOKUP(1,(VALUE(D26)>=VALUE(block!$C$3:$C$500))*(VALUE(D26)<VALUE(block!$C$3:$C$500)+VALUE(block!$D$3:$D$500)),block!$A$3:$A$500,"无匹配",0,1) -> 1 | C26: =B26 & "-" & COUNTIF($B$2:B26, B26) -> 1-24 | D26: 8238 | E26: Phase B Power Factor | F26: PF_b | G26: % | H26: float32 | I26: =_xlfn.XLOOKUP(1,(VALUE(L3888)>=VALUE(block!$C$3:'block'!$C$500))*(VALUE(block!L3888)<VALUE(block!$C$3:'block'!$C$500)+VALUE(block!$D$3:'block'!$D$500)),block!$A$3:'block'!$A$500,"无匹配",0,1) -> 55 | J26: R | K26: 2 | L26: 1 | N26: 4 | P26: 4-7-8-40 | Q26: 9 | S26: PF_b
A27: 26 | B27: =_xlfn.XLOOKUP(1,(VALUE(D27)>=VALUE(block!$C$3:$C$500))*(VALUE(D27)<VALUE(block!$C$3:$C$500)+VALUE(block!$D$3:$D$500)),block!$A$3:$A$500,"无匹配",0,1) -> 1 | C27: =B27 & "-" & COUNTIF($B$2:B27, B27) -> 1-25 | D27: 8240 | E27: Phase C Current | F27: I_c_A | G27: A | H27: float32 | I27: =_xlfn.XLOOKUP(1,(VALUE(L3889)>=VALUE(block!$C$3:'block'!$C$500))*(VALUE(block!L3889)<VALUE(block!$C$3:'block'!$C$500)+VALUE(block!$D$3:'block'!$D$500)),block!$A$3:'block'!$A$500,"无匹配",0,1) -> 55 | J27: R | K27: 2 | L27: 1 | N27: 4 | P27: 4-7-8-40 | Q27: 9-2-1 | S27: I_c_A
A28: 27 | B28: =_xlfn.XLOOKUP(1,(VALUE(D28)>=VALUE(block!$C$3:$C$500))*(VALUE(D28)<VALUE(block!$C$3:$C$500)+VALUE(block!$D$3:$D$500)),block!$A$3:$A$500,"无匹配",0,1) -> 1 | C28: =B28 & "-" & COUNTIF($B$2:B28, B28) -> 1-26 | D28: 8242 | E28: Phase C Active Power | F28: P_c_kW | G28: kW | H28: float32 | I28: =_xlfn.XLOOKUP(1,(VALUE(L3890)>=VALUE(block!$C$3:'block'!$C$500))*(VALUE(block!L3890)<VALUE(block!$C$3:'block'!$C$500)+VALUE(block!$D$3:'block'!$D$500)),block!$A$3:'block'!$A$500,"无匹配",0,1) -> 55 | J28: R | K28: 2 | L28: 1 | N28: 4 | P28: 4-7-8-40 | Q28: 9-2-1 | S28: P_c_kW
A29: 28 | B29: =_xlfn.XLOOKUP(1,(VALUE(D29)>=VALUE(block!$C$3:$C$500))*(VALUE(D29)<VALUE(block!$C$3:$C$500)+VALUE(block!$D$3:$D$500)),block!$A$3:$A$500,"无匹配",0,1) -> 1 | C29: =B29 & "-" & COUNTIF($B$2:B29, B29) -> 1-27 | D29: 8244 | E29: Phase C Reactive Power | F29: Q_c_kvar | G29: kvar | H29: float32 | I29: =_xlfn.XLOOKUP(1,(VALUE(L3891)>=VALUE(block!$C$3:'block'!$C$500))*(VALUE(block!L3891)<VALUE(block!$C$3:'block'!$C$500)+VALUE(block!$D$3:'block'!$D$500)),block!$A$3:'block'!$A$500,"无匹配",0,1) -> 55 | J29: R | K29: 2 | L29: 1 | N29: 4 | P29: 4-7-8-40 | Q29: 9-2-1 | S29: Q_c_kvar
A30: 29 | B30: =_xlfn.XLOOKUP(1,(VALUE(D30)>=VALUE(block!$C$3:$C$500))*(VALUE(D30)<VALUE(block!$C$3:$C$500)+VALUE(block!$D$3:$D$500)),block!$A$3:$A$500,"无匹配",0,1) -> 1 | C30: =B30 & "-" & COUNTIF($B$2:B30, B30) -> 1-28 | D30: 8246 | E30: Phase C Apparent Power | F30: S_c_kVA | G30: kVA | H30: float32 | I30: =_xlfn.XLOOKUP(1,(VALUE(L3892)>=VALUE(block!$C$3:'block'!$C$500))*(VALUE(block!L3892)<VALUE(block!$C$3:'block'!$C$500)+VALUE(block!$D$3:'block'!$D$500)),block!$A$3:'block'!$A$500,"无匹配",0,1) -> 55 | J30: R | K30: 2 | L30: 1 | N30: 4 | P30: 4-7-8-40 | Q30: 9-2-1 | S30: S_c_kVA
A31: 30 | B31: =_xlfn.XLOOKUP(1,(VALUE(D31)>=VALUE(block!$C$3:$C$500))*(VALUE(D31)<VALUE(block!$C$3:$C$500)+VALUE(block!$D$3:$D$500)),block!$A$3:$A$500,"无匹配",0,1) -> 1 | C31: =B31 & "-" & COUNTIF($B$2:B31, B31) -> 1-29 | D31: 8248 | E31: Phase C Load Nature | F31: LC_c | H31: uint32 | I31: =_xlfn.XLOOKUP(1,(VALUE(L3893)>=VALUE(block!$C$3:'block'!$C$500))*(VALUE(block!L3893)<VALUE(block!$C$3:'block'!$C$500)+VALUE(block!$D$3:'block'!$D$500)),block!$A$3:'block'!$A$500,"无匹配",0,1) -> 55 | J31: R | K31: 2 | L31: 1 | Q31: 9
A32: 31 | B32: =_xlfn.XLOOKUP(1,(VALUE(D32)>=VALUE(block!$C$3:$C$500))*(VALUE(D32)<VALUE(block!$C$3:$C$500)+VALUE(block!$D$3:$D$500)),block!$A$3:$A$500,"无匹配",0,1) -> 1 | C32: =B32 & "-" & COUNTIF($B$2:B32, B32) -> 1-30 | D32: 8250 | E32: Phase C Power Factor | F32: PF_c | G32: % | H32: float32 | I32: =_xlfn.XLOOKUP(1,(VALUE(L3894)>=VALUE(block!$C$3:'block'!$C$500))*(VALUE(block!L3894)<VALUE(block!$C$3:'block'!$C$500)+VALUE(block!$D$3:'block'!$D$500)),block!$A$3:'block'!$A$500,"无匹配",0,1) -> 55 | J32: R | K32: 2 | L32: 1 | N32: 4 | P32: 4-7-8-40 | Q32: 9 | S32: PF_c
A33: 32 | B33: =_xlfn.XLOOKUP(1,(VALUE(D33)>=VALUE(block!$C$3:$C$500))*(VALUE(D33)<VALUE(block!$C$3:$C$500)+VALUE(block!$D$3:$D$500)),block!$A$3:$A$500,"无匹配",0,1) -> 1 | C33: =B33 & "-" & COUNTIF($B$2:B33, B33) -> 1-31 | D33: 8252 | E33: System Average Current | F33: I_avg_A | G33: A | H33: float32 | I33: =_xlfn.XLOOKUP(1,(VALUE(L3895)>=VALUE(block!$C$3:'block'!$C$500))*(VALUE(block!L3895)<VALUE(block!$C$3:'block'!$C$500)+VALUE(block!$D$3:'block'!$D$500)),block!$A$3:'block'!$A$500,"无匹配",0,1) -> 55 | J33: R | K33: 2 | L33: 1 | N33: 4 | P33: 4-7-8-40 | Q33: 9-2-1 | S33: I_avg_A
A34: 33 | B34: =_xlfn.XLOOKUP(1,(VALUE(D34)>=VALUE(block!$C$3:$C$500))*(VALUE(D34)<VALUE(block!$C$3:$C$500)+VALUE(block!$D$3:$D$500)),block!$A$3:$A$500,"无匹配",0,1) -> 1 | C34: =B34 & "-" & COUNTIF($B$2:B34, B34) -> 1-32 | D34: 8254 | E34: System Active Power | F34: P_kW | G34: kW | H34: float32 | I34: =_xlfn.XLOOKUP(1,(VALUE(L3896)>=VALUE(block!$C$3:'block'!$C$500))*(VALUE(block!L3896)<VALUE(block!$C$3:'block'!$C$500)+VALUE(block!$D$3:'block'!$D$500)),block!$A$3:'block'!$A$500,"无匹配",0,1) -> 55 | J34: R | K34: 2 | L34: 1 | N34: 4 | P34: 4-7-8-40 | Q34: 9-2-1 | S34: P_kW
A35: 34 | B35: =_xlfn.XLOOKUP(1,(VALUE(D35)>=VALUE(block!$C$3:$C$500))*(VALUE(D35)<VALUE(block!$C$3:$C$500)+VALUE(block!$D$3:$D$500)),block!$A$3:$A$500,"无匹配",0,1) -> 1 | C35: =B35 & "-" & COUNTIF($B$2:B35, B35) -> 1-33 | D35: 8256 | E35: System Reactive Power | F35: Q_kvar | G35: kvar | H35: float32 | I35: =_xlfn.XLOOKUP(1,(VALUE(L3897)>=VALUE(block!$C$3:'block'!$C$500))*(VALUE(block!L3897)<VALUE(block!$C$3:'block'!$C$500)+VALUE(block!$D$3:'block'!$D$500)),block!$A$3:'block'!$A$500,"无匹配",0,1) -> 55 | J35: R | K35: 2 | L35: 1 | N35: 4 | P35: 4-7-8-40 | Q35: 9-2-1 | S35: Q_kvar
A36: 35 | B36: =_xlfn.XLOOKUP(1,(VALUE(D36)>=VALUE(block!$C$3:$C$500))*(VALUE(D36)<VALUE(block!$C$3:$C$500)+VALUE(block!$D$3:$D$500)),block!$A$3:$A$500,"无匹配",0,1) -> 1 | C36: =B36 & "-" & COUNTIF($B$2:B36, B36) -> 1-34 | D36: 8258 | E36: System Apparent Power | F36: S_kVA | G36: kVA | H36: float32 | I36: =_xlfn.XLOOKUP(1,(VALUE(L3898)>=VALUE(block!$C$3:'block'!$C$500))*(VALUE(block!L3898)<VALUE(block!$C$3:'block'!$C$500)+VALUE(block!$D$3:'block'!$D$500)),block!$A$3:'block'!$A$500,"无匹配",0,1) -> 55 | J36: R | K36: 2 | L36: 1 | N36: 4 | P36: 4-7-8-40 | Q36: 9-2-1 | S36: S_kVA
A37: 36 | B37: =_xlfn.XLOOKUP(1,(VALUE(D37)>=VALUE(block!$C$3:$C$500))*(VALUE(D37)<VALUE(block!$C$3:$C$500)+VALUE(block!$D$3:$D$500)),block!$A$3:$A$500,"无匹配",0,1) -> 1 | C37: =B37 & "-" & COUNTIF($B$2:B37, B37) -> 1-35 | D37: 8260 | E37: System Load Nature | F37: LC | H37: uint32 | I37: =_xlfn.XLOOKUP(1,(VALUE(L3899)>=VALUE(block!$C$3:'block'!$C$500))*(VALUE(block!L3899)<VALUE(block!$C$3:'block'!$C$500)+VALUE(block!$D$3:'block'!$D$500)),block!$A$3:'block'!$A$500,"无匹配",0,1) -> 55 | J37: R | K37: 2 | L37: 1 | Q37: 9
A38: 37 | B38: =_xlfn.XLOOKUP(1,(VALUE(D38)>=VALUE(block!$C$3:$C$500))*(VALUE(D38)<VALUE(block!$C$3:$C$500)+VALUE(block!$D$3:$D$500)),block!$A$3:$A$500,"无匹配",0,1) -> 1 | C38: =B38 & "-" & COUNTIF($B$2:B38, B38) -> 1-36 | D38: 8262 | E38: System Power Factor | F38: PF | G38: % | H38: float32 | I38: =_xlfn.XLOOKUP(1,(VALUE(L3900)>=VALUE(block!$C$3:'block'!$C$500))*(VALUE(block!L3900)<VALUE(block!$C$3:'block'!$C$500)+VALUE(block!$D$3:'block'!$D$500)),block!$A$3:'block'!$A$500,"无匹配",0,1) -> 55 | J38: R | K38: 2 | L38: 1 | N38: 4 | P38: 4-7-8-40 | Q38: 9 | S38: PF
A39: 38 | B39: =_xlfn.XLOOKUP(1,(VALUE(D39)>=VALUE(block!$C$3:$C$500))*(VALUE(D39)<VALUE(block!$C$3:$C$500)+VALUE(block!$D$3:$D$500)),block!$A$3:$A$500,"无匹配",0,1) -> 2 | C39: =B39 & "-" & COUNTIF($B$2:B39, B39) -> 2-1 | D39: 8264 | E39: Input Channel 1 Current | F39: I_001_A | G39: A | H39: float32 | I39: =_xlfn.XLOOKUP(1,(VALUE(L3901)>=VALUE(block!$C$3:'block'!$C$500))*(VALUE(block!L3901)<VALUE(block!$C$3:'block'!$C$500)+VALUE(block!$D$3:'block'!$D$500)),block!$A$3:'block'!$A$500,"无匹配",0,1) -> 55 | J39: R | K39: 2 | L39: 1 | N39: 4 | P39: 4-7-8 | Q39: 10-2-1-35 | S39: I_001_A
A40: 39 | B40: =_xlfn.XLOOKUP(1,(VALUE(D40)>=VALUE(block!$C$3:$C$500))*(VALUE(D40)<VALUE(block!$C$3:$C$500)+VALUE(block!$D$3:$D$500)),block!$A$3:$A$500,"无匹配",0,1) -> 2 | C40: =B40 & "-" & COUNTIF($B$2:B40, B40) -> 2-2 | D40: 8266 | E40: Input Channel 1 Active Power | F40: P_001_kW | G40: kW | H40: float32 | I40: =_xlfn.XLOOKUP(1,(VALUE(L3902)>=VALUE(block!$C$3:'block'!$C$500))*(VALUE(block!L3902)<VALUE(block!$C$3:'block'!$C$500)+VALUE(block!$D$3:'block'!$D$500)),block!$A$3:'block'!$A$500,"无匹配",0,1) -> 55 | J40: R | K40: 2 | L40: 1 | N40: 4 | P40: 4-7-8 | Q40: 10-2-1-35 | S40: P_001_kW
A41: 40 | B41: =_xlfn.XLOOKUP(1,(VALUE(D41)>=VALUE(block!$C$3:$C$500))*(VALUE(D41)<VALUE(block!$C$3:$C$500)+VALUE(block!$D$3:$D$500)),block!$A$3:$A$500,"无匹配",0,1) -> 2 | C41: =B41 & "-" & COUNTIF($B$2:B41, B41) -> 2-3 | D41: 8268 | E41: Input Channel 1 Reactive Power | F41: Q_001_kvar | G41: kvar | H41: float32 | I41: =_xlfn.XLOOKUP(1,(VALUE(L3903)>=VALUE(block!$C$3:'block'!$C$500))*(VALUE(block!L3903)<VALUE(block!$C$3:'block'!$C$500)+VALUE(block!$D$3:'block'!$D$500)),block!$A$3:'block'!$A$500,"无匹配",0,1) -> 55 | J41: R | K41: 2 | L41: 1 | N41: 4 | P41: 4-7-8 | Q41: 10-2-1 | S41: Q_001_kvar
A42: 41 | B42: =_xlfn.XLOOKUP(1,(VALUE(D42)>=VALUE(block!$C$3:$C$500))*(VALUE(D42)<VALUE(block!$C$3:$C$500)+VALUE(block!$D$3:$D$500)),block!$A$3:$A$500,"无匹配",0,1) -> 2 | C42: =B42 & "-" & COUNTIF($B$2:B42, B42) -> 2-4 | D42: 8270 | E42: Input Channel 1 Apparent Power | F42: S_001_kVA | G42: kVA | H42: float32 | I42: =_xlfn.XLOOKUP(1,(VALUE(L3904)>=VALUE(block!$C$3:'block'!$C$500))*(VALUE(block!L3904)<VALUE(block!$C$3:'block'!$C$500)+VALUE(block!$D$3:'block'!$D$500)),block!$A$3:'block'!$A$500,"无匹配",0,1) -> 55 | J42: R | K42: 2 | L42: 1 | N42: 4 | P42: 4-7-8 | Q42: 10-2-1 | S42: S_001_kVA
A43: 42 | B43: =_xlfn.XLOOKUP(1,(VALUE(D43)>=VALUE(block!$C$3:$C$500))*(VALUE(D43)<VALUE(block!$C$3:$C$500)+VALUE(block!$D$3:$D$500)),block!$A$3:$A$500,"无匹配",0,1) -> 2 | C43: =B43 & "-" & COUNTIF($B$2:B43, B43) -> 2-5 | D43: 8272 | E43: Input Channel 1 Load Nature | F43: LC_001 | H43: uint32 | I43: =_xlfn.XLOOKUP(1,(VALUE(L3905)>=VALUE(block!$C$3:'block'!$C$500))*(VALUE(block!L3905)<VALUE(block!$C$3:'block'!$C$500)+VALUE(block!$D$3:'block'!$D$500)),block!$A$3:'block'!$A$500,"无匹配",0,1) -> 55 | J43: R | K43: 2 | L43: 1 | Q43: 10
A44: 43 | B44: =_xlfn.XLOOKUP(1,(VALUE(D44)>=VALUE(block!$C$3:$C$500))*(VALUE(D44)<VALUE(block!$C$3:$C$500)+VALUE(block!$D$3:$D$500)),block!$A$3:$A$500,"无匹配",0,1) -> 2 | C44: =B44 & "-" & COUNTIF($B$2:B44, B44) -> 2-6 | D44: 8274 | E44: Input Channel 1 Power Factor | F44: PF_001 | G44: % | H44: float32 | I44: =_xlfn.XLOOKUP(1,(VALUE(L3906)>=VALUE(block!$C$3:'block'!$C$500))*(VALUE(block!L3906)<VALUE(block!$C$3:'block'!$C$500)+VALUE(block!$D$3:'block'!$D$500)),block!$A$3:'block'!$A$500,"无匹配",0,1) -> 55 | J44: R | K44: 2 | L44: 1 | N44: 4 | P44: 4-7-8 | Q44: 10-35 | S44: PF_001
A45: 44 | B45: =_xlfn.XLOOKUP(1,(VALUE(D45)>=VALUE(block!$C$3:$C$500))*(VALUE(D45)<VALUE(block!$C$3:$C$500)+VALUE(block!$D$3:$D$500)),block!$A$3:$A$500,"无匹配",0,1) -> 2 | C45: =B45 & "-" & COUNTIF($B$2:B45, B45) -> 2-7 | D45: 8276 | E45: Input Channel 1 Current Phase Angle | F45: ANG_I_001 | G45: ° | H45: float32 | I45: =_xlfn.XLOOKUP(1,(VALUE(L3907)>=VALUE(block!$C$3:'block'!$C$500))*(VALUE(block!L3907)<VALUE(block!$C$3:'block'!$C$500)+VALUE(block!$D$3:'block'!$D$500)),block!$A$3:'block'!$A$500,"无匹配",0,1) -> 55 | J45: R | K45: 2 | L45: 1 | N45: 4 | P45: 4-7-8 | Q45: 10 | S45: ANG_I_001
A46: 45 | B46: =_xlfn.XLOOKUP(1,(VALUE(D46)>=VALUE(block!$C$3:$C$500))*(VALUE(D46)<VALUE(block!$C$3:$C$500)+VALUE(block!$D$3:$D$500)),block!$A$3:$A$500,"无匹配",0,1) -> 2 | C46: =B46 & "-" & COUNTIF($B$2:B46, B46) -> 2-8 | D46: 8278 | E46: Input Channel 2 Current | F46: I_002_A | G46: A | H46: float32 | I46: =_xlfn.XLOOKUP(1,(VALUE(L3908)>=VALUE(block!$C$3:'block'!$C$500))*(VALUE(block!L3908)<VALUE(block!$C$3:'block'!$C$500)+VALUE(block!$D$3:'block'!$D$500)),block!$A$3:'block'!$A$500,"无匹配",0,1) -> 55 | J46: R | K46: 2 | L46: 1 | N46: 4 | P46: 4-7-8 | Q46: 10-2-1-35 | S46: I_002_A
A47: 46 | B47: =_xlfn.XLOOKUP(1,(VALUE(D47)>=VALUE(block!$C$3:$C$500))*(VALUE(D47)<VALUE(block!$C$3:$C$500)+VALUE(block!$D$3:$D$500)),block!$A$3:$A$500,"无匹配",0,1) -> 2 | C47: =B47 & "-" & COUNTIF($B$2:B47, B47) -> 2-9 | D47: 8280 | E47: Input Channel 2 Active Power | F47: P_002_kW | G47: kW | H47: float32 | I47: =_xlfn.XLOOKUP(1,(VALUE(L3909)>=VALUE(block!$C$3:'block'!$C$500))*(VALUE(block!L3909)<VALUE(block!$C$3:'block'!$C$500)+VALUE(block!$D$3:'block'!$D$500)),block!$A$3:'block'!$A$500,"无匹配",0,1) -> 55 | J47: R | K47: 2 | L47: 1 | N47: 4 | P47: 4-7-8 | Q47: 10-2-1-35 | S47: P_002_kW
A48: 47 | B48: =_xlfn.XLOOKUP(1,(VALUE(D48)>=VALUE(block!$C$3:$C$500))*(VALUE(D48)<VALUE(block!$C$3:$C$500)+VALUE(block!$D$3:$D$500)),block!$A$3:$A$500,"无匹配",0,1) -> 2 | C48: =B48 & "-" & COUNTIF($B$2:B48, B48) -> 2-10 | D48: 8282 | E48: Input Channel 2 Reactive Power | F48: Q_002_kvar | G48: kvar | H48: float32 | I48: =_xlfn.XLOOKUP(1,(VALUE(L3910)>=VALUE(block!$C$3:'block'!$C$500))*(VALUE(block!L3910)<VALUE(block!$C$3:'block'!$C$500)+VALUE(block!$D$3:'block'!$D$500)),block!$A$3:'block'!$A$500,"无匹配",0,1) -> 55 | J48: R | K48: 2 | L48: 1 | N48: 4 | P48: 4-7-8 | Q48: 10-2-1 | S48: Q_002_kvar
A49: 48 | B49: =_xlfn.XLOOKUP(1,(VALUE(D49)>=VALUE(block!$C$3:$C$500))*(VALUE(D49)<VALUE(block!$C$3:$C$500)+VALUE(block!$D$3:$D$500)),block!$A$3:$A$500,"无匹配",0,1) -> 2 | C49: =B49 & "-" & COUNTIF($B$2:B49, B49) -> 2-11 | D49: 8284 | E49: Input Channel 2 Apparent Power | F49: S_002_kVA | G49: kVA | H49: float32 | I49: =_xlfn.XLOOKUP(1,(VALUE(L3911)>=VALUE(block!$C$3:'block'!$C$500))*(VALUE(block!L3911)<VALUE(block!$C$3:'block'!$C$500)+VALUE(block!$D$3:'block'!$D$500)),block!$A$3:'block'!$A$500,"无匹配",0,1) -> 55 | J49: R | K49: 2 | L49: 1 | N49: 4 | P49: 4-7-8 | Q49: 10-2-1 | S49: S_002_kVA
A50: 49 | B50: =_xlfn.XLOOKUP(1,(VALUE(D50)>=VALUE(block!$C$3:$C$500))*(VALUE(D50)<VALUE(block!$C$3:$C$500)+VALUE(block!$D$3:$D$500)),block!$A$3:$A$500,"无匹配",0,1) -> 2 | C50: =B50 & "-" & COUNTIF($B$2:B50, B50) -> 2-12 | D50: 8286 | E50: Input Channel 2 Load Nature | F50: LC_002 | H50: uint32 | I50: =_xlfn.XLOOKUP(1,(VALUE(L3912)>=VALUE(block!$C$3:'block'!$C$500))*(VALUE(block!L3912)<VALUE(block!$C$3:'block'!$C$500)+VALUE(block!$D$3:'block'!$D$500)),block!$A$3:'block'!$A$500,"无匹配",0,1) -> 55 | J50: R | K50: 2 | L50: 1 | Q50: 10
A51: 50 | B51: =_xlfn.XLOOKUP(1,(VALUE(D51)>=VALUE(block!$C$3:$C$500))*(VALUE(D51)<VALUE(block!$C$3:$C$500)+VALUE(block!$D$3:$D$500)),block!$A$3:$A$500,"无匹配",0,1) -> 2 | C51: =B51 & "-" & COUNTIF($B$2:B51, B51) -> 2-13 | D51: 8288 | E51: Input Channel 2 Power Factor | F51: PF_002 | G51: % | H51: float32 | I51: =_xlfn.XLOOKUP(1,(VALUE(L3913)>=VALUE(block!$C$3:'block'!$C$500))*(VALUE(block!L3913)<VALUE(block!$C$3:'block'!$C$500)+VALUE(block!$D$3:'block'!$D$500)),block!$A$3:'block'!$A$500,"无匹配",0,1) -> 55 | J51: R | K51: 2 | L51: 1 | N51: 4 | P51: 4-7-8 | Q51: 10-35 | S51: PF_002
A52: 51 | B52: =_xlfn.XLOOKUP(1,(VALUE(D52)>=VALUE(block!$C$3:$C$500))*(VALUE(D52)<VALUE(block!$C$3:$C$500)+VALUE(block!$D$3:$D$500)),block!$A$3:$A$500,"无匹配",0,1) -> 2 | C52: =B52 & "-" & COUNTIF($B$2:B52, B52) -> 2-14 | D52: 8290 | E52: Input Channel 2 Current Phase Angle | F52: ANG_I_002 | G52: ° | H52: float32 | I52: =_xlfn.XLOOKUP(1,(VALUE(L3914)>=VALUE(block!$C$3:'block'!$C$500))*(VALUE(block!L3914)<VALUE(block!$C$3:'block'!$C$500)+VALUE(block!$D$3:'block'!$D$500)),block!$A$3:'block'!$A$500,"无匹配",0,1) -> 55 | J52: R | K52: 2 | L52: 1 | N52: 4 | P52: 4-7-8 | Q52: 10 | S52: ANG_I_002
A53: 52 | B53: =_xlfn.XLOOKUP(1,(VALUE(D53)>=VALUE(block!$C$3:$C$500))*(VALUE(D53)<VALUE(block!$C$3:$C$500)+VALUE(block!$D$3:$D$500)),block!$A$3:$A$500,"无匹配",0,1) -> 2 | C53: =B53 & "-" & COUNTIF($B$2:B53, B53) -> 2-15 | D53: 8292 | E53: Input Channel 3 Current | F53: I_003_A | G53: A | H53: float32 | I53: =_xlfn.XLOOKUP(1,(VALUE(L3915)>=VALUE(block!$C$3:'block'!$C$500))*(VALUE(block!L3915)<VALUE(block!$C$3:'block'!$C$500)+VALUE(block!$D$3:'block'!$D$500)),block!$A$3:'block'!$A$500,"无匹配",0,1) -> 55 | J53: R | K53: 2 | L53: 1 | N53: 4 | P53: 4-7-8 | Q53: 10-2-1-35 | S53: I_003_A
A54: 53 | B54: =_xlfn.XLOOKUP(1,(VALUE(D54)>=VALUE(block!$C$3:$C$500))*(VALUE(D54)<VALUE(block!$C$3:$C$500)+VALUE(block!$D$3:$D$500)),block!$A$3:$A$500,"无匹配",0,1) -> 2 | C54: =B54 & "-" & COUNTIF($B$2:B54, B54) -> 2-16 | D54: 8294 | E54: Input Channel 3 Active Power | F54: P_003_kW | G54: kW | H54: float32 | I54: =_xlfn.XLOOKUP(1,(VALUE(L3916)>=VALUE(block!$C$3:'block'!$C$500))*(VALUE(block!L3916)<VALUE(block!$C$3:'block'!$C$500)+VALUE(block!$D$3:'block'!$D$500)),block!$A$3:'block'!$A$500,"无匹配",0,1) -> 55 | J54: R | K54: 2 | L54: 1 | N54: 4 | P54: 4-7-8 | Q54: 10-2-1-35 | S54: P_003_kW
A55: 54 | B55: =_xlfn.XLOOKUP(1,(VALUE(D55)>=VALUE(block!$C$3:$C$500))*(VALUE(D55)<VALUE(block!$C$3:$C$500)+VALUE(block!$D$3:$D$500)),block!$A$3:$A$500,"无匹配",0,1) -> 2 | C55: =B55 & "-" & COUNTIF($B$2:B55, B55) -> 2-17 | D55: 8296 | E55: Input Channel 3 Reactive Power | F55: Q_003_kvar | G55: kvar | H55: float32 | I55: =_xlfn.XLOOKUP(1,(VALUE(L3917)>=VALUE(block!$C$3:'block'!$C$500))*(VALUE(block!L3917)<VALUE(block!$C$3:'block'!$C$500)+VALUE(block!$D$3:'block'!$D$500)),block!$A$3:'block'!$A$500,"无匹配",0,1) -> 55 | J55: R | K55: 2 | L55: 1 | N55: 4 | P55: 4-7-8 | Q55: 10-2-1 | S55: Q_003_kvar
A56: 55 | B56: =_xlfn.XLOOKUP(1,(VALUE(D56)>=VALUE(block!$C$3:$C$500))*(VALUE(D56)<VALUE(block!$C$3:$C$500)+VALUE(block!$D$3:$D$500)),block!$A$3:$A$500,"无匹配",0,1) -> 2 | C56: =B56 & "-" & COUNTIF($B$2:B56, B56) -> 2-18 | D56: 8298 | E56: Input Channel 3 Apparent Power | F56: S_003_kVA | G56: kVA | H56: float32 | I56: =_xlfn.XLOOKUP(1,(VALUE(L3918)>=VALUE(block!$C$3:'block'!$C$500))*(VALUE(block!L3918)<VALUE(block!$C$3:'block'!$C$500)+VALUE(block!$D$3:'block'!$D$500)),block!$A$3:'block'!$A$500,"无匹配",0,1) -> 55 | J56: R | K56: 2 | L56: 1 | N56: 4 | P56: 4-7-8 | Q56: 10-2-1 | S56: S_003_kVA
A57: 56 | B57: =_xlfn.XLOOKUP(1,(VALUE(D57)>=VALUE(block!$C$3:$C$500))*(VALUE(D57)<VALUE(block!$C$3:$C$500)+VALUE(block!$D$3:$D$500)),block!$A$3:$A$500,"无匹配",0,1) -> 2 | C57: =B57 & "-" & COUNTIF($B$2:B57, B57) -> 2-19 | D57: 8300 | E57: Input Channel 3 Load Nature | F57: LC_003 | H57: uint32 | I57: =_xlfn.XLOOKUP(1,(VALUE(L3919)>=VALUE(block!$C$3:'block'!$C$500))*(VALUE(block!L3919)<VALUE(block!$C$3:'block'!$C$500)+VALUE(block!$D$3:'block'!$D$500)),block!$A$3:'block'!$A$500,"无匹配",0,1) -> 55 | J57: R | K57: 2 | L57: 1 | Q57: 10
A58: 57 | B58: =_xlfn.XLOOKUP(1,(VALUE(D58)>=VALUE(block!$C$3:$C$500))*(VALUE(D58)<VALUE(block!$C$3:$C$500)+VALUE(block!$D$3:$D$500)),block!$A$3:$A$500,"无匹配",0,1) -> 2 | C58: =B58 & "-" & COUNTIF($B$2:B58, B58) -> 2-20 | D58: 8302 | E58: Input Channel 3 Power Factor | F58: PF_003 | G58: % | H58: float32 | I58: =_xlfn.XLOOKUP(1,(VALUE(L3920)>=VALUE(block!$C$3:'block'!$C$500))*(VALUE(block!L3920)<VALUE(block!$C$3:'block'!$C$500)+VALUE(block!$D$3:'block'!$D$500)),block!$A$3:'block'!$A$500,"无匹配",0,1) -> 55 | J58: R | K58: 2 | L58: 1 | N58: 4 | P58: 4-7-8 | Q58: 10-35 | S58: PF_003
A59: 58 | B59: =_xlfn.XLOOKUP(1,(VALUE(D59)>=VALUE(block!$C$3:$C$500))*(VALUE(D59)<VALUE(block!$C$3:$C$500)+VALUE(block!$D$3:$D$500)),block!$A$3:$A$500,"无匹配",0,1) -> 2 | C59: =B59 & "-" & COUNTIF($B$2:B59, B59) -> 2-21 | D59: 8304 | E59: Input Channel 3 Current Phase Angle | F59: ANG_I_003 | G59: ° | H59: float32 | I59: =_xlfn.XLOOKUP(1,(VALUE(L3921)>=VALUE(block!$C$3:'block'!$C$500))*(VALUE(block!L3921)<VALUE(block!$C$3:'block'!$C$500)+VALUE(block!$D$3:'block'!$D$500)),block!$A$3:'block'!$A$500,"无匹配",0,1) -> 55 | J59: R | K59: 2 | L59: 1 | N59: 4 | P59: 4-7-8 | Q59: 10 | S59: ANG_I_003
A60: 59 | B60: =_xlfn.XLOOKUP(1,(VALUE(D60)>=VALUE(block!$C$3:$C$500))*(VALUE(D60)<VALUE(block!$C$3:$C$500)+VALUE(block!$D$3:$D$500)),block!$A$3:$A$500,"无匹配",0,1) -> 2 | C60: =B60 & "-" & COUNTIF($B$2:B60, B60) -> 2-22 | D60: 8306 | E60: Input Channel 4 Current | F60: I_004_A | G60: A | H60: float32 | I60: =_xlfn.XLOOKUP(1,(VALUE(L3922)>=VALUE(block!$C$3:'block'!$C$500))*(VALUE(block!L3922)<VALUE(block!$C$3:'block'!$C$500)+VALUE(block!$D$3:'block'!$D$500)),block!$A$3:'block'!$A$500,"无匹配",0,1) -> 55 | J60: R | K60: 2 | L60: 1 | N60: 4 | P60: 4-7-8 | Q60: 10-2-1-35 | S60: I_004_A
A61: 60 | B61: =_xlfn.XLOOKUP(1,(VALUE(D61)>=VALUE(block!$C$3:$C$500))*(VALUE(D61)<VALUE(block!$C$3:$C$500)+VALUE(block!$D$3:$D$500)),block!$A$3:$A$500,"无匹配",0,1) -> 2 | C61: =B61 & "-" & COUNTIF($B$2:B61, B61) -> 2-23 | D61: 8308 | E61: Input Channel 4 Active Power | F61: P_004_kW | G61: kW | H61: float32 | I61: =_xlfn.XLOOKUP(1,(VALUE(L3923)>=VALUE(block!$C$3:'block'!$C$500))*(VALUE(block!L3923)<VALUE(block!$C$3:'block'!$C$500)+VALUE(block!$D$3:'block'!$D$500)),block!$A$3:'block'!$A$500,"无匹配",0,1) -> 55 | J61: R | K61: 2 | L61: 1 | N61: 4 | P61: 4-7-8 | Q61: 10-2-1-35 | S61: P_004_kW
A62: 61 | B62: =_xlfn.XLOOKUP(1,(VALUE(D62)>=VALUE(block!$C$3:$C$500))*(VALUE(D62)<VALUE(block!$C$3:$C$500)+VALUE(block!$D$3:$D$500)),block!$A$3:$A$500,"无匹配",0,1) -> 2 | C62: =B62 & "-" & COUNTIF($B$2:B62, B62) -> 2-24 | D62: 8310 | E62: Input Channel 4 Reactive Power | F62: Q_004_kvar | G62: kvar | H62: float32 | I62: =_xlfn.XLOOKUP(1,(VALUE(L3924)>=VALUE(block!$C$3:'block'!$C$500))*(VALUE(block!L3924)<VALUE(block!$C$3:'block'!$C$500)+VALUE(block!$D$3:'block'!$D$500)),block!$A$3:'block'!$A$500,"无匹配",0,1) -> 55 | J62: R | K62: 2 | L62: 1 | N62: 4 | P62: 4-7-8 | Q62: 10-2-1 | S62: Q_004_kvar
A63: 62 | B63: =_xlfn.XLOOKUP(1,(VALUE(D63)>=VALUE(block!$C$3:$C$500))*(VALUE(D63)<VALUE(block!$C$3:$C$500)+VALUE(block!$D$3:$D$500)),block!$A$3:$A$500,"无匹配",0,1) -> 2 | C63: =B63 & "-" & COUNTIF($B$2:B63, B63) -> 2-25 | D63: 8312 | E63: Input Channel 4 Apparent Power | F63: S_004_kVA | G63: kVA | H63: float32 | I63: =_xlfn.XLOOKUP(1,(VALUE(L3925)>=VALUE(block!$C$3:'block'!$C$500))*(VALUE(block!L3925)<VALUE(block!$C$3:'block'!$C$500)+VALUE(block!$D$3:'block'!$D$500)),block!$A$3:'block'!$A$500,"无匹配",0,1) -> 55 | J63: R | K63: 2 | L63: 1 | N63: 4 | P63: 4-7-8 | Q63: 10-2-1 | S63: S_004_kVA
A64: 63 | B64: =_xlfn.XLOOKUP(1,(VALUE(D64)>=VALUE(block!$C$3:$C$500))*(VALUE(D64)<VALUE(block!$C$3:$C$500)+VALUE(block!$D$3:$D$500)),block!$A$3:$A$500,"无匹配",0,1) -> 2 | C64: =B64 & "-" & COUNTIF($B$2:B64, B64) -> 2-26 | D64: 8314 | E64: Input Channel 4 Load Nature | F64: LC_004 | H64: uint32 | I64: =_xlfn.XLOOKUP(1,(VALUE(L3926)>=VALUE(block!$C$3:'block'!$C$500))*(VALUE(block!L3926)<VALUE(block!$C$3:'block'!$C$500)+VALUE(block!$D$3:'block'!$D$500)),block!$A$3:'block'!$A$500,"无匹配",0,1) -> 55 | J64: R | K64: 2 | L64: 1 | Q64: 10
A65: 64 | B65: =_xlfn.XLOOKUP(1,(VALUE(D65)>=VALUE(block!$C$3:$C$500))*(VALUE(D65)<VALUE(block!$C$3:$C$500)+VALUE(block!$D$3:$D$500)),block!$A$3:$A$500,"无匹配",0,1) -> 2 | C65: =B65 & "-" & COUNTIF($B$2:B65, B65) -> 2-27 | D65: 8316 | E65: Input Channel 4 Power Factor | F65: PF_004 | G65: % | H65: float32 | I65: =_xlfn.XLOOKUP(1,(VALUE(L3927)>=VALUE(block!$C$3:'block'!$C$500))*(VALUE(block!L3927)<VALUE(block!$C$3:'block'!$C$500)+VALUE(block!$D$3:'block'!$D$500)),block!$A$3:'block'!$A$500,"无匹配",0,1) -> 55 | J65: R | K65: 2 | L65: 1 | N65: 4 | P65: 4-7-8 | Q65: 10-35 | S65: PF_004
A66: 65 | B66: =_xlfn.XLOOKUP(1,(VALUE(D66)>=VALUE(block!$C$3:$C$500))*(VALUE(D66)<VALUE(block!$C$3:$C$500)+VALUE(block!$D$3:$D$500)),block!$A$3:$A$500,"无匹配",0,1) -> 2 | C66: =B66 & "-" & COUNTIF($B$2:B66, B66) -> 2-28 | D66: 8318 | E66: Input Channel 4 Current Phase Angle | F66: ANG_I_004 | G66: ° | H66: float32 | I66: =_xlfn.XLOOKUP(1,(VALUE(L3928)>=VALUE(block!$C$3:'block'!$C$500))*(VALUE(block!L3928)<VALUE(block!$C$3:'block'!$C$500)+VALUE(block!$D$3:'block'!$D$500)),block!$A$3:'block'!$A$500,"无匹配",0,1) -> 55 | J66: R | K66: 2 | L66: 1 | N66: 4 | P66: 4-7-8 | Q66: 10 | S66: ANG_I_004
A67: 66 | B67: =_xlfn.XLOOKUP(1,(VALUE(D67)>=VALUE(block!$C$3:$C$500))*(VALUE(D67)<VALUE(block!$C$3:$C$500)+VALUE(block!$D$3:$D$500)),block!$A$3:$A$500,"无匹配",0,1) -> 2 | C67: =B67 & "-" & COUNTIF($B$2:B67, B67) -> 2-29 | D67: 8320 | E67: Input Channel 5 Current | F67: I_005_A | G67: A | H67: float32 | I67: =IF(H67="uint16",1,IF(H67="int16",3,IF(H67="uint32",6,IF(H67="int32",10,IF(H67="uint64",14,IF(H67="int64",18,IF(H67="float32",22,""))))))) -> 22 | J67: R | K67: 2 | L67: 1 | N67: 4 | P67: 4-7-8 | Q67: 10-2-1-35 | S67: I_005_A
A68: 67 | B68: =_xlfn.XLOOKUP(1,(VALUE(D68)>=VALUE(block!$C$3:$C$500))*(VALUE(D68)<VALUE(block!$C$3:$C$500)+VALUE(block!$D$3:$D$500)),block!$A$3:$A$500,"无匹配",0,1) -> 2 | C68: =B68 & "-" & COUNTIF($B$2:B68, B68) -> 2-30 | D68: 8322 | E68: Input Channel 5 Active Power | F68: P_005_kW | G68: kW | H68: float32 | I68: =IF(H68="T17",1,IF(H68="T17",3,IF(H68="T33",6,IF(H68="T33",10,IF(H68="T65",14,IF(H68="T65",18,IF(H68="T33",22,""))))))) | J68: R | K68: 2 | L68: 1 | N68: 4 | P68: 4-7-8 | Q68: 10-2-1-35 | S68: P_005_kW
A69: 68 | B69: =_xlfn.XLOOKUP(1,(VALUE(D69)>=VALUE(block!$C$3:$C$500))*(VALUE(D69)<VALUE(block!$C$3:$C$500)+VALUE(block!$D$3:$D$500)),block!$A$3:$A$500,"无匹配",0,1) -> 2 | C69: =B69 & "-" & COUNTIF($B$2:B69, B69) -> 2-31 | D69: 8324 | E69: Input Channel 5 Reactive Power | F69: Q_005_kvar | G69: kvar | H69: float32 | I69: =IF(H69="T18",1,IF(H69="T18",3,IF(H69="T34",6,IF(H69="T34",10,IF(H69="T66",14,IF(H69="T66",18,IF(H69="T34",22,""))))))) | J69: R | K69: 2 | L69: 1 | N69: 4 | P69: 4-7-8 | Q69: 10-2-1 | S69: Q_005_kvar
A70: 69 | B70: =_xlfn.XLOOKUP(1,(VALUE(D70)>=VALUE(block!$C$3:$C$500))*(VALUE(D70)<VALUE(block!$C$3:$C$500)+VALUE(block!$D$3:$D$500)),block!$A$3:$A$500,"无匹配",0,1) -> 2 | C70: =B70 & "-" & COUNTIF($B$2:B70, B70) -> 2-32 | D70: 8326 | E70: Input Channel 5 Apparent Power | F70: S_005_kVA | G70: kVA | H70: float32 | I70: =IF(H70="T19",1,IF(H70="T19",3,IF(H70="T35",6,IF(H70="T35",10,IF(H70="T67",14,IF(H70="T67",18,IF(H70="T35",22,""))))))) | J70: R | K70: 2 | L70: 1 | N70: 4 | P70: 4-7-8 | Q70: 10-2-1 | S70: S_005_kVA
A71: 70 | B71: =_xlfn.XLOOKUP(1,(VALUE(D71)>=VALUE(block!$C$3:$C$500))*(VALUE(D71)<VALUE(block!$C$3:$C$500)+VALUE(block!$D$3:$D$500)),block!$A$3:$A$500,"无匹配",0,1) -> 2 | C71: =B71 & "-" & COUNTIF($B$2:B71, B71) -> 2-33 | D71: 8328 | E71: Input Channel 5 Load Nature | F71: LC_005 | H71: uint32 | I71: =IF(H71="T20",1,IF(H71="T20",3,IF(H71="T36",6,IF(H71="T36",10,IF(H71="T68",14,IF(H71="T68",18,IF(H71="T36",22,""))))))) | J71: R | K71: 2 | L71: 1 | Q71: 10
A72: 71 | B72: =_xlfn.XLOOKUP(1,(VALUE(D72)>=VALUE(block!$C$3:$C$500))*(VALUE(D72)<VALUE(block!$C$3:$C$500)+VALUE(block!$D$3:$D$500)),block!$A$3:$A$500,"无匹配",0,1) -> 2 | C72: =B72 & "-" & COUNTIF($B$2:B72, B72) -> 2-34 | D72: 8330 | E72: Input Channel 5 Power Factor | F72: PF_005 | G72: % | H72: float32 | I72: =IF(H72="T21",1,IF(H72="T21",3,IF(H72="T37",6,IF(H72="T37",10,IF(H72="T69",14,IF(H72="T69",18,IF(H72="T37",22,""))))))) | J72: R | K72: 2 | L72: 1 | N72: 4 | P72: 4-7-8 | Q72: 10-35 | S72: PF_005
A73: 72 | B73: =_xlfn.XLOOKUP(1,(VALUE(D73)>=VALUE(block!$C$3:$C$500))*(VALUE(D73)<VALUE(block!$C$3:$C$500)+VALUE(block!$D$3:$D$500)),block!$A$3:$A$500,"无匹配",0,1) -> 2 | C73: =B73 & "-" & COUNTIF($B$2:B73, B73) -> 2-35 | D73: 8332 | E73: Input Channel 5 Current Phase Angle | F73: ANG_I_005 | G73: ° | H73: float32 | I73: =IF(H73="T22",1,IF(H73="T22",3,IF(H73="T38",6,IF(H73="T38",10,IF(H73="T70",14,IF(H73="T70",18,IF(H73="T38",22,""))))))) | J73: R | K73: 2 | L73: 1 | N73: 4 | P73: 4-7-8 | Q73: 10 | S73: ANG_I_005
A74: 73 | B74: =_xlfn.XLOOKUP(1,(VALUE(D74)>=VALUE(block!$C$3:$C$500))*(VALUE(D74)<VALUE(block!$C$3:$C$500)+VALUE(block!$D$3:$D$500)),block!$A$3:$A$500,"无匹配",0,1) -> 2 | C74: =B74 & "-" & COUNTIF($B$2:B74, B74) -> 2-36 | D74: 8334 | E74: Input Channel 6 Current | F74: I_006_A | G74: A | H74: float32 | I74: =IF(H74="T23",1,IF(H74="T23",3,IF(H74="T39",6,IF(H74="T39",10,IF(H74="T71",14,IF(H74="T71",18,IF(H74="T39",22,""))))))) | J74: R | K74: 2 | L74: 1 | N74: 4 | P74: 4-7-8 | Q74: 10-2-1-35 | S74: I_006_A
A75: 74 | B75: =_xlfn.XLOOKUP(1,(VALUE(D75)>=VALUE(block!$C$3:$C$500))*(VALUE(D75)<VALUE(block!$C$3:$C$500)+VALUE(block!$D$3:$D$500)),block!$A$3:$A$500,"无匹配",0,1) -> 2 | C75: =B75 & "-" & COUNTIF($B$2:B75, B75) -> 2-37 | D75: 8336 | E75: Input Channel 6 Active Power | F75: P_006_kW | G75: kW | H75: float32 | I75: =IF(H75="T24",1,IF(H75="T24",3,IF(H75="T40",6,IF(H75="T40",10,IF(H75="T72",14,IF(H75="T72",18,IF(H75="T40",22,""))))))) | J75: R | K75: 2 | L75: 1 | N75: 4 | P75: 4-7-8 | Q75: 10-2-1-35 | S75: P_006_kW
A76: 75 | B76: =_xlfn.XLOOKUP(1,(VALUE(D76)>=VALUE(block!$C$3:$C$500))*(VALUE(D76)<VALUE(block!$C$3:$C$500)+VALUE(block!$D$3:$D$500)),block!$A$3:$A$500,"无匹配",0,1) -> 2 | C76: =B76 & "-" & COUNTIF($B$2:B76, B76) -> 2-38 | D76: 8338 | E76: Input Channel 6 Reactive Power | F76: Q_006_kvar | G76: kvar | H76: float32 | I76: =IF(H76="T25",1,IF(H76="T25",3,IF(H76="T41",6,IF(H76="T41",10,IF(H76="T73",14,IF(H76="T73",18,IF(H76="T41",22,""))))))) | J76: R | K76: 2 | L76: 1 | N76: 4 | P76: 4-7-8 | Q76: 10-2-1 | S76: Q_006_kvar
A77: 76 | B77: =_xlfn.XLOOKUP(1,(VALUE(D77)>=VALUE(block!$C$3:$C$500))*(VALUE(D77)<VALUE(block!$C$3:$C$500)+VALUE(block!$D$3:$D$500)),block!$A$3:$A$500,"无匹配",0,1) -> 2 | C77: =B77 & "-" & COUNTIF($B$2:B77, B77) -> 2-39 | D77: 8340 | E77: Input Channel 6 Apparent Power | F77: S_006_kVA | G77: kVA | H77: float32 | I77: =IF(H77="T26",1,IF(H77="T26",3,IF(H77="T42",6,IF(H77="T42",10,IF(H77="T74",14,IF(H77="T74",18,IF(H77="T42",22,""))))))) | J77: R | K77: 2 | L77: 1 | N77: 4 | P77: 4-7-8 | Q77: 10-2-1 | S77: S_006_kVA
A78: 77 | B78: =_xlfn.XLOOKUP(1,(VALUE(D78)>=VALUE(block!$C$3:$C$500))*(VALUE(D78)<VALUE(block!$C$3:$C$500)+VALUE(block!$D$3:$D$500)),block!$A$3:$A$500,"无匹配",0,1) -> 2 | C78: =B78 & "-" & COUNTIF($B$2:B78, B78) -> 2-40 | D78: 8342 | E78: Input Channel 6 Load Nature | F78: LC_006 | H78: uint32 | I78: =IF(H78="T27",1,IF(H78="T27",3,IF(H78="T43",6,IF(H78="T43",10,IF(H78="T75",14,IF(H78="T75",18,IF(H78="T43",22,""))))))) | J78: R | K78: 2 | L78: 1 | Q78: 10
A79: 78 | B79: =_xlfn.XLOOKUP(1,(VALUE(D79)>=VALUE(block!$C$3:$C$500))*(VALUE(D79)<VALUE(block!$C$3:$C$500)+VALUE(block!$D$3:$D$500)),block!$A$3:$A$500,"无匹配",0,1) -> 2 | C79: =B79 & "-" & COUNTIF($B$2:B79, B79) -> 2-41 | D79: 8344 | E79: Input Channel 6 Power Factor | F79: PF_006 | G79: % | H79: float32 | I79: =IF(H79="T28",1,IF(H79="T28",3,IF(H79="T44",6,IF(H79="T44",10,IF(H79="T76",14,IF(H79="T76",18,IF(H79="T44",22,""))))))) | J79: R | K79: 2 | L79: 1 | N79: 4 | P79: 4-7-8 | Q79: 10-35 | S79: PF_006
A80: 79 | B80: =_xlfn.XLOOKUP(1,(VALUE(D80)>=VALUE(block!$C$3:$C$500))*(VALUE(D80)<VALUE(block!$C$3:$C$500)+VALUE(block!$D$3:$D$500)),block!$A$3:$A$500,"无匹配",0,1) -> 2 | C80: =B80 & "-" & COUNTIF($B$2:B80, B80) -> 2-42 | D80: 8346 | E80: Input Channel 6 Current Phase Angle | F80: ANG_I_006 | G80: ° | H80: float32 | I80: =IF(H80="T29",1,IF(H80="T29",3,IF(H80="T45",6,IF(H80="T45",10,IF(H80="T77",14,IF(H80="T77",18,IF(H80="T45",22,""))))))) | J80: R | K80: 2 | L80: 1 | N80: 4 | P80: 4-7-8 | Q80: 10 | S80: ANG_I_006
A81: 80 | B81: =_xlfn.XLOOKUP(1,(VALUE(D81)>=VALUE(block!$C$3:$C$500))*(VALUE(D81)<VALUE(block!$C$3:$C$500)+VALUE(block!$D$3:$D$500)),block!$A$3:$A$500,"无匹配",0,1) -> 2 | C81: =B81 & "-" & COUNTIF($B$2:B81, B81) -> 2-43 | D81: 8348 | E81: Input Channel 7 Current | F81: I_007_A | G81: A | H81: float32 | I81: =IF(H81="T30",1,IF(H81="T30",3,IF(H81="T46",6,IF(H81="T46",10,IF(H81="T78",14,IF(H81="T78",18,IF(H81="T46",22,""))))))) | J81: R | K81: 2 | L81: 1 | N81: 4 | P81: 4-7-8 | Q81: 10-2-1-35 | S81: I_007_A
A82: 81 | B82: =_xlfn.XLOOKUP(1,(VALUE(D82)>=VALUE(block!$C$3:$C$500))*(VALUE(D82)<VALUE(block!$C$3:$C$500)+VALUE(block!$D$3:$D$500)),block!$A$3:$A$500,"无匹配",0,1) -> 2 | C82: =B82 & "-" & COUNTIF($B$2:B82, B82) -> 2-44 | D82: 8350 | E82: Input Channel 7 Active Power | F82: P_007_kW | G82: kW | H82: float32 | I82: =IF(H82="T31",1,IF(H82="T31",3,IF(H82="T47",6,IF(H82="T47",10,IF(H82="T79",14,IF(H82="T79",18,IF(H82="T47",22,""))))))) | J82: R | K82: 2 | L82: 1 | N82: 4 | P82: 4-7-8 | Q82: 10-2-1-35 | S82: P_007_kW
A83: 82 | B83: =_xlfn.XLOOKUP(1,(VALUE(D83)>=VALUE(block!$C$3:$C$500))*(VALUE(D83)<VALUE(block!$C$3:$C$500)+VALUE(block!$D$3:$D$500)),block!$A$3:$A$500,"无匹配",0,1) -> 2 | C83: =B83 & "-" & COUNTIF($B$2:B83, B83) -> 2-45 | D83: 8352 | E83: Input Channel 7 Reactive Power | F83: Q_007_kvar | G83: kvar | H83: float32 | I83: =IF(H83="T32",1,IF(H83="T32",3,IF(H83="T48",6,IF(H83="T48",10,IF(H83="T80",14,IF(H83="T80",18,IF(H83="T48",22,""))))))) | J83: R | K83: 2 | L83: 1 | N83: 4 | P83: 4-7-8 | Q83: 10-2-1 | S83: Q_007_kvar
A84: 83 | B84: =_xlfn.XLOOKUP(1,(VALUE(D84)>=VALUE(block!$C$3:$C$500))*(VALUE(D84)<VALUE(block!$C$3:$C$500)+VALUE(block!$D$3:$D$500)),block!$A$3:$A$500,"无匹配",0,1) -> 2 | C84: =B84 & "-" & COUNTIF($B$2:B84, B84) -> 2-46 | D84: 8354 | E84: Input Channel 7 Apparent Power | F84: S_007_kVA | G84: kVA | H84: float32 | I84: =IF(H84="T33",1,IF(H84="T33",3,IF(H84="T49",6,IF(H84="T49",10,IF(H84="T81",14,IF(H84="T81",18,IF(H84="T49",22,""))))))) | J84: R | K84: 2 | L84: 1 | N84: 4 | P84: 4-7-8 | Q84: 10-2-1 | S84: S_007_kVA
A85: 84 | B85: =_xlfn.XLOOKUP(1,(VALUE(D85)>=VALUE(block!$C$3:$C$500))*(VALUE(D85)<VALUE(block!$C$3:$C$500)+VALUE(block!$D$3:$D$500)),block!$A$3:$A$500,"无匹配",0,1) -> 2 | C85: =B85 & "-" & COUNTIF($B$2:B85, B85) -> 2-47 | D85: 8356 | E85: Input Channel 7 Load Nature | F85: LC_007 | H85: uint32 | I85: =IF(H85="T34",1,IF(H85="T34",3,IF(H85="T50",6,IF(H85="T50",10,IF(H85="T82",14,IF(H85="T82",18,IF(H85="T50",22,""))))))) | J85: R | K85: 2 | L85: 1 | Q85: 10
A86: 85 | B86: =_xlfn.XLOOKUP(1,(VALUE(D86)>=VALUE(block!$C$3:$C$500))*(VALUE(D86)<VALUE(block!$C$3:$C$500)+VALUE(block!$D$3:$D$500)),block!$A$3:$A$500,"无匹配",0,1) -> 2 | C86: =B86 & "-" & COUNTIF($B$2:B86, B86) -> 2-48 | D86: 8358 | E86: Input Channel 7 Power Factor | F86: PF_007 | G86: % | H86: float32 | I86: =IF(H86="T35",1,IF(H86="T35",3,IF(H86="T51",6,IF(H86="T51",10,IF(H86="T83",14,IF(H86="T83",18,IF(H86="T51",22,""))))))) | J86: R | K86: 2 | L86: 1 | N86: 4 | P86: 4-7-8 | Q86: 10-35 | S86: PF_007
A87: 86 | B87: =_xlfn.XLOOKUP(1,(VALUE(D87)>=VALUE(block!$C$3:$C$500))*(VALUE(D87)<VALUE(block!$C$3:$C$500)+VALUE(block!$D$3:$D$500)),block!$A$3:$A$500,"无匹配",0,1) -> 2 | C87: =B87 & "-" & COUNTIF($B$2:B87, B87) -> 2-49 | D87: 8360 | E87: Input Channel 7 Current Phase Angle | F87: ANG_I_007 | G87: ° | H87: float32 | I87: =IF(H87="T36",1,IF(H87="T36",3,IF(H87="T52",6,IF(H87="T52",10,IF(H87="T84",14,IF(H87="T84",18,IF(H87="T52",22,""))))))) | J87: R | K87: 2 | L87: 1 | N87: 4 | P87: 4-7-8 | Q87: 10 | S87: ANG_I_007
A88: 87 | B88: =_xlfn.XLOOKUP(1,(VALUE(D88)>=VALUE(block!$C$3:$C$500))*(VALUE(D88)<VALUE(block!$C$3:$C$500)+VALUE(block!$D$3:$D$500)),block!$A$3:$A$500,"无匹配",0,1) -> 2 | C88: =B88 & "-" & COUNTIF($B$2:B88, B88) -> 2-50 | D88: 8362 | E88: Input Channel 8 Current | F88: I_008_A | G88: A | H88: float32 | I88: =IF(H88="T37",1,IF(H88="T37",3,IF(H88="T53",6,IF(H88="T53",10,IF(H88="T85",14,IF(H88="T85",18,IF(H88="T53",22,""))))))) | J88: R | K88: 2 | L88: 1 | N88: 4 | P88: 4-7-8 | Q88: 10-2-1-35 | S88: I_008_A
A89: 88 | B89: =_xlfn.XLOOKUP(1,(VALUE(D89)>=VALUE(block!$C$3:$C$500))*(VALUE(D89)<VALUE(block!$C$3:$C$500)+VALUE(block!$D$3:$D$500)),block!$A$3:$A$500,"无匹配",0,1) -> 2 | C89: =B89 & "-" & COUNTIF($B$2:B89, B89) -> 2-51 | D89: 8364 | E89: Input Channel 8 Active Power | F89: P_008_kW | G89: kW | H89: float32 | I89: =IF(H89="T38",1,IF(H89="T38",3,IF(H89="T54",6,IF(H89="T54",10,IF(H89="T86",14,IF(H89="T86",18,IF(H89="T54",22,""))))))) | J89: R | K89: 2 | L89: 1 | N89: 4 | P89: 4-7-8 | Q89: 10-2-1-35 | S89: P_008_kW
A90: 89 | B90: =_xlfn.XLOOKUP(1,(VALUE(D90)>=VALUE(block!$C$3:$C$500))*(VALUE(D90)<VALUE(block!$C$3:$C$500)+VALUE(block!$D$3:$D$500)),block!$A$3:$A$500,"无匹配",0,1) -> 2 | C90: =B90 & "-" & COUNTIF($B$2:B90, B90) -> 2-52 | D90: 8366 | E90: Input Channel 8 Reactive Power | F90: Q_008_kvar | G90: kvar | H90: float32 | I90: =IF(H90="T39",1,IF(H90="T39",3,IF(H90="T55",6,IF(H90="T55",10,IF(H90="T87",14,IF(H90="T87",18,IF(H90="T55",22,""))))))) | J90: R | K90: 2 | L90: 1 | N90: 4 | P90: 4-7-8 | Q90: 10-2-1 | S90: Q_008_kvar
A91: 90 | B91: =_xlfn.XLOOKUP(1,(VALUE(D91)>=VALUE(block!$C$3:$C$500))*(VALUE(D91)<VALUE(block!$C$3:$C$500)+VALUE(block!$D$3:$D$500)),block!$A$3:$A$500,"无匹配",0,1) -> 2 | C91: =B91 & "-" & COUNTIF($B$2:B91, B91) -> 2-53 | D91: 8368 | E91: Input Channel 8 Apparent Power | F91: S_008_kVA | G91: kVA | H91: float32 | I91: =IF(H91="T40",1,IF(H91="T40",3,IF(H91="T56",6,IF(H91="T56",10,IF(H91="T88",14,IF(H91="T88",18,IF(H91="T56",22,""))))))) | J91: R | K91: 2 | L91: 1 | N91: 4 | P91: 4-7-8 | Q91: 10-2-1 | S91: S_008_kVA
A92: 91 | B92: =_xlfn.XLOOKUP(1,(VALUE(D92)>=VALUE(block!$C$3:$C$500))*(VALUE(D92)<VALUE(block!$C$3:$C$500)+VALUE(block!$D$3:$D$500)),block!$A$3:$A$500,"无匹配",0,1) -> 2 | C92: =B92 & "-" & COUNTIF($B$2:B92, B92) -> 2-54 | D92: 8370 | E92: Input Channel 8 Load Nature | F92: LC_008 | H92: uint32 | I92: =IF(H92="T41",1,IF(H92="T41",3,IF(H92="T57",6,IF(H92="T57",10,IF(H92="T89",14,IF(H92="T89",18,IF(H92="T57",22,""))))))) | J92: R | K92: 2 | L92: 1 | Q92: 10
A93: 92 | B93: =_xlfn.XLOOKUP(1,(VALUE(D93)>=VALUE(block!$C$3:$C$500))*(VALUE(D93)<VALUE(block!$C$3:$C$500)+VALUE(block!$D$3:$D$500)),block!$A$3:$A$500,"无匹配",0,1) -> 2 | C93: =B93 & "-" & COUNTIF($B$2:B93, B93) -> 2-55 | D93: 8372 | E93: Input Channel 8 Power Factor | F93: PF_008 | G93: % | H93: float32 | I93: =IF(H93="T42",1,IF(H93="T42",3,IF(H93="T58",6,IF(H93="T58",10,IF(H93="T90",14,IF(H93="T90",18,IF(H93="T58",22,""))))))) | J93: R | K93: 2 | L93: 1 | N93: 4 | P93: 4-7-8 | Q93: 10-35 | S93: PF_008
A94: 93 | B94: =_xlfn.XLOOKUP(1,(VALUE(D94)>=VALUE(block!$C$3:$C$500))*(VALUE(D94)<VALUE(block!$C$3:$C$500)+VALUE(block!$D$3:$D$500)),block!$A$3:$A$500,"无匹配",0,1) -> 2 | C94: =B94 & "-" & COUNTIF($B$2:B94, B94) -> 2-56 | D94: 8374 | E94: Input Channel 8 Current Phase Angle | F94: ANG_I_008 | G94: ° | H94: float32 | I94: =IF(H94="T43",1,IF(H94="T43",3,IF(H94="T59",6,IF(H94="T59",10,IF(H94="T91",14,IF(H94="T91",18,IF(H94="T59",22,""))))))) | J94: R | K94: 2 | L94: 1 | N94: 4 | P94: 4-7-8 | Q94: 10 | S94: ANG_I_008
A95: 94 | B95: =_xlfn.XLOOKUP(1,(VALUE(D95)>=VALUE(block!$C$3:$C$500))*(VALUE(D95)<VALUE(block!$C$3:$C$500)+VALUE(block!$D$3:$D$500)),block!$A$3:$A$500,"无匹配",0,1) -> 3 | C95: =B95 & "-" & COUNTIF($B$2:B95, B95) -> 3-1 | D95: 8376 | E95: Input Channel 9 Current | F95: I_009_A | G95: A | H95: float32 | I95: =IF(H95="T44",1,IF(H95="T44",3,IF(H95="T60",6,IF(H95="T60",10,IF(H95="T92",14,IF(H95="T92",18,IF(H95="T60",22,""))))))) | J95: R | K95: 2 | L95: 1 | N95: 4 | P95: 4-7-8 | Q95: 10-2-1-35 | S95: I_009_A
A96: 95 | B96: =_xlfn.XLOOKUP(1,(VALUE(D96)>=VALUE(block!$C$3:$C$500))*(VALUE(D96)<VALUE(block!$C$3:$C$500)+VALUE(block!$D$3:$D$500)),block!$A$3:$A$500,"无匹配",0,1) -> 3 | C96: =B96 & "-" & COUNTIF($B$2:B96, B96) -> 3-2 | D96: 8378 | E96: Input Channel 9 Active Power | F96: P_009_kW | G96: kW | H96: float32 | I96: =IF(H96="T45",1,IF(H96="T45",3,IF(H96="T61",6,IF(H96="T61",10,IF(H96="T93",14,IF(H96="T93",18,IF(H96="T61",22,""))))))) | J96: R | K96: 2 | L96: 1 | N96: 4 | P96: 4-7-8 | Q96: 10-2-1-35 | S96: P_009_kW
A97: 96 | B97: =_xlfn.XLOOKUP(1,(VALUE(D97)>=VALUE(block!$C$3:$C$500))*(VALUE(D97)<VALUE(block!$C$3:$C$500)+VALUE(block!$D$3:$D$500)),block!$A$3:$A$500,"无匹配",0,1) -> 3 | C97: =B97 & "-" & COUNTIF($B$2:B97, B97) -> 3-3 | D97: 8380 | E97: Input Channel 9 Reactive Power | F97: Q_009_kvar | G97: kvar | H97: float32 | I97: =IF(H97="T46",1,IF(H97="T46",3,IF(H97="T62",6,IF(H97="T62",10,IF(H97="T94",14,IF(H97="T94",18,IF(H97="T62",22,""))))))) | J97: R | K97: 2 | L97: 1 | N97: 4 | P97: 4-7-8 | Q97: 10-2-1 | S97: Q_009_kvar
A98: 97 | B98: =_xlfn.XLOOKUP(1,(VALUE(D98)>=VALUE(block!$C$3:$C$500))*(VALUE(D98)<VALUE(block!$C$3:$C$500)+VALUE(block!$D$3:$D$500)),block!$A$3:$A$500,"无匹配",0,1) -> 3 | C98: =B98 & "-" & COUNTIF($B$2:B98, B98) -> 3-4 | D98: 8382 | E98: Input Channel 9 Apparent Power | F98: S_009_kVA | G98: kVA | H98: float32 | I98: =IF(H98="T47",1,IF(H98="T47",3,IF(H98="T63",6,IF(H98="T63",10,IF(H98="T95",14,IF(H98="T95",18,IF(H98="T63",22,""))))))) | J98: R | K98: 2 | L98: 1 | N98: 4 | P98: 4-7-8 | Q98: 10-2-1 | S98: S_009_kVA
A99: 98 | B99: =_xlfn.XLOOKUP(1,(VALUE(D99)>=VALUE(block!$C$3:$C$500))*(VALUE(D99)<VALUE(block!$C$3:$C$500)+VALUE(block!$D$3:$D$500)),block!$A$3:$A$500,"无匹配",0,1) -> 3 | C99: =B99 & "-" & COUNTIF($B$2:B99, B99) -> 3-5 | D99: 8384 | E99: Input Channel 9 Load Nature | F99: LC_009 | H99: uint32 | I99: =IF(H99="T48",1,IF(H99="T48",3,IF(H99="T64",6,IF(H99="T64",10,IF(H99="T96",14,IF(H99="T96",18,IF(H99="T64",22,""))))))) | J99: R | K99: 2 | L99: 1 | Q99: 10
A100: 99 | B100: =_xlfn.XLOOKUP(1,(VALUE(D100)>=VALUE(block!$C$3:$C$500))*(VALUE(D100)<VALUE(block!$C$3:$C$500)+VALUE(block!$D$3:$D$500)),block!$A$3:$A$500,"无匹配",0,1) -> 3 | C100: =B100 & "-" & COUNTIF($B$2:B100, B100) -> 3-6 | D100: 8386 | E100: Input Channel 9 Power Factor | F100: PF_009 | G100: % | H100: float32 | I100: =IF(H100="T49",1,IF(H100="T49",3,IF(H100="T65",6,IF(H100="T65",10,IF(H100="T97",14,IF(H100="T97",18,IF(H100="T65",22,""))))))) | J100: R | K100: 2 | L100: 1 | N100: 4 | P100: 4-7-8 | Q100: 10-35 | S100: PF_009
A101: 100 | B101: =_xlfn.XLOOKUP(1,(VALUE(D101)>=VALUE(block!$C$3:$C$500))*(VALUE(D101)<VALUE(block!$C$3:$C$500)+VALUE(block!$D$3:$D$500)),block!$A$3:$A$500,"无匹配",0,1) -> 3 | C101: =B101 & "-" & COUNTIF($B$2:B101, B101) -> 3-7 | D101: 8388 | E101: Input Channel 9 Current Phase Angle | F101: ANG_I_009 | G101: ° | H101: float32 | I101: =IF(H101="T50",1,IF(H101="T50",3,IF(H101="T66",6,IF(H101="T66",10,IF(H101="T98",14,IF(H101="T98",18,IF(H101="T66",22,""))))))) | J101: R | K101: 2 | L101: 1 | N101: 4 | P101: 4-7-8 | Q101: 10 | S101: ANG_I_009
A102: 101 | B102: =_xlfn.XLOOKUP(1,(VALUE(D102)>=VALUE(block!$C$3:$C$500))*(VALUE(D102)<VALUE(block!$C$3:$C$500)+VALUE(block!$D$3:$D$500)),block!$A$3:$A$500,"无匹配",0,1) -> 3 | C102: =B102 & "-" & COUNTIF($B$2:B102, B102) -> 3-8 | D102: 8390 | E102: Input Channel 10 Current | F102: I_010_A | G102: A | H102: float32 | I102: =IF(H102="T51",1,IF(H102="T51",3,IF(H102="T67",6,IF(H102="T67",10,IF(H102="T99",14,IF(H102="T99",18,IF(H102="T67",22,""))))))) | J102: R | K102: 2 | L102: 1 | N102: 4 | P102: 4-7-8 | Q102: 10-2-1-35 | S102: I_010_A
...

Sheet analysisUnits
A1: analysisUnitId | B1: analysisUnitTypeName

Sheet analysisParams
A1: threePhaseMeterAnalysis | B1: threePhaseMeterAnalysis | C1: threePhaseMeterAnalysis | D1: threePhaseMeterAnalysis | E1: threePhaseMeterAnalysis
A2: three_phase_realtime | B2: three_phase_energy_demand | C2: three_phase_thd | D2: three_phase_harmonics | E2: three_phase_sequence
A3: VLN_a_V | B3: EP_IMP_a_kWh | C3: THD_V_a_% | D3: HAR2_V_a_% | E3: SEQ_POS_REAL_I
A4: ANG_VLN_a | B4: EQ_IMP_a_kvarh | C4: OTHD_V_a_% | D4: HAR3_V_a_% | E4: SEQ_NEG_REAL_I
A5: VLL_ab_V | B5: EP_EXP_a_kWh | C5: ETHD_V_a_% | D5: HAR4_V_a_% | E5: SEQ_ZERO_REAL_I
A6: ANG_VLL_ab | B6: EQ_EXP_a_kvarh | C6: CF_V_a_% | D6: HAR5_V_a_% | E6: SEQ_POS_IMG_I
A7: I_a_A | B7: EP_NET_a_kWh | C7: THD_I_a_% | D7: HAR6_V_a_% | E7: SEQ_NEG_IMG_I
A8: ANG_I_a | B8: EQ_NET_a_kvarh | C8: OTHD_I_a_% | D8: HAR7_V_a_% | E8: SEQ_ZERO_IMG_I
A9: P_a_kW | B9: EP_TOTAL_a_kWh | C9: ETHD_I_a_% | D9: HAR8_V_a_% | E9: SEQ_POS_REAL_V
A10: Q_a_kvar | B10: EQ_TOTAL_a_kvarh | C10: TDD_I_a_% | D10: HAR9_V_a_% | E10: SEQ_NEG_REAL_V
A11: S_a_kVA | B11: ES_a_kVAh | C11: CF_I_a_% | D11: HAR10_V_a_% | E11: SEQ_ZERO_REAL_V
A12: LC_a | B12: EP_IMP_b_kWh | C12: KF_I_a_% | D12: HAR11_V_a_% | E12: SEQ_POS_IMG_V
... A18: VLL_bc_V | B18: EP_TOTAL_b_kWh | C18: OTHD_I_b_% | D18: HAR17_V_a_% | E18: SEQ_ZERO_RATIO_I_%
A19: ANG_VLL_bb | B19: EQ_TOTAL_b_kvarh | C19: ETHD_I_b_% | D19: HAR18_V_a_%
A20: I_b_A | B20: ES_b_kVAh | C20: TDD_I_b_% | D20: HAR19_V_a_%
A21: ANG_I_b | B21: EP_IMP_c_kWh | C21: CF_I_b_% | D21: HAR20_V_a_%
A22: P_b_kW | B22: EQ_IMP_c_kvarh | C22: KF_I_b_% | D22: HAR21_V_a_%
A23: Q_b_kvar | B23: EP_EXP_c_kWh | C23: THD_V_c_% | D23: HAR22_V_a_%
A24: S_b_kVA | B24: EQ_EXP_c_kvarh | C24: OTHD_V_c_% | D24: HAR23_V_a_%
A25: LC_b | B25: EP_NET_c_kWh | C25: ETHD_V_c_% | D25: HAR24_V_a_%
A26: PF_b | B26: EQ_NET_c_kvarh | C26: CF_V_c_% | D26: HAR25_V_a_%
A27: LEAD_PF_b | B27: EP_TOTAL_c_kWh | C27: THD_I_c_% | D27: HAR26_V_a_%
A28: LAG_PF_b | B28: EQ_TOTAL_c_kvarh | C28: OTHD_I_c_% | D28: HAR27_V_a_%
A29: VLN_c_V | B29: ES_c_kVAh | C29: ETHD_I_c_% | D29: HAR28_V_a_%
A30: ANG_VLN_c | B30: EP_IMP_kWh | C30: TDD_I_c_% | D30: HAR29_V_a_%
... A42: VLN_avg_V | B42: DMD_P_b_kW | C42: KF_I_avg_% | D42: HAR41_V_a_%
A43: VLL_avg_V | B43: DMD_Q_b_kvar | D43: HAR42_V_a_%
A44: I_avg_A | B44: DMD_S_b_kVA | D44: HAR43_V_a_%
A45: LC_avg | B45: DMD_P_c_kW | D45: HAR44_V_a_%
A46: I_n_A | B46: DMD_Q_c_kvar | D46: HAR45_V_a_%
A47: P_kW | B47: DMD_S_c_kVA | D47: HAR46_V_a_%
A48: Q_kvar | B48: DMD_P_kW | D48: HAR47_V_a_%
A49: S_kVA | B49: DMD_Q_kvar | D49: HAR48_V_a_%
A50: PF | B50: DMD_S_kVA | D50: HAR49_V_a_%
A51: LEAD_PF | D51: HAR50_V_a_%
A52: LAG_PF | D52: HAR51_V_a_%
A53: FREQ_Hz | D53: HAR52_V_a_%
D54: HAR53_V_a_%
D55: HAR54_V_a_%
D56: HAR55_V_a_%
D57: HAR56_V_a_%
D58: HAR57_V_a_%
D59: HAR58_V_a_%
D60: HAR59_V_a_%
D61: HAR60_V_a_%
D62: HAR61_V_a_%
D63: HAR62_V_a_%
D64: HAR63_V_a_%
D65: HAR64_V_a_%
... D1515: ANG_HAR127_I_c

Sheet analysisNames
A1: analysisId | B1: analysisUnitId | C1: analysisName
A2: 1 | B2: 1 | C2: three_phase_realtime
A3: 2 | B3: 1 | C3: three_phase_energy_demand
A4: 3 | B4: 1 | C4: three_phase_thd
A5: 4 | B5: 1 | C5: three_phase_harmonics
A6: 5 | B6: 1 | C6: three_phase_sequence

Sheet applications
A1: appId | B1: appName | C1: isTimer | D1: groupId | E1: interval | F1: isEnable | G1: jsonConfig | H1: appType | I1: 说明
A2: 1 | B2: bacnet | C2: true | D2: 4 | E2: 5000 | F2: true | G2: "" | H2: 2 | I2: 不可选,使用datalog_range,目前有:AcuCloud,BACnet/IP,SNMP
A3: 2 | B3: alarm | C3: true | D3: 0 | E3: 0 | F3: true | G3: "" | H3: 2 | I3: 2.2.1章节使用
A4: 3 | B4: alarm_ao_range | C4: true | D4: 8 | E4: 1000 | F4: true | G4: "" | H4: 2 | I4: alarm_ao功能通过此app获取数据，然后根据自己的列表匹配后通过调用doAppParamsConfig,app传aio设备serialnumber，appname传ctr_ao
A5: 4 | B5: north | C5: true | D5: 4 | E5: 60000 | F5: true | G5: "" | H5: 2 | I5: 不可选,使用datalog_range,目前有:AcuCloud,BACnet/IP,SNMP
A6: 5 | B6: realtime_system | C6: true | D6: 9 | E6: 200 | F6: true | G6: "" | H6: 1
A7: 6 | B7: realtime_channel | C7: true | D7: 10 | E7: 200 | F7: true | G7: "" | H7: 1
A8: 7 | B8: energy_system | C8: true | D8: 11 | E8: 3000 | F8: true | G8: "" | H8: 1
A9: 8 | B9: energy_channel | C9: true | D9: 12 | E9: 3000 | F9: true | G9: "" | H9: 1
A10: 9 | B10: thd_system | C10: true | D10: 13 | E10: 3000 | F10: true | G10: "" | H10: 1
A11: 10 | B11: thd_channel | C11: true | D11: 14 | E11: 3000 | F11: true | G11: "" | H11: 1
A12: 11 | B12: demand_system | C12: true | D12: 15 | E12: 60000 | F12: true | G12: "" | H12: 1
A13: 12 | B13: demand_channel | C13: true | D13: 16 | E13: 60000 | F13: true | G13: "" | H13: 1
A14: 13 | B14: PowerQuality | C14: true | D14: 17 | E14: 5000 | F14: true | G14: "" | H14: 1
A15: 14 | B15: deviceInfo | C15: true | D15: 18 | E15: 60000 | F15: true | G15: "" | H15: 1
A16: 15 | B16: SOElog | C16: true | D16: 19 | E16: 5000 | F16: true | G16: "" | H16: 1
A17: 16 | B17: max_demand_system | C17: true | D17: 20 | E17: 5000 | F17: true | G17: "" | H17: 1
... A27: 26 | B27: GeneralSetting | C27: true | D27: 30 | E27: 3000 | F27: true | G27: "" | H27: 1
A28: 27 | B28: trendlog | C28: true | D28: 1 | E28: 3000 | F28: true | G28: "" | H28: 1 | I28: 可选datalog_range参数范围，将参数选择添加到group：mqtt
A29: 28 | B29: trendlogreal | C29: true | D29: 2 | E29: 3000 | F29: true | G29: "" | H29: 1 | I29: 可选datalog_range参数范围，将参数选择添加到group：trendlog_real
A30: 29 | B30: trendlogenergy | C30: true | D30: 3 | E30: 3000 | F30: true | G30: "" | H30: 1 | I30: 可选datalog_range参数范围，将参数选择添加到group：trendlogenergy
A31: 30 | B31: datalog1 | C31: true | D31: 32 | E31: 5000 | F31: true | G31: "" | H31: 1 | I31: 可选datalog_range参数范围，将参数选择添加到group：postparam
A32: 31 | B32: datalog2 | C32: true | D32: 32 | E32: 5000 | F32: true | G32: "" | H32: 1
A33: 32 | B33: datalog3 | C33: true | D33: 32 | E33: 5000 | F33: true | G33: "" | H33: 1
A34: 33 | B34: deviceInspectionInfo | C34: true | D34: 35 | E34: 5000 | F34: true | G34: "" | H34: 1
A35: 34 | B35: squence_system | C35: true | D35: 36 | E35: 5000 | F35: true | G35: "" | H35: 1
A36: 35 | B36: squence_channel | C36: true | D36: 37 | E36: 5000 | F36: true | G36: "" | H36: 1
A37: 36 | B37: harmonic_system | C37: true | D37: 38 | E37: 5000 | F37: true | G37: "" | H37: 1
A38: 37 | B38: harmonic_channel | C38: true | D38: 39 | E38: 5000 | F38: true | G38: "" | H38: 1
A39: 38 | B39: snmp | C39: true | D39: 4 | E39: 5000 | F39: true | G39: "" | H39: 1
A40: 39 | B40: io | C40: true | D40: 26 | E40: 5000 | F40: true | G40: "" | H40: 1
A41: 40 | B41: management | C41: false | D41: 45 | E41: 5000 | F41: false | G41: "" | H41: 2 | I41: 加到此处是为调用doAppParamsConfig设置寄存器使用，但此app下参数都没有读属性，所以不能调用getParamByApplicationInfo读值， 开机时tApp isTimerEnable，isEnable 同时为1时会加到采集队列 之后按需采集appType=2的app会释放

Sheet groups
A1: groupId | B1: groupType | C1: paramCount
A2: 1 | B2: trend | D2: select from datalog_range, | E2: 此分组参数是在web界面选择增减的 9月5日文档说选择范围是datalog_range 9月6日文档没提
A3: 2 | B3: trendreal | E3: 9-16文档第59页说可以选，subo10月13日输出了范围，固定
A4: 3 | B4: trendenergy
A5: 4 | B5: north_range | D5: range | E5: AcuCloud,BACnet/IP,SNMP不可选择,MQTT可选择参数，范围都是这个。比datalog_range还多energy参数
A6: 5 | B6: diCounterRange | E6: 比alarm_ao_range多energy(9月5日)DI status, DI counter, RO Status, DO status; AcuCloud,BACnet/IP,SNMP不可选择MQTT可选择参数，范围都是这个。比datalog_range还多energy参数
A7: 6 | B7: alarm_ao_maxmin_range | E7: Demand没有min所以min默认0
A8: 7 | B8: alarm_range | E8: 比alarm_ao_range多DI status
A9: 8 | B9: alarm_ao_range | E9: Basic Parameter (不含LN),Demand, Power Quality (不含individual harmonics)
A10: 9 | B10: realtime_system | D10: readings
A11: 10 | B11: realtime_channel
A12: 11 | B12: energy_system
A13: 12 | B13: energy_channel
A14: 13 | B14: thd_system
A15: 14 | B15: thd_channel
A16: 15 | B16: demand_system
A17: 16 | B17: demand_channel
A18: 17 | B18: PowerQuality
A19: 18 | B19: deviceInfo
A20: 19 | B20: SOElog
A21: 20 | B21: max_demand_system
A22: 21 | B22: max_demand_channel
... A24: 23 | B24: maxmin_system
A25: 24 | B25: maxmin_channel | E25: 20-23-36-38
A26: 25 | B26: roStatusRange | D26: range | E26: 暂时没用，后边增加时会替换
A27: 26 | B27: io | D27: readings
A28: 27 | B28: deviceSetting_ClassS | D28: conf
A29: 28 | B29: deviceSetting_UserAndCt
A30: 29 | B30: deviceSetting_Batch_UserAndCt
A31: 30 | B31: deviceSetting_General | E31: 2.4Management
A32: 31 | B32: mqtt | D32: select from basicParamRange demandRange powerQualityRange energyRange
A33: 32 | B33: datalog
A34: 33 | B34: SNMP
A35: 34 | B35: doStatusRange | D35: range
A36: 35 | B36: deviceInspectionInfo | D36: readings
A37: 36 | B37: squence_system | D37: readings
A38: 37 | B38: squence_channel | D38: readings
A39: 38 | B39: harmonic_system | D39: readings
A40: 39 | B40: harmonic_channel | D40: readings
A41: 40 | B41: basicParamRange | D41: range
A42: 41 | B42: demandRange
A43: 42 | B43: powerQualityRange
A44: 43 | B44: energyRange
A45: 44 | B45: diStatusRange
A46: 45 | B46: management | D46: conf

Sheet deviceTemplateInfo
A1: label | B1: description | C1: version | D1: firmwareVersion | E1: deviceType | F1: protocol | G1: pqEvent | H1: pqEventProto | I1: waveform | J1: waveformProto
A2: AcuRev-4110 | B2: AcuRev-4110 three-phase AC meter | C2: v1.00p01 | D2: v1.01p22 | E2: threePhaseACMeter | F2: { "type": "Modbus", "transports": ["modbus-tcp", "modbus-rtu"] } | G2: true | H2: AcuRev4110-Class-S-Event | I2: true | J2: AcuRev4110-Class-S-Waveform
