Workbook

Sheet 进展统计
A1: AcuRev-100 Vx.xx版本软件测试报告
A2: 【测试日期】 | E2: 【版本目标】
A3: 【软件版本】 | E3: 【硬件版本】
A4: 整体测试进展
A5: 一句话进展:
A6: 风险&阻塞
A7: 序号 | B7: 问题描述 | C7: 责任人 | D7: 期望解决日期
A9: 发现问题列表
A10: 问题单号 | B10: 问题简要描述 | E10: 严重程度 | F10: 类别
A15: 测试进展
A16: 型号:AcuRev-101
A17: 序号 | B17: 测试模块 | C17: 用例数 | D17: Passed | E17: Failed | F17: Blocked | G17: Unavailable | H17: 执行率
A18: 1 | B18: 交流频率 | C18: =COUNTIF('AcuRev-100测试用例'!$C:$C,"*_001_*") -> 4 | D18: =COUNTIFS('AcuRev-100测试用例'!$C:$C,"*_001_*",'AcuRev-100测试用例'!$K:$K,"Passed") -> 0 | E18: =COUNTIFS('AcuRev-100测试用例'!$C:$C,"*_001_*",'AcuRev-100测试用例'!$K:$K,"Failed") -> 0 | F18: =COUNTIFS('AcuRev-100测试用例'!$C:$C,"*_001_*",'AcuRev-100测试用例'!$K:$K,"Blocked") -> 0 | G18: =COUNTIFS('AcuRev-100测试用例'!$C:$C,"*_001_*",'AcuRev-100测试用例'!$K:$K,"Unavailable") -> 0 | H18: =(D18+E18+F18+G18)/C18 -> 0
A19: 2 | B19: 相电压 | C19: =COUNTIF('AcuRev-100测试用例'!$C:$C,"*_002_*") -> 7 | D19: =COUNTIFS('AcuRev-100测试用例'!$C:$C,"*_002_*",'AcuRev-100测试用例'!$K:$K,"Passed") -> 0 | E19: =COUNTIFS('AcuRev-100测试用例'!$C:$C,"*_002_*",'AcuRev-100测试用例'!$K:$K,"Failed") -> 0 | F19: =COUNTIFS('AcuRev-100测试用例'!$C:$C,"*_002_*",'AcuRev-100测试用例'!$K:$K,"Blocked") -> 0 | G19: =COUNTIFS('AcuRev-100测试用例'!$C:$C,"*_002_*",'AcuRev-100测试用例'!$K:$K,"Unavailable") -> 0 | H19: =(D19+E19+F19+G19)/C19 -> 0
A20: 3 | B20: 线电压 | C20: =COUNTIF('AcuRev-100测试用例'!$C:$C,"*_003_*") -> 4 | D20: =COUNTIFS('AcuRev-100测试用例'!$C:$C,"*_003_*",'AcuRev-100测试用例'!$K:$K,"Passed") -> 0 | E20: =COUNTIFS('AcuRev-100测试用例'!$C:$C,"*_003_*",'AcuRev-100测试用例'!$K:$K,"Failed") -> 0 | F20: =COUNTIFS('AcuRev-100测试用例'!$C:$C,"*_003_*",'AcuRev-100测试用例'!$K:$K,"Blocked") -> 0 | G20: =COUNTIFS('AcuRev-100测试用例'!$C:$C,"*_003_*",'AcuRev-100测试用例'!$K:$K,"Unavailable") -> 0 | H20: =(D20+E20+F20+G20)/C20 -> 0
A21: 4 | B21: 电流测量 | C21: =COUNTIF('AcuRev-100测试用例'!$C:$C,"*_004_*") -> 22 | D21: =COUNTIFS('AcuRev-100测试用例'!$C:$C,"*_004_*",'AcuRev-100测试用例'!$K:$K,"Passed") -> 0 | E21: =COUNTIFS('AcuRev-100测试用例'!$C:$C,"*_004_*",'AcuRev-100测试用例'!$K:$K,"Failed") -> 0 | F21: =COUNTIFS('AcuRev-100测试用例'!$C:$C,"*_004_*",'AcuRev-100测试用例'!$K:$K,"Blocked") -> 0 | G21: =COUNTIFS('AcuRev-100测试用例'!$C:$C,"*_004_*",'AcuRev-100测试用例'!$K:$K,"Unavailable") -> 0 | H21: =(D21+E21+F21+G21)/C21 -> 0
A22: 5 | B22: PF·功率 | C22: =COUNTIF('AcuRev-100测试用例'!$C:$C,"*_005_*") -> 14 | D22: =COUNTIFS('AcuRev-100测试用例'!$C:$C,"*_005_*",'AcuRev-100测试用例'!$K:$K,"Passed") -> 0 | E22: =COUNTIFS('AcuRev-100测试用例'!$C:$C,"*_005_*",'AcuRev-100测试用例'!$K:$K,"Failed") -> 0 | F22: =COUNTIFS('AcuRev-100测试用例'!$C:$C,"*_005_*",'AcuRev-100测试用例'!$K:$K,"Blocked") -> 0 | G22: =COUNTIFS('AcuRev-100测试用例'!$C:$C,"*_005_*",'AcuRev-100测试用例'!$K:$K,"Unavailable") -> 0 | H22: =(D22+E22+F22+G22)/C22 -> 0
A23: 6 | B23: 相角 | C23: =COUNTIF('AcuRev-100测试用例'!$C:$C,"*_006_*") -> 4 | D23: =COUNTIFS('AcuRev-100测试用例'!$C:$C,"*_006_*",'AcuRev-100测试用例'!$K:$K,"Passed") -> 0 | E23: =COUNTIFS('AcuRev-100测试用例'!$C:$C,"*_006_*",'AcuRev-100测试用例'!$K:$K,"Failed") -> 0 | F23: =COUNTIFS('AcuRev-100测试用例'!$C:$C,"*_006_*",'AcuRev-100测试用例'!$K:$K,"Blocked") -> 0 | G23: =COUNTIFS('AcuRev-100测试用例'!$C:$C,"*_006_*",'AcuRev-100测试用例'!$K:$K,"Unavailable") -> 0 | H23: =(D23+E23+F23+G23)/C23 -> 0
A24: 7 | B24: 电能累计 | C24: =COUNTIF('AcuRev-100测试用例'!$C:$C,"*_007_*") -> 13 | D24: =COUNTIFS('AcuRev-100测试用例'!$C:$C,"*_007_*",'AcuRev-100测试用例'!$K:$K,"Passed") -> 0 | E24: =COUNTIFS('AcuRev-100测试用例'!$C:$C,"*_007_*",'AcuRev-100测试用例'!$K:$K,"Failed") -> 0 | F24: =COUNTIFS('AcuRev-100测试用例'!$C:$C,"*_007_*",'AcuRev-100测试用例'!$K:$K,"Blocked") -> 0 | G24: =COUNTIFS('AcuRev-100测试用例'!$C:$C,"*_007_*",'AcuRev-100测试用例'!$K:$K,"Unavailable") -> 0 | H24: =(D24+E24+F24+G24)/C24 -> 0
A25: 8 | B25: 脉冲 | C25: =COUNTIF('AcuRev-100测试用例'!$C:$C,"*_008_*") -> 11 | D25: =COUNTIFS('AcuRev-100测试用例'!$C:$C,"*_008_*",'AcuRev-100测试用例'!$K:$K,"Passed") -> 0 | E25: =COUNTIFS('AcuRev-100测试用例'!$C:$C,"*_008_*",'AcuRev-100测试用例'!$K:$K,"Failed") -> 0 | F25: =COUNTIFS('AcuRev-100测试用例'!$C:$C,"*_008_*",'AcuRev-100测试用例'!$K:$K,"Blocked") -> 0 | G25: =COUNTIFS('AcuRev-100测试用例'!$C:$C,"*_008_*",'AcuRev-100测试用例'!$K:$K,"Unavailable") -> 0 | H25: =(D25+E25+F25+G25)/C25 -> 0
A26: 9 | B26: 接线验证 | C26: =COUNTIF('AcuRev-100测试用例'!$C:$C,"*_009_*") -> 13 | D26: =COUNTIFS('AcuRev-100测试用例'!$C:$C,"*_009_*",'AcuRev-100测试用例'!$K:$K,"Passed") -> 0 | E26: =COUNTIFS('AcuRev-100测试用例'!$C:$C,"*_009_*",'AcuRev-100测试用例'!$K:$K,"Failed") -> 0 | F26: =COUNTIFS('AcuRev-100测试用例'!$C:$C,"*_009_*",'AcuRev-100测试用例'!$K:$K,"Blocked") -> 0 | G26: =COUNTIFS('AcuRev-100测试用例'!$C:$C,"*_009_*",'AcuRev-100测试用例'!$K:$K,"Unavailable") -> 0 | H26: =(D26+E26+F26+G26)/C26 -> 0
A27: 10 | B27: 接线检查 | C27: =COUNTIF('AcuRev-100测试用例'!$C:$C,"*_010_*") -> 67 | D27: =COUNTIFS('AcuRev-100测试用例'!$C:$C,"*_010_*",'AcuRev-100测试用例'!$K:$K,"Passed") -> 0 | E27: =COUNTIFS('AcuRev-100测试用例'!$C:$C,"*_010_*",'AcuRev-100测试用例'!$K:$K,"Failed") -> 0 | F27: =COUNTIFS('AcuRev-100测试用例'!$C:$C,"*_010_*",'AcuRev-100测试用例'!$K:$K,"Blocked") -> 0 | G27: =COUNTIFS('AcuRev-100测试用例'!$C:$C,"*_010_*",'AcuRev-100测试用例'!$K:$K,"Unavailable") -> 0 | H27: =(D27+E27+F27+G27)/C27 -> 0
A28: 11 | B28: 计时功能 | C28: =COUNTIF('AcuRev-100测试用例'!$C:$C,"*_011_*") -> 12 | D28: =COUNTIFS('AcuRev-100测试用例'!$C:$C,"*_011_*",'AcuRev-100测试用例'!$K:$K,"Passed") -> 0 | E28: =COUNTIFS('AcuRev-100测试用例'!$C:$C,"*_011_*",'AcuRev-100测试用例'!$K:$K,"Failed") -> 0 | F28: =COUNTIFS('AcuRev-100测试用例'!$C:$C,"*_011_*",'AcuRev-100测试用例'!$K:$K,"Blocked") -> 0 | G28: =COUNTIFS('AcuRev-100测试用例'!$C:$C,"*_011_*",'AcuRev-100测试用例'!$K:$K,"Unavailable") -> 0 | H28: =(D28+E28+F28+G28)/C28 -> 0
A29: 12 | B29: LCD显示及LED指示灯 | C29: =COUNTIF('AcuRev-100测试用例'!$C:$C,"*_012_*") -> 5 | D29: =COUNTIFS('AcuRev-100测试用例'!$C:$C,"*_012_*",'AcuRev-100测试用例'!$K:$K,"Passed") -> 0 | E29: =COUNTIFS('AcuRev-100测试用例'!$C:$C,"*_012_*",'AcuRev-100测试用例'!$K:$K,"Failed") -> 0 | F29: =COUNTIFS('AcuRev-100测试用例'!$C:$C,"*_012_*",'AcuRev-100测试用例'!$K:$K,"Blocked") -> 0 | G29: =COUNTIFS('AcuRev-100测试用例'!$C:$C,"*_012_*",'AcuRev-100测试用例'!$K:$K,"Unavailable") -> 0 | H29: =(D29+E29+F29+G29)/C29 -> 0
A30: 13 | B30: 铅封 | C30: =COUNTIF('AcuRev-100测试用例'!$C:$C,"*_013_*") -> 5 | D30: =COUNTIFS('AcuRev-100测试用例'!$C:$C,"*_013_*",'AcuRev-100测试用例'!$K:$K,"Passed") -> 0 | E30: =COUNTIFS('AcuRev-100测试用例'!$C:$C,"*_013_*",'AcuRev-100测试用例'!$K:$K,"Failed") -> 0 | F30: =COUNTIFS('AcuRev-100测试用例'!$C:$C,"*_013_*",'AcuRev-100测试用例'!$K:$K,"Blocked") -> 0 | G30: =COUNTIFS('AcuRev-100测试用例'!$C:$C,"*_013_*",'AcuRev-100测试用例'!$K:$K,"Unavailable") -> 0 | H30: =(D30+E30+F30+G30)/C30 -> 0
A31: 14 | B31: Firmware升级 | C31: =COUNTIF('AcuRev-100测试用例'!$C:$C,"*_014_*") -> 17 | D31: =COUNTIFS('AcuRev-100测试用例'!$C:$C,"*_014_*",'AcuRev-100测试用例'!$K:$K,"Passed") -> 0 | E31: =COUNTIFS('AcuRev-100测试用例'!$C:$C,"*_014_*",'AcuRev-100测试用例'!$K:$K,"Failed") -> 0 | F31: =COUNTIFS('AcuRev-100测试用例'!$C:$C,"*_014_*",'AcuRev-100测试用例'!$K:$K,"Blocked") -> 0 | G31: =COUNTIFS('AcuRev-100测试用例'!$C:$C,"*_014_*",'AcuRev-100测试用例'!$K:$K,"Unavailable") -> 0 | H31: =(D31+E31+F31+G31)/C31 -> 0
A32: 15 | B32: 数据重置及恢复出厂设置 | C32: =COUNTIF('AcuRev-100测试用例'!$C:$C,"*_015_*") -> 3 | D32: =COUNTIFS('AcuRev-100测试用例'!$C:$C,"*_015_*",'AcuRev-100测试用例'!$K:$K,"Passed") -> 0 | E32: =COUNTIFS('AcuRev-100测试用例'!$C:$C,"*_015_*",'AcuRev-100测试用例'!$K:$K,"Failed") -> 0 | F32: =COUNTIFS('AcuRev-100测试用例'!$C:$C,"*_015_*",'AcuRev-100测试用例'!$K:$K,"Blocked") -> 0 | G32: =COUNTIFS('AcuRev-100测试用例'!$C:$C,"*_015_*",'AcuRev-100测试用例'!$K:$K,"Unavailable") -> 0 | H32: =(D32+E32+F32+G32)/C32 -> 0
A33: 16 | B33: 通讯模块 | C33: =COUNTIF('AcuRev-100测试用例'!$C:$C,"*_016_*") -> 15 | D33: =COUNTIFS('AcuRev-100测试用例'!$C:$C,"*_016_*",'AcuRev-100测试用例'!$K:$K,"Passed") -> 0 | E33: =COUNTIFS('AcuRev-100测试用例'!$C:$C,"*_016_*",'AcuRev-100测试用例'!$K:$K,"Failed") -> 0 | F33: =COUNTIFS('AcuRev-100测试用例'!$C:$C,"*_016_*",'AcuRev-100测试用例'!$K:$K,"Blocked") -> 0 | G33: =COUNTIFS('AcuRev-100测试用例'!$C:$C,"*_016_*",'AcuRev-100测试用例'!$K:$K,"Unavailable") -> 0 | H33: =(D33+E33+F33+G33)/C33 -> 0
A34: 17 | B34: 密码 | C34: =COUNTIF('AcuRev-100测试用例'!$C:$C,"*_017_*") -> 5 | D34: =COUNTIFS('AcuRev-100测试用例'!$C:$C,"*_017_*",'AcuRev-100测试用例'!$K:$K,"Passed") -> 0 | E34: =COUNTIFS('AcuRev-100测试用例'!$C:$C,"*_017_*",'AcuRev-100测试用例'!$K:$K,"Failed") -> 0 | F34: =COUNTIFS('AcuRev-100测试用例'!$C:$C,"*_017_*",'AcuRev-100测试用例'!$K:$K,"Blocked") -> 0 | G34: =COUNTIFS('AcuRev-100测试用例'!$C:$C,"*_017_*",'AcuRev-100测试用例'!$K:$K,"Unavailable") -> 0 | H34: =(D34+E34+F34+G34)/C34 -> 0
B35: 用例总数 | C35: =SUM(C18:C34) -> 221 | D35: =SUM(D18:D34) -> 0 | E35: =SUM(E18:E34) -> 0 | F35: =SUM(F18:F34) -> 0 | G35: =SUM(G18:G34) -> 0 | H35: =(D35+E35+F35+G35)/C35 -> 0

Sheet AcuRev-100测试用例
A1: 模块 | B1: 子模块 | C1: 用例编号 | D1: 用例标题 | E1: 预置条件 | F1: 测试步骤 | G1: 预期结果 | H1: 级别 | I1: 是否可自动化 | J1: 调试结果 | K1: 测试结果 | L1: 备注
A2: 交流频率 | B2: 交流频率 | C2: Function_AC meter_001_01_case1 | D2: 交流电在45 HZ 、55HZ、65 Hz，测量精度要求0.01HZ | E2: 1、Acuview2上位机 2、RTU串口线 3、AcuRev-100电表 | F2: 1、连接AcuRev-100电表到Acuview2上，链接状态为connected 1.1、电表上设置50HZ 2、交流电源输入频率为45HZ。 3、Acuview2上检查交流电频率是否在精度范围内，范围:44.99~45.01 Hz 4、交流电源输入频率为55HZ。 5、Acuview2上检查交流电频率是否在精度范围内，范围: 54.99~55.01 Hz 6、交流电源输入频率为65HZ。 7、Acuview2上检查交流电频率是否在精度范围内，范围:64.99~65.01 Hz | G2: 步骤3：Acuview2上交流电频率显示在 44.99~45.01 Hz 范围内； 步骤5：Acuview2上交流电频率显示在 54.99~55.01 Hz 范围内； 步骤7：Acuview2上交流电频率显示在 64.99~65.01 Hz 范围内 | H2: LV2 | I2: 是 | J2: [2026-07-15 换板+固件更新复测] 转手工(用户裁决): 切频率必发角度帧→源瞬断→新固件瞬断后ADC异常测量恒0(需恢复出厂设置恢复,疑似固件缺陷已记knowledge context), 自动化无法稳定执行; 自动化文件与case_map条目已删除 [2026-07-14] 通过 [自动化2026-07-08] 非额定频点恒偏低: 45→44.90, 55→54.90, 65→64.80(要求±0.01Hz, 且分辨率仅0.1Hz); 50/60Hz正常, 疑似固件问题 [2026-07-13] 原始报告json缺失(reports目录被清理), 证据链断裂, 结论降级待重测(监督复核意见); 07-08结论仅存文字记录 | L2: 转手工：切频率必发角度帧→源瞬断，新固件下瞬断后ADC异常测量恒0（疑似固件缺陷已记knowledge），自动化无法稳定执行；2026-07-14自动化曾实测通过
A3: 交流频率 | B3: 交流频率 | C3: Function_AC meter_001_01_case2 | D3: 交流电在50HZ 、60 Hz，测量精度要求0.01HZ | E3: 1、Acuview2上位机 2、RTU串口线 3、AcuRev-100电表 | F3: 1、连接AcuRev-100电表到Acuview2上，链接状态为connected 1.1、电表上设置60HZ 2、交流电源输入频率为50HZ。 3、Acuview2上检查交流电频率是否在精度范围内，范围: 49.99~50.01 Hz 4、交流电源输入频率为60HZ。 5、Acuview2上检查交流电频率是否在精度范围内，范围:59.99~60.01 Hz | G3: 步骤3：Acuview2上交流电频率显示在 49.99~50.01 Hz 范围内； 步骤5：Acuview2上交流电频率显示在 59.99~60.01 Hz 范围内 | H3: LV0 | I3: 是 | J3: [2026-07-15 换板+固件更新复测] 转手工(用户裁决): 同case1, 切频率瞬断触发ADC异常读不到数值; 自动化文件与case_map条目已删除 [2026-07-14] 通过 [自动化2026-07-08] 50/60Hz 两点实测均在±0.01Hz内 [2026-07-13] 原始报告json缺失(reports目录被清理), 证据链断裂, 结论降级待重测(监督复核意见); 07-08结论仅存文字记录 | L3: 转手工：同case1，切频率瞬断触发ADC异常读不到数值；2026-07-08实测50/60Hz均在±0.01Hz内
A4: 交流频率 | B4: 交流频率 | C4: Function_AC meter_001_01_case3 | D4: 电表上设置60HZ, 交流电在40HZ 、70 Hz，无测量精度要求（超出45-65Hz计量范围，探索性用例，不保证可测） | E4: 1、Acuview2上位机 2、RTU串口线 3、AcuRev-100电表 | F4: 1、连接AcuRev-100电表到Acuview2上，链接状态为connected 1.1、电表上设置60HZ 2、交流电源输入频率为40HZ。 3、Acuview2上检查交流电频率可以测试到频率数据，无精度要求 4、交流电源输入频率为70HZ。 5、Acuview2上检查交流电频率可以测试到频率数据，无精度要求 | G4: 3、Acuview2上检查交流电频率可以测试到频率数据，无精度要求 5、Acuview2上检查交流电频率可以测试到频率数据，无精度要求 | H4: LV3 | I4: 是 | J4: 转手工(2026-07-13 裁决): 源CL3021 40Hz下发被拒、70Hz掉输出0V致自供电表断电, 无可自动化测点 | L4: 转手工：源CL3021不支持40Hz（下发被拒）/70Hz（输出掉0V致自供电表断电），无可自动化测点；换支持40-70Hz的源后可重评
A5: 交流频率 | B5: 交流频率 | C5: Function_AC meter_001_01_case4 | D5: 空载情况下，电表频率显示0 | E5: 1、Acuview2上位机 2、RTU串口线 3、AcuRev-100电表 | F5: 1、输出50HZ频率 2、关闭源输出 3、Acuview2上位机查看系统频率 | G5: 3、关闭源输出，频率显示0 | H5: LV1 | I5: 否 | J5: [2026-07-13] 转手工(用户裁决): 自供电表关源=电表断电,Modbus不可读; USB口供电能力未验证,验证通过后可重新评估自动化 | L5: 不可自动化：空载需关源＝给自供电表断电，Modbus无法回读；USB供电能力未验证
A6: 交流电压（相电压） | B6: 线-地电压(相电压)验证 | C6: Function_AC meter_002_01_case1 | D6: 交流电Van、Vbn、Vcn输入额定电压分别均为120V,测量Van、Vbn、Vcn、Vlnavg满足精度要求0.2% | E6: 1、Acuview2上位机 2、RTU串口线 3、AcuRev-100电表 | F6: 1、连接AcuRev-100电表到Acuview2上，链接状态为connected 2、交流电源输入相电压Van、Vbn、Vcn的额定电压为120V。 3、Acuview2上检查交流电相电压是否均在精度范围内 | G6: 3、Acuview2上检查交流电相电压均在精度范围内，范围(V):119.760 ~ 120.240 Vlnavg范围(V)：119.760 ~ 120.240 | H6: LV0 | I6: 是 | J6: 已调试 | K6: 未通过：判据读数全零——已知板子ADC芯片损坏问题(2026-07-14)，自动化流程本身已调通(设源/前置配置/救源/断言/报告全链路OK)，换板后重跑出有效结果 | L6: 未通过：已知板卡ADC芯片损坏读数为零，自动化全链路已调通，换板后重跑出有效结果
A7: 交流电压（相电压） | B7: 线-地电压(相电压)验证 | C7: Function_AC meter_002_01_case2 | D7: 交流电Van、Vbn、Vcn输入额定电压分别均为220V,277V,测量Van、Vbn、Vcn、Vlnavg满足精度要求0.2% | E7: 1、Acuview2上位机 2、RTU串口线 3、AcuRev-100电表 | F7: 1、连接AcuRev-100电表到Acuview2上，链接状态为connected 2、交流电源输入相电压Van、Vbn、Vcn的额定电压为220V。 3、Acuview2上检查交流电相电压是否均在精度范围内 4、交流电源输入相电压Van、Vbn、Vcn的额定电压为277V。 5、Acuview2上检查交流电相电压是否均在精度范围内 | G7: 3、Acuview2上检查交流电相电压均在精度范围内，范围(V):219.560 ~ 220.440，Vlnavg范围(V)：219.560 ~ 220.440 5、Acuview2上检查交流电相电压均在精度范围内，范围(V):276.446 ~ 277.554，Vlnavg范围(V)：276.446 ~ 277.554 | H7: LV1 | I7: 是 | J7: 已调试 | K7: 未通过：判据读数全零——已知板子ADC芯片损坏问题(2026-07-14)，自动化流程本身已调通(设源/前置配置/救源/断言/报告全链路OK)，换板后重跑出有效结果 | L7: 未通过：已知板卡ADC芯片损坏读数为零，自动化全链路已调通，换板后重跑出有效结果
A8: 交流电压（相电压） | B8: 线-地电压(相电压)验证 | C8: Function_AC meter_002_01_case3 | D8: 交流电Van、Vbn、Vcn输入临界电压分别均为10.2V、20V,电表有测量值,测量Van、Vbn、Vcn、Vlnavg没有精度要求 | E8: 1、Acuview2上位机 2、RTU串口线 3、AcuRev-100电表 | F8: 1、连接AcuRev-100电表到Acuview2上，链接状态为connected 2、交流电源输入相电压Van、Vbn、Vcn的额定电压为10.2V。 3、Acuview2上检查交流电相电压是否有测量显示，精度没有要求 4、交流电源输入相电压Van、Vbn、Vcn的额定电压为20V。 5、Acuview2上检查交流电相电压是否有测量显示，精度没有要求 | G8: 3、Acuview2上检查交流电相电压有测量显示，没有精度要求 5、Acuview2上检查交流电相电压有测量显示，没有精度要求 | H8: LV3 | I8: 是 | J8: 已调试 | K8: 未通过：判据读数全零——已知板子ADC芯片损坏问题(2026-07-14)，自动化流程本身已调通(设源/前置配置/救源/断言/报告全链路OK)，换板后重跑出有效结果 | L8: 未通过：已知板卡ADC芯片损坏读数为零，自动化全链路已调通，换板后重跑出有效结果
A9: 交流电压（相电压） | B9: 线-地电压(相电压)验证 | C9: Function_AC meter_002_01_case4 | D9: 交流电Van、Vbn、Vcn输入电压分别均为0V，1V，9V,电表Van、Vbn、Vcn、Vlnavg无测量值 | E9: 1、Acuview2上位机 2、RTU串口线 3、AcuRev-100电表 | F9: 1、连接AcuRev-100电表到Acuview2上，链接状态为connected 2、交流电源输入相电压Van、Vbn、Vcn的额定电压为0V。 3、Acuview2上检查交流电相电压是否为0V 4、交流电源输入相电压Van、Vbn、Vcn的额定电压为1V。 5、Acuview2上检查交流电相电压是否为0V，不考虑精度 6、交流电源输入相电压Van、Vbn、Vcn的额定电压为9V。 7、Acuview2上检查交流电相电压是否为0V，不考虑精度 | G9: 3、5、7、Acuview2上检查交流电相电压为0V | H9: LV4 | I9: 是 | J9: 已调试 | K9: 未通过：判据读数全零——已知板子ADC芯片损坏问题(2026-07-14)，自动化流程本身已调通(设源/前置配置/救源/断言/报告全链路OK)，换板后重跑出有效结果 | L9: 未通过：已知板卡ADC芯片损坏读数为零，自动化全链路已调通，换板后重跑出有效结果
A10: 交流电压（相电压） | B10: 线-地电压(相电压)验证 | C10: Function_AC meter_002_01_case5 | D10: 交流电Van、Vbn、Vcn输入额定电压为(120V,220V,277V),测量Van、Vbn、Vcn、Vlnavg满足精度要求0.2% | E10: 1、Acuview2上位机 2、RTU串口线 3、AcuRev-100电表 | F10: 1、连接AcuRev-100电表到Acuview2上，链接状态为connected 2、交流电源输入相电压Van、Vbn、Vcn的额定电压分别为(120V,220V,277V)。 3、Acuview2上检查交流电相电压是否均在精度范围内，Van范围,Vbn范围,Vcn范围,Vlnavg范围 | G10: 3、Acuview2上检查交流电相电压均在精度范围内， Van范围(V):119.760 ~ 120.240， Vbn范围(V):219.560 ~ 220.440， Vcn范围(V):276.446 ~ 277.554， Vlnavg范围(V):205.255 ~ 206.078 | H10: LV1 | I10: 是 | J10: 已调试 | K10: 未通过：判据读数全零——已知板子ADC芯片损坏问题(2026-07-14)，自动化流程本身已调通(设源/前置配置/救源/断言/报告全链路OK)，换板后重跑出有效结果 | L10: 未通过：已知板卡ADC芯片损坏读数为零，自动化全链路已调通，换板后重跑出有效结果
A11: 交流电压（相电压） | B11: 线-地电压(相电压)验证 | C11: Function_AC meter_002_01_case6 | D11: 交流电Van、Vbn、Vcn输入额定电压为(120V,120V,120V)顺序，且φA、φB、φC分别为(0°、130°、250°)，Van、Vbn、Vcn、Vlnavg测量值满足精度要求0.2% | E11: 1、Acuview2上位机 2、RTU串口线 3、AcuRev-100电表 | F11: 1、连接AcuRev-100电表到Acuview2上，链接状态为connected 2、交流电源输入相电压Van、Vbn、Vcn的额定电压为120V。 3、电表相序设置为ABC，φA、φB、φC分别为(0°、130°、250°) 4、Acuview2上检查交流电相电压Van、Vbn、Vcn、Vlnavg测量值是否满足精度要求 | G11: 4、Acuview2上检查交流电相电压均在精度范围内，范围(V):119.760 ~ 120.240， Vlnavg范围(V)：119.760 ~ 120.240 | H11: LV2 | I11: 是 | J11: 已调试 | K11: 未通过：判据读数全零——已知板子ADC芯片损坏问题(2026-07-14)，自动化流程本身已调通(设源/前置配置/救源/断言/报告全链路OK)，换板后重跑出有效结果 | L11: 未通过：已知板卡ADC芯片损坏读数为零，自动化全链路已调通，换板后重跑出有效结果
A12: 交流电压（相电压） | B12: 线-地电压(相电压)验证 | C12: Function_AC meter_002_01_case7 | D12: 电压为0，只加电流, 电流测量值正常，但不计算夹角、功率、能量；电压为10V，电流测量值正常，且计算夹角、功率、能量 | E12: 1、Acuview2上位机 2、RTU串口线 3、AcuRev-100电表 | F12: 1、连接AcuRev-100电表到Acuview2上，链接状态为connected 2、交流电源输入相电压Van、Vbn、Vcn的额定电压为0V。 3、电表相序设置为ABC，φA、φB、φC分别为(0°、240°、120°) 4、input1-3 设置为3A 5、Acuview2上检查交流电相电压Van、Vbn、Vcn、Vlnavg测量值是否为0V。 6、ABC三相, 输入通道input1-3电流均为3A 7、交流电源输入相电压Van、Vbn、Vcn的额定电压为10V。 8、电表相序设置为ABC，φA、φB、φC分别为(0°、240°、120°) 9、input1-3 设置为3A 10、ABC三相, 输入通道input1-3电流均为3A | G12: 5、Acuview2上检查交流电相电压Van、Vbn、Vcn、Vlnavg测量值为0V 6、ABC三相, 输入通道input1-3、均为3A，同时功率、夹角、能量不计算 10、ABC三相, 输入通道input1-3、电流均为3A，同时计算功率、夹角、能量 | H12: LV3 | I12: 是 | J12: 已调试 | K12: 未通过：判据读数全零——已知板子ADC芯片损坏问题(2026-07-14)，自动化流程本身已调通(设源/前置配置/救源/断言/报告全链路OK)，换板后重跑出有效结果 | L12: 未通过：已知板卡ADC芯片损坏读数为零，自动化全链路已调通，换板后重跑出有效结果
A13: 交变电压（线电压） | B13: 线-线电压(线电压)验证 | C13: Function_AC meter_003_01_case1 | D13: 交流电Van、Vbn、Vcn均输入电压220V和277V, 测量Vab、Vbc、Vca、Vllavg精度均满足要求0.2% | E13: 1、Acuview2上位机 2、RTU串口线 3、AcuRev-100电表 | F13: 1、连接AcuRev-100电表到Acuview2上，链接状态为connected 2、交流电源输入相电压Van、Vbn、Vcn的额定电压为220V。 3、Acuview2上检查交流电相电压是否均在精度范围内， 4、交流电源输入相电压Van、Vbn、Vcn的额定电压为277V。 5、Acuview2上检查交流电相电压是否均在精度范围内， | G13: 3、Acuview2上检查交流电线电压均在精度范围内， 范围(V):380.289 ~ 381.813， Vllavg范围(V)：380.289 ~ 381.813 5、Acuview2上检查交流电线电压均在精度范围内， 范围(V):478.819 ~ 480.738， Vllavg范围(V)：478.819 ~ 480.738 | H13: LV0 | I13: 是 | J13: 已调试 | K13: 未通过：判据读数全零——已知板子ADC芯片损坏问题(2026-07-14)，自动化流程本身已调通(设源/前置配置/救源/断言/报告全链路OK)，换板后重跑出有效结果 | L13: 未通过：已知板卡ADC芯片损坏读数为零，自动化全链路已调通，换板后重跑出有效结果
A14: 交变电压（线电压） | B14: 线-线电压(线电压)验证 | C14: Function_AC meter_003_01_case2 | D14: 交流电Van、Vbn、Vcn均输入临界电压10.2V、20V,电表有测量值，测量Vab、Vbc、Vca、Vllavg精度没有要求 | E14: 1、Acuview2上位机 2、RTU串口线 3、AcuRev-100电表 | F14: 1、连接AcuRev-100电表到Acuview2上，链接状态为connected 2、交流电源输入相电压Van、Vbn、Vcn的额定电压为10.2V。 3、Acuview2上检查交流电线电压是否有测量显示， 精度没有要求 4、交流电源输入相电压Van、Vbn、Vcn的额定电压为20V。 5、Acuview2上检查交流电线电压是否有测量显示, 精度没有要求 | G14: 3、Acuview2上检查交流电线电压有测量显示，精度没有要求 5、Acuview2上检查交流电线电压有测量显示，精度没有要求 | H14: LV3 | I14: 是 | J14: 已调试 | K14: 未通过：判据读数全零——已知板子ADC芯片损坏问题(2026-07-14)，自动化流程本身已调通(设源/前置配置/救源/断言/报告全链路OK)，换板后重跑出有效结果 | L14: 未通过：已知板卡ADC芯片损坏读数为零，自动化全链路已调通，换板后重跑出有效结果
A15: 交变电压（线电压） | B15: 线-线电压(线电压)验证 | C15: Function_AC meter_003_01_case3 | D15: 交流电Van、Vbn、Vcn均输入电压0V，1V，9V,电表Vab，Vbc、Vca、Vllavg无测量值 | E15: 1、Acuview2上位机 2、RTU串口线 3、AcuRev-100电表 | F15: 1、连接AcuRev-100电表到Acuview2上，链接状态为connected 2、交流电源输入相电压Van、Vbn、Vcn的额定电压为0V。 3、Acuview2上检查交流电线电压是否为0V 4、交流电源输入相电压Van、Vbn、Vcn的额定电压为1V。 5、Acuview2上检查交流电线电压是否为0V 6、交流电源输入相电压Van、Vbn、Vcn的额定电压为9V。 7、Acuview2上检查交流电线电压是否为0V | G15: 3、5、7、Acuview2上检查交流电线电压为0V | H15: LV3 | I15: 是 | J15: 已调试 | K15: 未通过：判据读数全零——已知板子ADC芯片损坏问题(2026-07-14)，自动化流程本身已调通(设源/前置配置/救源/断言/报告全链路OK)，换板后重跑出有效结果 | L15: 未通过：已知板卡ADC芯片损坏读数为零，自动化全链路已调通，换板后重跑出有效结果
A16: 交变电压（线电压） | B16: 线-线电压(线电压)验证 | C16: Function_AC meter_003_01_case4 | D16: 交流电Van、Vbn、Vcn输入额定电压为(120V,220V,270V), θA、θB、θC分别为(0°、60°、120°)测量Vab、Vbc、Vca、Vllavg满足精度要求0.2% | E16: 1、Acuview2上位机 2、RTU串口线 3、AcuRev-100电表 | F16: 1、连接AcuRev-100电表到Acuview2上，链接状态为connected 2、交流电源输入相电压Van、Vbn、Vcn的电压为(120V,220V,270V), θA、θB、θC分别为(0°、60°、120°)。 3、Acuview2上检查交流电线电压是否均在精度范围内， | G16: 3、Acuview2上检查交流电线电压均在精度范围内 Vab范围(V)：190.406 ~ 191.170 Vca范围(V)：345.285 ~ 346.669 Vbc范围(V)：248.300 ~ 249.295 Vllavg范围(V)：261.330 ~ 262.378 | H16: LV2 | I16: 是 | J16: 已调试 | K16: 未通过：判据读数全零——已知板子ADC芯片损坏问题(2026-07-14)，自动化流程本身已调通(设源/前置配置/救源/断言/报告全链路OK)，换板后重跑出有效结果 | L16: 未通过：已知板卡ADC芯片损坏读数为零，自动化全链路已调通，换板后重跑出有效结果
A17: 电流测量 | B17: 相电流测量验证 | C17: Function_AC meter_004_01_case1 | D17: CT选型333mV(200A)，3E4WY，三路电流分别为(50A、100A，200A)，在上位机上分别配置为对应A相、B相、C相，测量Ia,Ib,Ic,Iavg满足精度0.2% | E17: 1、Acuview2上位机 2、RTU串口线 3、AcuRev-100电表 4、接线方式3E4WY | F17: 1、连接AcuRev-100电表到Acuview2上，链接状态为connected 1.1、使用5A/333mV CT，将CT变比值设置为200 2、使用台体输入三路电流分别为(1.25A、2.5A，5A)，在上位机上分别配置为对应A相、B相、C相 3、Acuview2上检查交流电相电流是否均在精度范围内 | G17: 3、Acuview2上检查交流电相电流均在精度范围内 Ia： 49.900 ~ 50.100 Ib: 99.800 ~ 100.200 Ic: 199.600 ~ 200.400 Iavg: 116.433 ~ 116.900 | H17: LV0 | I17: 是 | J17: 已生成待调试：mV用例回归原文配置(333mV)，待接入5A/333mV CT回路后调试(2026-07-14) | L17: 待调试：mV用例回归原文配置（333mV），待台面接入5A/333mV CT回路后调试
A18: 电流测量 | B18: 相电流测量验证 | C18: Function_AC meter_004_01_case2 | D18: CT选型333mV(200A)，三路电流分别为Imin（2，2，2）,在上位机上分别配置为对应A相、B相、C相，精度满足精度0.2%,三路电流分别为(0.2,0.1,0.2),无精度要求 备注：0.2A为Ist | E18: 1、Acuview2上位机 2、RTU串口线 3、AcuRev-100电表 4、接线方式3E4WY | F18: 1、连接AcuRev-100电表到Acuview2上，链接状态为connected 2、输入三路电流分别为（0.05，0.05，0.05）,在上位机上分别配置为对应A相、B相、C相。 3、精度保证的电流范围应符合要求 4、输入三路电流分别为（0.005，0.0025，0.005）,在上位机上分别配置为对应A相、B相、C相，无精度要求 | G18: 3、Acuview2上检查交流电相电流均在精度范围内 Ia： 1.996 ~ 2.004 Ib: 1.996 ~ 2.004 Ic: 1.996 ~ 2.004 Iavg: 1.996 ~ 2.004 4、Acuview2上检查交流电相电流显示约为：0.2,0.1,0.2(无精度要求；Ib=0.1A低于Ist 0.2A，按PRS §3.1仅功率/电能不累计，电流显示是否归零待需求澄清，不作硬判据) | H18: LV0 | I18: 是 | J18: 已生成待调试：mV用例回归原文配置(333mV)，待接入5A/333mV CT回路后调试(2026-07-14) | L18: 待调试：mV用例回归原文配置（333mV），待台面接入5A/333mV CT回路后调试
A19: 电流测量 | B19: 相电流测量验证 | C19: Function_AC meter_004_01_case3 | D19: CT选型333mV(200A)，一路电流为（100A），在上位机均配置为对应A相，测量Ia,Ib,Ic,Iavg满足精度0.2% | E19: 1、Acuview2上位机 2、RTU串口线 3、AcuRev-100电表 4、接线方式3E4WY | F19: 1、连接AcuRev-100电表到Acuview2上，链接状态为connected 2、输入一路电流分别为（2.5A），在上位机均配置为对应A相 3、Acuview2上检查交流电相电流是否均在精度范围内 | G19: 3、Acuview2上检查交流电相电流均在精度范围内 Ia： 99.800 ~ 100.200 Ib: 0 ~ 0 Ic: 0 ~ 0 Iavg: 33.267 ~ 33.400 | H19: LV1 | I19: 是 | J19: 已生成待调试：mV用例回归原文配置(333mV)，待接入5A/333mV CT回路后调试(2026-07-14) | L19: 待调试：mV用例回归原文配置（333mV），待台面接入5A/333mV CT回路后调试
A20: 电流测量 | B20: 相电流测量验证 | C20: Function_AC meter_004_01_case4 | D20: CT选型333mV(200A)，两路电流分别为(200A、240A),在上位机均配置为对应B相和C相，测量Ia,Ib,Ic,Iavg满足精度0.2% | E20: 1、Acuview2上位机 2、RTU串口线 3、AcuRev-100电表 4、接线方式3E4WY | F20: 1、连接AcuRev-100电表到Acuview2上，链接状态为connected 2、输入两路电流分别为(5A、6A),在上位机均配置为对应B相和C相。 3、Acuview2上检查交流电相电流是否均在精度范围内 | G20: 3、Acuview2上检查交流电相电流均在精度范围内 Ia： 0 ~ 0 Ib: 199.600 ~ 200.400 Ic: 239.520 ~ 240.480 Iavg: 146.373 ~ 146.960 | H20: LV1 | I20: 是 | J20: 已生成待调试：mV用例回归原文配置(333mV)，待接入5A/333mV CT回路后调试(2026-07-14) | L20: 待调试：mV用例回归原文配置（333mV），待台面接入5A/333mV CT回路后调试
A21: 电流测量 | B21: 相电流测量验证 | C21: Function_AC meter_004_01_case5 | D21: CT选型333mV(200A)，三路电流分别为(50A、100A，120A)，顺序ABC，相角设置为(0°、240°、120°)，电表设置电流分别为Positive、Negative，在上位机上分别配置为对应A相、B相、C相，测量Ia,Ib,Ic,Iavg满足精度0.2% | E21: 1、Acuview2上位机 2、RTU串口线 3、AcuRev-100电表 4、接线方式3E4WY | F21: 1、连接AcuRev-100电表到Acuview2上，链接状态为connected 2、输入三路电流分别为(1.25A、2.5A，3A)，在上位机上分别配置为对应A相、B相、C相 3、电表上设置为顺序ABC， 相角设置为(0°、240°、120°) 4、电表设置电流方向为Positive 5、Acuview2上检查交流电相电流是否均在精度范围内 6、电表设置电流方向为Negative 7、Acuview2上检查交流电相电流是否均在精度范围内 | G21: 5、Acuview2上检查交流电相电流均在精度范围内 Ia： 49.900 ~ 50.100 Ib: 99.800 ~ 100.200 Ic: 119.760 ~ 120.240 Iavg: 89.820 ~ 90.180 6、Acuview2上检查交流电相电流均在精度范围内 Ia： 49.900 ~ 50.100 Ib: 99.800 ~ 100.200 Ic: 119.760 ~ 120.240 Iavg: 89.820 ~ 90.180 用户通道&输入通道&系统参数PF 为-1 用户通道&输入通道&系统参数有功功率P为负数 | H21: LV2 | I21: 是 | J21: 已生成待调试：mV用例回归原文配置(333mV)，待接入5A/333mV CT回路后调试(2026-07-14) | L21: 待调试：mV用例回归原文配置（333mV），待台面接入5A/333mV CT回路后调试
A22: 电流测量 | B22: 相电流测量验证 | C22: Function_AC meter_004_01_case6 | D22: CT选型333mV(400A)，3E4WY，三路电流分别为(50A、200A，400A)，在上位机上分别配置为对应A相、B相、C相，测量Ia,Ib,Ic,Iavg满足精度0.2% | E22: 1、Acuview2上位机 2、RTU串口线 3、AcuRev-100电表 4、接线方式3E4WY | F22: 1、连接AcuRev-100电表到Acuview2上，链接状态为connected 2、输入三路电流分别为(0.625A、2.5A，5A)，在上位机上分别配置为对应A相、B相、C相 3、Acuview2上检查交流电相电流是否均在精度范围内 | G22: 3、Acuview2上检查交流电相电流均在精度范围内 Ia： 49.900 ~ 50.100 Ib: 199.600 ~ 200.400 Ic: 399.200 ~ 400.800 Iavg: 216.233 ~ 217.100 | H22: LV1 | I22: 是 | J22: 已生成待调试：mV用例回归原文配置(333mV)，待接入5A/333mV CT回路后调试(2026-07-14) | L22: 待调试：mV用例回归原文配置（333mV），待台面接入5A/333mV CT回路后调试
A23: 电流测量 | B23: 相电流测量验证 | C23: Function_AC meter_004_01_case7 | D23: CT选型333mV(400A)，三路电流分别为Imin（4A，4A，4A）,在上位机上分别配置为对应A相、B相、C相，精度保证的电流范围0.2%,输入三路电流分别为（0.4A，0.4A，0.4A） 备注：0.4A为Ist | E23: 1、Acuview2上位机 2、RTU串口线 3、AcuRev-100电表 4、接线方式3E4WY | F23: 1、连接AcuRev-100电表到Acuview2上，链接状态为connected 2、输入三路电流分别为（0.05，0.05，0.05）,在上位机上分别配置为对应A相、B相、C相。 3、精度保证的电流范围是否符合精度要求 4、源输入电流A\B\C三相分别为（0.005，0，0.005） | G23: 3、Acuview2上检查交流电相电流均在精度范围内 Ia： 3.992 ~ 4.008 Ib: 3.992 ~ 4.008 Ic: 3.992 ~ 4.008 Iavg: 3.992 ~ 4.008 4、Acuview2上检查交流电相电流分别为：0.4,0,0.4(无精度要求) | H23: LV1 | I23: 是 | J23: 已生成待调试：mV用例回归原文配置(333mV)，待接入5A/333mV CT回路后调试(2026-07-14) | L23: 待调试：mV用例回归原文配置（333mV），待台面接入5A/333mV CT回路后调试
A24: 电流测量 | B24: 相电流测量验证 | C24: Function_AC meter_004_01_case8 | D24: CT选型100mA(200A)，3E4WY，三路电流分别为(50A、100A，200A)，在上位机上分别配置为对应A相、B相、C相，测量Ia,Ib,Ic,Iavg满足精度0.2% | E24: 1、Acuview2上位机 2、RTU串口线 3、AcuRev-100电表 4、接线方式3E4WY | F24: 1、连接AcuRev-100电表到Acuview2上，链接状态为connected 2、输入三路电流分别为(5A、10A，20A)，在上位机上分别配置为对应A相、B相、C相 3、Acuview2上检查交流电相电流是否均在精度范围内 | G24: 3、Acuview2上检查交流电相电流均在精度范围内 Ia： 49.900 ~ 50.100 Ib: 99.800 ~ 100.200 Ic: 199.600 ~ 200.400 Iavg: 116.433 ~ 116.900 | H24: LV1 | I24: 是 | J24: 已调试 | K24: 未通过：判据读数全零——已知板子ADC芯片损坏问题(2026-07-14)，自动化流程本身已调通(设源/前置配置/救源/断言/报告全链路OK)，换板后重跑出有效结果 | L24: 未通过：已知板卡ADC芯片损坏读数为零，自动化全链路已调通，换板后重跑出有效结果
A25: 电流测量 | B25: 相电流测量验证 | C25: Function_AC meter_004_01_case9 | D25: CT选型100mA(200A)，三路电流分别为Imin（2，2，2）,在上位机上分别配置为对应A相、B相、C相，精度满足精度0.2%,三路电流分别为(0.2,0.1,0.2),无精度要求 备注：0.2A为Ist | E25: 1、Acuview2上位机 2、RTU串口线 3、AcuRev-100电表 4、接线方式3E4WY | F25: 1、连接AcuRev-100电表到Acuview2上，链接状态为connected 2、输入三路电流分别为（0.2，0.2，0.2）,在上位机上分别配置为对应A相、B相、C相。 3、精度保证的电流范围是否符合 精度要求 4、源输入电流A\B\C三相分别为（0.02，0.01，0.02） | G25: 3、Acuview2上检查交流电相电流均在精度范围内 Ia： 1.996 ~ 2.004 Ib: 1.996 ~ 2.004 Ic: 1.996 ~ 2.004 Iavg: 1.996 ~ 2.004 4、Acuview2上检查交流电相电流分别为：0.2,0.1,0.2(无精度要求) | H25: LV1 | I25: 是 | J25: 已调试 | K25: 未通过：判据读数全零——已知板子ADC芯片损坏问题(2026-07-14)，自动化流程本身已调通(设源/前置配置/救源/断言/报告全链路OK)，换板后重跑出有效结果 | L25: 未通过：已知板卡ADC芯片损坏读数为零，自动化全链路已调通，换板后重跑出有效结果
A26: 电流测量 | B26: 相电流测量验证 | C26: Function_AC meter_004_01_case10 | D26: CT选型100mA(400A)，3E4WY，三路电流分别为(50A、200A，400A)，在上位机上分别配置为对应A相、B相、C相，测量Ia,Ib,Ic,Iavg满足精度0.2% | E26: 1、Acuview2上位机 2、RTU串口线 3、AcuRev-100电表 4、接线方式3E4WY | F26: 1、连接AcuRev-100电表到Acuview2上，链接状态为connected 2、输入三路电流分别为(2.5A、10A，20A)，在上位机上分别配置为对应A相、B相、C相 3、Acuview2上检查交流电相电流是否均在精度范围内 | G26: 3、Acuview2上检查交流电相电流均在精度范围内 Ia： 49.900 ~ 50.100 Ib: 199.600 ~ 200.400 Ic: 399.200 ~ 400.800 Iavg: 216.233 ~ 217.100 | H26: LV2 | I26: 是 | J26: 已调试 | K26: 未通过：判据读数全零——已知板子ADC芯片损坏问题(2026-07-14)，自动化流程本身已调通(设源/前置配置/救源/断言/报告全链路OK)，换板后重跑出有效结果 | L26: 未通过：已知板卡ADC芯片损坏读数为零，自动化全链路已调通，换板后重跑出有效结果
A27: 电流测量 | B27: 相电流测量验证 | C27: Function_AC meter_004_01_case11 | D27: CT选型100mA(400A)，三路电流分别为Imin（4A，4A，4A）,在上位机上分别配置为对应A相、B相、C相，精度保证的电流范围0.2%,输入三路电流分别为（0.4A，0A，0.4A） 备注：0.4A为Ist | E27: 1、Acuview2上位机 2、RTU串口线 3、AcuRev-100电表 4、接线方式3E4WY | F27: 1、连接AcuRev-100电表到Acuview2上，链接状态为connected 2、输入三路电流分别为（0.2，0.2，0.2）,在上位机上分别配置为对应A相、B相、C相 3、精度保证的电流范围是否符合精度的要求 4、输入三路电流分别为（0.02，0，0.02）,在上位机上分别配置为对应A相、B相、C相 | G27: 3、Acuview2上检查交流电相电流均在精度范围内 Ia： 3.992 ~ 4.008 Ib: 3.992 ~ 4.008 Ic: 3.992 ~ 4.008 Iavg: 3.992 ~ 4.008 4、Acuview2上检查交流电相电流分别为：（0.4A，0A，0.4A）(无精度要求) | H27: LV1 | I27: 是 | J27: 已调试 | K27: 未通过：判据读数全零——已知板子ADC芯片损坏问题(2026-07-14)，自动化流程本身已调通(设源/前置配置/救源/断言/报告全链路OK)，换板后重跑出有效结果 | L27: 未通过：已知板卡ADC芯片损坏读数为零，自动化全链路已调通，换板后重跑出有效结果
A28: 电流测量 | B28: 相电流测量验证 | C28: Function_AC meter_004_01_case12 | D28: CT选型100mA(800A)，3E4WY，三路电流分别为(50A、400A，800A)，在上位机上分别配置为对应A相、B相、C相，测量Ia,Ib,Ic,Iavg满足精度0.2% | E28: 1、Acuview2上位机 2、RTU串口线 3、AcuRev-100电表 4、接线方式3E4WY | F28: 1、连接AcuRev-100电表到Acuview2上，链接状态为connected 2、输入三路电流分别为(1.25A、10A，20A)，在上位机上分别配置为对应A相、B相、C相 3、Acuview2上检查交流电相电流是否均在精度范围内 | G28: 3、Acuview2上检查交流电相电流均在精度范围内 Ia： 49.900 ~ 50.100 Ib: 399.200 ~ 400.800 Ic: 798.400 ~ 801.600 Iavg: 415.833 ~ 417.500 | H28: LV1 | I28: 是 | J28: 已调试 | K28: 未通过：判据读数全零——已知板子ADC芯片损坏问题(2026-07-14)，自动化流程本身已调通(设源/前置配置/救源/断言/报告全链路OK)，换板后重跑出有效结果 | L28: 未通过：已知板卡ADC芯片损坏读数为零，自动化全链路已调通，换板后重跑出有效结果
A29: 电流测量 | B29: 相电流测量验证 | C29: Function_AC meter_004_01_case13 | D29: CT选型100mA(800A)，三路电流分别为（8，8，8）,在上位机上分别配置为对应A相、B相、C相，精度保证的电流范围0.2%,输入三路电流分别为（0.8A，0A，0.8A） 备注：0.8A为Ist | E29: 1、Acuview2上位机 2、RTU串口线 3、AcuRev-100电表 4、接线方式3E4WY | F29: 1、连接AcuRev-100电表到Acuview2上，链接状态为connected 2、输入三路电流分别为（0.2，0.2，0.2）,在上位机上分别配置为对应A相、B相、C相。 3、精度保证的电流范围是否符合精度要求 4、源输入电流A\B\C三相分别为（0.02，0，0.02） | G29: 3、Acuview2上检查交流电相电流均在精度范围内 Ia： 7.984 ~ 8.016 Ib: 7.984 ~ 8.016 Ic: 7.984 ~ 8.016 Iavg: 7.984 ~ 8.016 4、Acuview2上检查交流电相电流分别为：（0.8A，0A，0.8A）(无精度要求) | H29: LV2 | I29: 是 | J29: 已调试 | K29: 未通过：判据读数全零——已知板子ADC芯片损坏问题(2026-07-14)，自动化流程本身已调通(设源/前置配置/救源/断言/报告全链路OK)，换板后重跑出有效结果 | L29: 未通过：已知板卡ADC芯片损坏读数为零，自动化全链路已调通，换板后重跑出有效结果
A30: 电流测量 | B30: 相电流测量验证 | C30: Function_AC meter_004_01_case14 | D30: CT选型100mA(1200A)，3E4WY，三路电流分别为(50A、600A，1200A)，在上位机上分别配置为对应A相、B相、C相，测量Ia,Ib,Ic,Iavg满足精度0.2% | E30: 1、Acuview2上位机 2、RTU串口线 3、AcuRev-100电表 4、接线方式3E4WY | F30: 1、连接AcuRev-100电表到Acuview2上，链接状态为connected 2、输入三路电流分别为(0.8333A、10A，20A)，在上位机上分别配置为对应A相、B相、C相 3、Acuview2上检查交流电相电流是否均在精度范围内 | G30: 3、Acuview2上检查交流电相电流均在精度范围内 Ia： 49.900 ~ 50.100 Ib: 598.800 ~ 601.200 Ic: 1197.600 ~ 1202.400 Iavg: 615.433 ~ 617.900 | H30: LV1 | I30: 是 | J30: 已调试 | K30: 未通过：判据读数全零——已知板子ADC芯片损坏问题(2026-07-14)，自动化流程本身已调通(设源/前置配置/救源/断言/报告全链路OK)，换板后重跑出有效结果 | L30: 未通过：已知板卡ADC芯片损坏读数为零，自动化全链路已调通，换板后重跑出有效结果
A31: 电流测量 | B31: 相电流测量验证 | C31: Function_AC meter_004_01_case15 | D31: CT选型100mA(1200A)，三路电流分别为（12，12，12）,在上位机上分别配置为对应A相、B相、C相，精度保证的电流范围0.2%,输入三路电流分别为（1.2A，1.2A，1.2A） 备注：0.8A为Ist | E31: 1、Acuview2上位机 2、RTU串口线 3、AcuRev-100电表 4、接线方式3E4WY | F31: 1、连接AcuRev-100电表到Acuview2上，链接状态为connected 2、输入三路电流分别为（0.2，0.2，0.2）,在上位机上分别配置为对应A相、B相、C相。 3、精度保证的电流范围是否符合精度要求 4、源输入电流A\B\C三相分别为（0.02，0，0.02） | G31: 3、Acuview2上检查交流电相电流均在精度范围内 Ia： 11.976 ~ 12.024 Ib: 11.976 ~ 12.024 Ic: 11.976 ~ 12.024 Iavg: 11.976 ~ 12.024 4、Acuview2上检查交流电相电流分别为：（1.2A，1.2A，1.2A）(无精度要求) | H31: LV1 | I31: 是 | J31: 已调试 | K31: 未通过：判据读数全零——已知板子ADC芯片损坏问题(2026-07-14)，自动化流程本身已调通(设源/前置配置/救源/断言/报告全链路OK)，换板后重跑出有效结果 | L31: 未通过：已知板卡ADC芯片损坏读数为零，自动化全链路已调通，换板后重跑出有效结果
A32: 电流测量 | B32: 相电流测量验证 | C32: Function_AC meter_004_01_case16 | D32: CT选型RCT(500A)，3E4WY，输入三路电流分别为(50A、300A，500A)，在上位机上分别配置为对应A相、B相、C相，测量Ia,Ib,Ic,Iavg满足精度0.2% | E32: 1、Acuview2上位机 2、RTU串口线 3、AcuRev-100电表 4、接线方式3E4WY | F32: 1、连接AcuRev-100电表到Acuview2上，链接状态为connected 2、输入三路电流分别为(0.5A、3A，5A)，在上位机上分别配置为对应A相、B相、C相 3、Acuview2上检查交流电相电流是否均在精度范围内 | G32: 3、Acuview2上检查交流电相电流均在精度范围内 Ia： 49.900 ~ 50.100 Ib: 299.400 ~ 300.600 Ic: 499.000 ~ 501.000 Iavg: 282.767 ~ 283.900 | H32: LV1 | I32: 是 | J32: 已生成待调试：CT类型(80mA/RCT)无寄存器枚举映射，待固件/工程师确认(2026-07-14) | L32: 待调试：80mA/RCT无CT类型寄存器枚举映射，待固件/工程师确认后调试
A33: 电流测量 | B33: 相电流测量验证 | C33: Function_AC meter_004_01_case17 | D33: CT选型RCT(1000A)，3E4WY，输入三路电流分别为(400A、600A，800A)，在上位机上分别配置为对应A相、B相、C相，测量Ia,Ib,Ic,Iavg满足精度0.2% | E33: 1、Acuview2上位机 2、RTU串口线 3、AcuRev-100电表 4、接线方式3E4WY | F33: 1、连接AcuRev-100电表到Acuview2上，链接状态为connected 2、输入三路电流分别为(2A、3A，4A)，在上位机上分别配置为对应A相、B相、C相 3、Acuview2上检查交流电相电流是否均在精度范围内 | G33: 3、Acuview2上检查交流电相电流均在精度范围内 Ia： 399.200 ~ 400.800 Ib: 598.800 ~ 601.200 Ic: 798.400 ~ 801.600 Iavg: 598.800 ~ 601.200 | H33: LV2 | I33: 是 | J33: 已生成待调试：CT类型(80mA/RCT)无寄存器枚举映射，待固件/工程师确认(2026-07-14) | L33: 待调试：80mA/RCT无CT类型寄存器枚举映射，待固件/工程师确认后调试
A34: 电流测量 | B34: 相电流测量验证 | C34: Function_AC meter_004_01_case18 | D34: CT选型100mA(5A)，3E4WY，CT一次侧额定电流取5-2000A范围下限5A，三路显示电流均为2.5A，测量Ia,Ib,Ic,Iavg满足精度0.2% | E34: 1、Acuview2上位机 2、RTU串口线 3、AcuRev-100电表 4、接线方式3E4WY | F34: 1、连接AcuRev-100电表到Acuview2上，链接状态为connected 2、上位机配置CT Type=100mA、CT Primary=5（范围下限） 3、源输入三路电流均为10A（经台体CT 20A/100mA，显示系数=Primary/20=0.25，对应显示2.5A；源Ic带载不足，不取20A），分别配置为对应A相、B相、C相 4、Acuview2上检查Ia、Ib、Ic、Iavg是否均在精度范围内 5、恢复CT Primary=1000（默认值） | G34: 4、Acuview2上检查交流电相电流均在精度范围内 Ia：2.495 ~ 2.505 Ib：2.495 ~ 2.505 Ic：2.495 ~ 2.505 Iavg：2.495 ~ 2.505 5、回读CT Primary=1000，还原成功 | H34: LV1 | I34: 是 | J34: 已调试 | K34: 未通过：判据读数全零——已知板子ADC芯片损坏问题(2026-07-14)，自动化流程本身已调通(CT Primary字面值前置写入成功/设源/断言/报告全链路OK)，换板后重跑出有效结果 | L34: 未通过：已知板卡ADC芯片损坏读数为零，换板后重跑；本次已真机实证固件支持CT Primary 5-2000A字面值写入(5/1500/2000均写入回读一致)，helpers已切字面值口径，跑后已还原1000；07-14台面反馈源Ic 20A过载→源电流降10A(显示2.5A)已修正重跑
A35: 电流测量 | B35: 相电流测量验证 | C35: Function_AC meter_004_01_case19 | D35: CT选型100mA(2000A)，3E4WY，CT一次侧额定电流取5-2000A范围上限2000A，三路显示电流均为1000A，测量Ia,Ib,Ic,Iavg满足精度0.2% | E35: 1、Acuview2上位机 2、RTU串口线 3、AcuRev-100电表 4、接线方式3E4WY | F35: 1、连接AcuRev-100电表到Acuview2上，链接状态为connected 2、上位机配置CT Type=100mA、CT Primary=2000（范围上限） 3、源输入三路电流均为10A（经台体CT 20A/100mA，显示系数=Primary/20=100，对应显示1000A），分别配置为对应A相、B相、C相 4、Acuview2上检查Ia、Ib、Ic、Iavg是否均在精度范围内 5、恢复CT Primary=1000（默认值） | G35: 4、Acuview2上检查交流电相电流均在精度范围内 Ia：998.0 ~ 1002.0 Ib：998.0 ~ 1002.0 Ic：998.0 ~ 1002.0 Iavg：998.0 ~ 1002.0 5、回读CT Primary=1000，还原成功 | H35: LV1 | I35: 是 | J35: 已调试 | K35: 未通过：判据读数全零——已知板子ADC芯片损坏问题(2026-07-14)，自动化流程本身已调通(CT Primary字面值前置写入成功/设源/断言/报告全链路OK)，换板后重跑出有效结果 | L35: 未通过：已知板卡ADC芯片损坏读数为零，换板后重跑；本次已真机实证固件支持CT Primary 5-2000A字面值写入(5/1500/2000均写入回读一致)，helpers已切字面值口径，跑后已还原1000
A36: 电流测量 | B36: 相电流测量验证 | C36: Function_AC meter_004_01_case20 | D36: CT选型100mA(1500A)，3E4WY，CT一次侧额定电流取5-2000A范围内任意值1500A，三路显示电流均为750A，测量Ia,Ib,Ic,Iavg满足精度0.2% | E36: 1、Acuview2上位机 2、RTU串口线 3、AcuRev-100电表 4、接线方式3E4WY | F36: 1、连接AcuRev-100电表到Acuview2上，链接状态为connected 2、上位机配置CT Type=100mA、CT Primary=1500（范围内任意非档位值） 3、源输入三路电流均为10A（经台体CT 20A/100mA，显示系数=Primary/20=75，对应显示750A），分别配置为对应A相、B相、C相 4、Acuview2上检查Ia、Ib、Ic、Iavg是否均在精度范围内 5、恢复CT Primary=1000（默认值） | G36: 4、Acuview2上检查交流电相电流均在精度范围内 Ia：748.5 ~ 751.5 Ib：748.5 ~ 751.5 Ic：748.5 ~ 751.5 Iavg：748.5 ~ 751.5 5、回读CT Primary=1000，还原成功 | H36: LV3 | I36: 是 | J36: 已调试 | K36: 未通过：判据读数全零——已知板子ADC芯片损坏问题(2026-07-14)，自动化流程本身已调通(CT Primary字面值前置写入成功/设源/断言/报告全链路OK)，换板后重跑出有效结果 | L36: 未通过：已知板卡ADC芯片损坏读数为零，换板后重跑；本次已真机实证固件支持CT Primary 5-2000A字面值写入(5/1500/2000均写入回读一致)，helpers已切字面值口径，跑后已还原1000
A37: 电流测量 | B37: 对应不同接线方式电流验证 | C37: Function_AC meter_004_02_case1 | D37: CT选型333mV(200A)，1E2W输入InputA电流为100A，测量InputA电流精度0.2% | E37: 1、Acuview2上位机 2、RTU串口线 3、AcuRev-100电表 4、1E2W | F37: 1、连接AcuRev-100电表到Acuview2上，链接状态为connected 2、1E2W输入InputA电流为2.5A 3、Acuview2上检查电流InputA是否均在精度范围内 | G37: 3、Acuview2上检查电流InputA在精度范围内 IA: 99.800 ~ 100.200 | H37: LV0 | I37: 是 | J37: 已生成待调试：mV用例回归原文配置(333mV)，待接入5A/333mV CT回路后调试(2026-07-14) | L37: 待调试：mV用例回归原文配置（333mV），待台面接入5A/333mV CT回路后调试
A38: 电流测量 | B38: 对应不同接线方式电流验证 | C38: Function_AC meter_004_02_case2 | D38: CT选型333mV(200A)，2E3W1P接线输入InputA、InputC电流为(100A、200A)，测量InputA、InputC电流精度0.2% | E38: 1、Acuview2上位机 2、RTU串口线 3、AcuRev-100电表 4、2E3W1P | F38: 1、连接AcuRev-100电表到Acuview2上，链接状态为connected 2、2E3W1P接线输入InputA、InputC电流为(2.5A、5A) 3、Acuview2上检查电流InputA、InputC是否均在精度范围内 | G38: 3、Acuview2上检查电流InputA、InputC均在精度范围内 Ia: 99.800 ~ 100.200 Ic: 199.600 ~ 200.400 | H38: LV0 | I38: 是 | J38: 已生成待调试：mV用例回归原文配置(333mV)，待接入5A/333mV CT回路后调试(2026-07-14) | L38: 待调试：mV用例回归原文配置（333mV），待台面接入5A/333mV CT回路后调试
A39: PF、功率 | B39: PF、功率 | C39: Function_AC meter_005_01_case1 | D39: CT选型333mV(200A)，3E4WY接线，输入ABC电压均为220V，(A&B&C相)电流为(50A、50A、50A)，电压角度分别为(0，240，120)，电流角度分别为(0，240，120)，AC meter上检查测量PF、功率 | E39: 1、Acuview2上位机 2、RTU串口线 3、AcuRev-100电表 4、3E4WY | F39: 1、连接AcuRev-100电表到Acuview2上，链接状态为connected 2、输入(A&B&C相)电流为(1.25A、1.25A、1.25A)，电压均为220V 3、电压角度分别为(0，240，120)，电流角度分别为(0，240，120) 4、AC meter上检查测量PF、功率精度是否满足要求 | G39: 4、AC meter上检查测量PF、功率精度满足要求 有功功率 P 取值（±0.2%，工程设计目标；认证硬指标为0.5%）： A相：10978.0 ~ 11022.0 W B相：10978.0 ~ 11022.0 W C相：10978.0 ~ 11022.0 W 系统：32934.0 ~ 33066.0 W 无功功率 Q 取值（±0.5%，以额定S为基准，SRS §3.5）： A相：-55.0 ~ 55.0 VAR B相：-55.0 ~ 55.0 VAR C相：-55.0 ~ 55.0 VAR 系统：-165.0 ~ 165.0 VAR 视在功率 S 取值（±0.5%，SRS §3.5）： A相：10945.0 ~ 11055.0 VA B相：10945.0 ~ 11055.0 VA C相：10945.0 ~ 11055.0 VA 系统：32835.0 ~ 33165.0 VA 功率因数 PF 取值：（Class 0.2，±0.002） A相：PF 0.998 ~ 1.002 B相：PF 0.998 ~ 1.002 C相：PF 0.998 ~ 1.002 系统：PF 0.998 ~ 1.002 | H39: LV0 | I39: 是 | J39: 已生成待调试：mV用例回归原文配置(333mV)，待接入5A/333mV CT回路后调试(2026-07-14) | L39: 待调试：mV用例回归原文配置（333mV），待台面接入5A/333mV CT回路后调试
A40: PF、功率 | B40: PF、功率 | C40: Function_AC meter_005_01_case2 | D40: CT选型333mV(200A)，3E4WY接线，输入ABC电压均为120V，(A&B&C相)电流为(100A、100A、100A)，电压角度分别为(0、240、120)，电流角度分别为(30、270、150)，AC meter上检查测量PF、功率 | E40: 1、Acuview2上位机 2、RTU串口线 3、AcuRev-100电表 4、3E4WY | F40: 1、连接AcuRev-100电表到Acuview2上，链接状态为connected 2、(A&B&C相)电流为(2.5A、2.5A、2.5A)，电压均为120V 3、电压角度分别为(0、240、120)，电流角度分别为(30、270、150) 4、AC meter上检查测量PF、功率精度是否满足要求 | G40: 4、AC meter上检查测量PF、功率精度满足要求 有功功率 P 取值（±0.2%，工程设计目标；认证硬指标为0.5%）： A相：10371.5 ~ 10413.1 W B相：10371.5 ~ 10413.1 W C相：10371.5 ~ 10413.1 W 系统：31114.5 ~ 31239.3 W 无功功率 Q 取值（±0.5%，以额定S为基准，SRS §3.5）： A相：-6060.0 ~ -5940.0 VAR B相：-6060.0 ~ -5940.0 VAR C相：-6060.0 ~ -5940.0 VAR 系统：-18180.0 ~ -17820.0 VAR 视在功率 S 取值（±0.5%，SRS §3.5）： A相：11940.0 ~ 12060.0 VA B相：11940.0 ~ 12060.0 VA C相：11940.0 ~ 12060.0 VA 系统：35820.0 ~ 36180.0 VA 功率因数 PF 取值：（Class 0.2，±0.002） A相：PF 0.864 ~ 0.868 B相：PF 0.864 ~ 0.868 C相：PF 0.864 ~ 0.868 系统：PF 0.864 ~ 0.868 | H40: LV1 | I40: 是 | J40: 已生成待调试：mV用例回归原文配置(333mV)，待接入5A/333mV CT回路后调试(2026-07-14) | L40: 待调试：mV用例回归原文配置（333mV），待台面接入5A/333mV CT回路后调试
A41: PF、功率 | B41: PF、功率 | C41: Function_AC meter_005_01_case3 | D41: CT选型333mV(200A)，3E4WY接线，输入ABC电压均为220V，(A&B&C相)电流为(50A、50A、50A)，电压角度分别为(0、240、120)，电流角度分别为(300、180、60)，AC meter上检查测量PF、功率 | E41: 1、Acuview2上位机 2、RTU串口线 3、AcuRev-100电表 4、3E4WY | F41: 1、连接AcuRev-100电表到Acuview2上，链接状态为connected 2、(A&B&C相)电流为(1.25A、1.25A、1.25A)，电压均为220V 3、电压角度分别为(0、240、120)，电流角度分别为(300、180、60) 4、AC meter上检查测量PF、功率精度是否满足要求 | G41: 4、AC meter上检查测量PF、功率精度满足要求 有功功率 P 取值（±0.2%，工程设计目标；认证硬指标为0.5%）： A相：5489.0 ~ 5511.0 W B相：5489.0 ~ 5511.0 W C相：5489.0 ~ 5511.0 W 系统：16467.0 ~ 16533.0 W 无功功率 Q 取值（±0.5%，以额定S为基准，SRS §3.5）： A相：9471.3 ~ 9581.3 VAR B相：9471.3 ~ 9581.3 VAR C相：9471.3 ~ 9581.3 VAR 系统：28413.8 ~ 28743.8 VAR 视在功率 S 取值（±0.5%，SRS §3.5）： A相：10945.0 ~ 11055.0 VA B相：10945.0 ~ 11055.0 VA C相：10945.0 ~ 11055.0 VA 系统：32835.0 ~ 33165.0 VA 功率因数 PF 取值：（Class 0.2，±0.002） A相：PF 0.498 ~ 0.502 B相：PF 0.498 ~ 0.502 C相：PF 0.498 ~ 0.502 系统：PF 0.498 ~ 0.502 | H41: LV1 | I41: 是 | J41: 已生成待调试：mV用例回归原文配置(333mV)，待接入5A/333mV CT回路后调试(2026-07-14) | L41: 待调试：mV用例回归原文配置（333mV），待台面接入5A/333mV CT回路后调试
A42: PF、功率 | B42: PF、功率 | C42: Function_AC meter_005_01_case4 | D42: CT选型333mV(200A)，1E2W接线下，输入A相电压均为277V，A相电流为100A，电压角度0°，电流角度为120°，AC meter上检查测量PF、功率 | E42: 1、Acuview2上位机 2、RTU串口线 3、AcuRev-100电表 4、1E2W | F42: 1、连接AcuRev-100电表到Acuview2上，链接状态为connected 2、输入A相电压均为277V，A相电流为2.5A 3、电压角度0°，电流角度为120° 4、AC meter上检查测量PF、功率精度是否满足要求 | G42: 4、AC meter上检查测量PF、功率精度满足要求 有功功率 P 取值（±0.2%，工程设计目标；认证硬指标为0.5%）： A相：-13877.7 ~ -13822.2 W 系统：-13877.7 ~ -13822.2 W 无功功率 Q 取值（±0.5%，以额定S为基准，SRS §3.5）： A相：-24127.4 ~ -23850.4 VAR 系统：-24127.4 ~ -23850.4 VAR 视在功率 S 取值（±0.5%，SRS §3.5）： A相：27561.5 ~ 27838.5 VA 系统：27561.5 ~ 27838.5 VA 功率因数 PF 取值：（Class 0.2，±0.002） A相：PF -0.502 ~ -0.498 系统：PF -0.502 ~ -0.498 | H42: LV1 | I42: 是 | J42: 已生成待调试：mV用例回归原文配置(333mV)，待接入5A/333mV CT回路后调试(2026-07-14) | L42: 待调试：mV用例回归原文配置（333mV），待台面接入5A/333mV CT回路后调试
A43: PF、功率 | B43: PF、功率 | C43: Function_AC meter_005_01_case5 | D43: CT选型333mV(200A)，2E3W1P输入InputA、C电流为(200A 200A)，Va、Vc电压均为100V,电压相角θ和电流相角ϕ差值为60°，AC meter上检查测量PF、功率 | E43: 1、Acuview2上位机 2、RTU串口线 3、AcuRev-100电表 4、2E3W1P | F43: 1、连接AcuRev-100电表到Acuview2上，链接状态为connected 2、Input A、C电流为(5A、5A)，Va、Vc电压均为100V 3、电压相角θ和电流相角ϕ差值为60° 4、AC meter上检查测量PF、功率精度是否满足要求 | G43: 4、AC meter上检查测量PF、功率精度满足要求 有功功率 P 取值（±0.2%，工程设计目标；认证硬指标为0.5%）： A相：9980.0 ~ 10020.0 W C相：9980.0 ~ 10020.0 W 系统：19960.0 ~ 20040.0 W 无功功率 Q 取值（±0.5%，以额定S为基准，SRS §3.5）： A相：17220.5 ~ 17420.5 VAR C相：17220.5 ~ 17420.5 VAR 系统：34441.0 ~ 34841.0 VAR 视在功率 S 取值（±0.5%，SRS §3.5）： A相：19900.0 ~ 20100.0 VA C相：19900.0 ~ 20100.0 VA 系统：39800.0 ~ 40200.0 VA 功率因数 PF 取值：（Class 0.2，±0.002） A相：PF 0.498 ~ 0.502 C相：PF 0.498 ~ 0.502 系统：PF 0.498 ~ 0.502 | H43: LV2 | I43: 是 | J43: 已生成待调试：mV用例回归原文配置(333mV)，待接入5A/333mV CT回路后调试(2026-07-14) | L43: 待调试：mV用例回归原文配置（333mV），待台面接入5A/333mV CT回路后调试
A44: PF、功率 | B44: PF、功率 | C44: Function_AC meter_005_01_case6 | D44: CT选型333mV(400A)，3E4WY接线，输入ABC电压均为120V，(A&B&C相)电流为(200A、200A、200A)，电压角度分别为(0，240，120)，电流角度分别为(0，240，120)，AC meter上检查测量PF、功率 | E44: 1、Acuview2上位机 2、RTU串口线 3、AcuRev-100电表 4、3E4WY | F44: 1、连接AcuRev-100电表到Acuview2上，链接状态为connected 2、输入ABC电压均为120V，(A&B&C相)电流为(2.5A、2.5A、2.5A) 3、电压角度分别为(0，240，120)，电流角度分别为(0，240，120) 4、AC meter上检查测量PF、功率精度是否满足要求 | G44: 4、AC meter上检查测量PF、功率精度满足要求 有功功率 P 取值（±0.2%，工程设计目标；认证硬指标为0.5%）： A相：23952.0 ~ 24048.0 W B相：23952.0 ~ 24048.0 W C相：23952.0 ~ 24048.0 W 系统：71856.0 ~ 72144.0 W 无功功率 Q 取值（±0.5%，以额定S为基准，SRS §3.5）： A相：-120.0 ~ 120.0 VAR B相：-120.0 ~ 120.0 VAR C相：-120.0 ~ 120.0 VAR 系统：-360.0 ~ 360.0 VAR 视在功率 S 取值（±0.5%，SRS §3.5）： A相：23880.0 ~ 24120.0 VA B相：23880.0 ~ 24120.0 VA C相：23880.0 ~ 24120.0 VA 系统：71640.0 ~ 72360.0 VA 功率因数 PF 取值：（Class 0.2，±0.002） A相：PF 0.998 ~ 1.002 B相：PF 0.998 ~ 1.002 C相：PF 0.998 ~ 1.002 系统：PF 0.998 ~ 1.002 | H44: LV1 | I44: 是 | J44: 已生成待调试：mV用例回归原文配置(333mV)，待接入5A/333mV CT回路后调试(2026-07-14) | L44: 待调试：mV用例回归原文配置（333mV），待台面接入5A/333mV CT回路后调试
A45: PF、功率 | B45: PF、功率 | C45: Function_AC meter_005_01_case7 | D45: CT选型100mA(200A)，3E4WY接线，输入ABC电压均为270V，(A&B&C相)电流为(200A、200A、200A)，电压角度分别为(0、240、120)，电流角度分别为(60、300、180)，AC meter上检查测量PF、功率 | E45: 1、Acuview2上位机 2、RTU串口线 3、AcuRev-100电表 4、3E4WY | F45: 1、连接AcuRev-100电表到Acuview2上，链接状态为connected 2、(A&B&C相)电流为(20A、20A、20A)，电压均为270V 3、电压角度分别为(0、240、120)，电流角度分别为(60、300、180) 4、AC meter上检查测量PF、功率精度是否满足要求 | G45: 4、AC meter上检查测量PF、功率精度满足要求 有功功率 P 取值（±0.2%，工程设计目标；认证硬指标为0.5%）： A相：26946.0 ~ 27054.0 W B相：26946.0 ~ 27054.0 W C相：26946.0 ~ 27054.0 W 系统：80838.0 ~ 81162.0 W 无功功率 Q 取值（±0.5%，以额定S为基准，SRS §3.5）： A相：-47035.4 ~ -46495.4 VAR B相：-47035.4 ~ -46495.4 VAR C相：-47035.4 ~ -46495.4 VAR 系统：-141106.1 ~ -139486.1 VAR 视在功率 S 取值（±0.5%，SRS §3.5）： A相：53730.0 ~ 54270.0 VA B相：53730.0 ~ 54270.0 VA C相：53730.0 ~ 54270.0 VA 系统：161190.0 ~ 162810.0 VA 功率因数 PF 取值：（Class 0.2，±0.002） A相：PF 0.498 ~ 0.502 B相：PF 0.498 ~ 0.502 C相：PF 0.498 ~ 0.502 系统：PF 0.498 ~ 0.502 | H45: LV2 | I45: 是 | J45: 已调试 | K45: 未通过：判据读数全零——已知板子ADC芯片损坏问题(2026-07-14)，自动化流程本身已调通(设源/前置配置/救源/断言/报告全链路OK)，换板后重跑出有效结果 | L45: 未通过：已知板卡ADC芯片损坏读数为零，自动化全链路已调通，换板后重跑出有效结果
A46: PF、功率 | B46: PF、功率 | C46: Function_AC meter_005_01_case8 | D46: CT选型100mA(400A)，3E4WY接线，输入ABC电压均为120V，(A&B&C相)电流为(200A、200A、200A)，电压角度分别为(0，240，120)，电流角度分别为(0，240，120)，AC meter上检查测量PF、功率 | E46: 1、Acuview2上位机 2、RTU串口线 3、AcuRev-100电表 4、3E4WY | F46: 1、连接AcuRev-100电表到Acuview2上，链接状态为connected 2、输入ABC电压均为120V，(A&B&C相)电流为(10A、10A、10A) 3、电压角度分别为(0，240，120)，电流角度分别为(0，240，120) 4、AC meter上检查测量PF、功率精度是否满足要求 | G46: 4、AC meter上检查测量PF、功率精度满足要求 有功功率 P 取值（±0.2%，工程设计目标；认证硬指标为0.5%）： A相：23952.0 ~ 24048.0 W B相：23952.0 ~ 24048.0 W C相：23952.0 ~ 24048.0 W 系统：71856.0 ~ 72144.0 W 无功功率 Q 取值（±0.5%，以额定S为基准，SRS §3.5）： A相：-120.0 ~ 120.0 VAR B相：-120.0 ~ 120.0 VAR C相：-120.0 ~ 120.0 VAR 系统：-360.0 ~ 360.0 VAR 视在功率 S 取值（±0.5%，SRS §3.5）： A相：23880.0 ~ 24120.0 VA B相：23880.0 ~ 24120.0 VA C相：23880.0 ~ 24120.0 VA 系统：71640.0 ~ 72360.0 VA 功率因数 PF 取值：（Class 0.2，±0.002） A相：PF 0.998 ~ 1.002 B相：PF 0.998 ~ 1.002 C相：PF 0.998 ~ 1.002 系统：PF 0.998 ~ 1.002 | H46: LV1 | I46: 是 | J46: 已调试 | K46: 未通过：判据读数全零——已知板子ADC芯片损坏问题(2026-07-14)，自动化流程本身已调通(设源/前置配置/救源/断言/报告全链路OK)，换板后重跑出有效结果 | L46: 未通过：已知板卡ADC芯片损坏读数为零，自动化全链路已调通，换板后重跑出有效结果
A47: PF、功率 | B47: PF、功率 | C47: Function_AC meter_005_01_case8_01 | D47: CT选型80mA(400A)，3E4WY接线，输入ABC电压均为120V，(A&B&C相)电流为(200A、200A、200A)，电压角度分别为(0，240，120)，电流角度分别为(0，240，120)，AC meter上检查测量PF、功率 | E47: 1、Acuview2上位机 2、RTU串口线 3、AcuRev-100电表 4、3E4WY | F47: 1、连接AcuRev-100电表到Acuview2上，链接状态为connected 2、输入ABC电压均为120V，(A&B&C相)电流为(8A、8A、8A) 3、电压角度分别为(0，240，120)，电流角度分别为(0，240，120) 4、AC meter上检查测量PF、功率精度是否满足要求 | G47: 4、AC meter上检查测量PF、功率精度满足要求 有功功率 P 取值（±0.2%，工程设计目标；认证硬指标为0.5%）： A相：23952.0 ~ 24048.0 W B相：23952.0 ~ 24048.0 W C相：23952.0 ~ 24048.0 W 系统：71856.0 ~ 72144.0 W 无功功率 Q 取值（±0.5%，以额定S为基准，SRS §3.5）： A相：-120.0 ~ 120.0 VAR B相：-120.0 ~ 120.0 VAR C相：-120.0 ~ 120.0 VAR 系统：-360.0 ~ 360.0 VAR 视在功率 S 取值（±0.5%，SRS §3.5）： A相：23880.0 ~ 24120.0 VA B相：23880.0 ~ 24120.0 VA C相：23880.0 ~ 24120.0 VA 系统：71640.0 ~ 72360.0 VA 功率因数 PF 取值：（Class 0.2，±0.002） A相：PF 0.998 ~ 1.002 B相：PF 0.998 ~ 1.002 C相：PF 0.998 ~ 1.002 系统：PF 0.998 ~ 1.002 | H47: LV1 | I47: 是 | J47: 已生成待调试：CT类型(80mA/RCT)无寄存器枚举映射，待固件/工程师确认(2026-07-14) | L47: 待调试：80mA/RCT无CT类型寄存器枚举映射，待固件/工程师确认后调试
A48: PF、功率 | B48: PF、功率 | C48: Function_AC meter_005_01_case9 | D48: CT选型100mA(800A)，3E4WY接线，输入ABC电压均为120V，(A&B&C相)电流为(400A、400A、400A)，电压角度分别为(0，240，120)，电流角度分别为(0，240，120)，AC meter上检查测量PF、功率 | E48: 1、Acuview2上位机 2、RTU串口线 3、AcuRev-100电表 4、3E4WY | F48: 1、连接AcuRev-100电表到Acuview2上，链接状态为connected 2、输入ABC电压均为120V，(A&B&C相)电流为(10A、10A、10A) 3、电压角度分别为(0，240，120)，电流角度分别为(0，240，120) 4、AC meter上检查测量PF、功率精度是否满足要求 | G48: 4、AC meter上检查测量PF、功率精度满足要求 有功功率 P 取值（±0.2%，工程设计目标；认证硬指标为0.5%）： A相：47904.0 ~ 48096.0 W B相：47904.0 ~ 48096.0 W C相：47904.0 ~ 48096.0 W 系统：143712.0 ~ 144288.0 W 无功功率 Q 取值（±0.5%，以额定S为基准，SRS §3.5）： A相：-240.0 ~ 240.0 VAR B相：-240.0 ~ 240.0 VAR C相：-240.0 ~ 240.0 VAR 系统：-720.0 ~ 720.0 VAR 视在功率 S 取值（±0.5%，SRS §3.5）： A相：47760.0 ~ 48240.0 VA B相：47760.0 ~ 48240.0 VA C相：47760.0 ~ 48240.0 VA 系统：143280.0 ~ 144720.0 VA 功率因数 PF 取值：（Class 0.2，±0.002） A相：PF 0.998 ~ 1.002 B相：PF 0.998 ~ 1.002 C相：PF 0.998 ~ 1.002 系统：PF 0.998 ~ 1.002 | H48: LV2 | I48: 是 | J48: 已调试 | K48: 未通过：判据读数全零——已知板子ADC芯片损坏问题(2026-07-14)，自动化流程本身已调通(设源/前置配置/救源/断言/报告全链路OK)，换板后重跑出有效结果 | L48: 未通过：已知板卡ADC芯片损坏读数为零，自动化全链路已调通，换板后重跑出有效结果
A49: PF、功率 | B49: PF、功率 | C49: Function_AC meter_005_01_case10 | D49: CT选型100mA(1200A)，3E4WY接线，输入ABC电压均为100V，(A&B&C相)电流为(600A、600A、600A)，电压角度分别为(0，240，120)，电流角度分别为(0，240，120)，AC meter上检查测量PF、功率 | E49: 1、Acuview2上位机 2、RTU串口线 3、AcuRev-100电表 4、3E4WY | F49: 1、连接AcuRev-100电表到Acuview2上，链接状态为connected 2、输入ABC电压均为100V，(A&B&C相)电流为(10A、10A、10A) 3、电压角度分别为(0，240，120)，电流角度分别为(0，240，120) 4、AC meter上检查测量PF、功率精度是否满足要求 | G49: 4、AC meter上检查测量PF、功率精度满足要求 有功功率 P 取值（±0.2%，工程设计目标；认证硬指标为0.5%）： A相：59880.0 ~ 60120.0 W B相：59880.0 ~ 60120.0 W C相：59880.0 ~ 60120.0 W 系统：179640.0 ~ 180360.0 W 无功功率 Q 取值（±0.5%，以额定S为基准，SRS §3.5）： A相：-300.0 ~ 300.0 VAR B相：-300.0 ~ 300.0 VAR C相：-300.0 ~ 300.0 VAR 系统：-900.0 ~ 900.0 VAR 视在功率 S 取值（±0.5%，SRS §3.5）： A相：59700.0 ~ 60300.0 VA B相：59700.0 ~ 60300.0 VA C相：59700.0 ~ 60300.0 VA 系统：179100.0 ~ 180900.0 VA 功率因数 PF 取值：（Class 0.2，±0.002） A相：PF 0.998 ~ 1.002 B相：PF 0.998 ~ 1.002 C相：PF 0.998 ~ 1.002 系统：PF 0.998 ~ 1.002 | H49: LV1 | I49: 是 | J49: 已调试 | K49: 未通过：判据读数全零——已知板子ADC芯片损坏问题(2026-07-14)，自动化流程本身已调通(设源/前置配置/救源/断言/报告全链路OK)，换板后重跑出有效结果 | L49: 未通过：已知板卡ADC芯片损坏读数为零，自动化全链路已调通，换板后重跑出有效结果
A50: PF、功率 | B50: PF、功率 | C50: Function_AC meter_005_01_case10_01 | D50: CT选型80mA(1200A)，3E4WY接线，输入ABC电压均为100V，(A&B&C相)电流为(600A、600A、600A)，电压角度分别为(0，240，120)，电流角度分别为(0，240，120)，AC meter上检查测量PF、功率 | E50: 1、Acuview2上位机 2、RTU串口线 3、AcuRev-100电表 4、3E4WY | F50: 1、连接AcuRev-100电表到Acuview2上，链接状态为connected 2、输入ABC电压均为100V，(A&B&C相)电流为(8A、8A、8A) 3、电压角度分别为(0，240，120)，电流角度分别为(0，240，120) 4、AC meter上检查测量PF、功率精度是否满足要求 | G50: 4、AC meter上检查测量PF、功率精度满足要求 有功功率 P 取值（±0.2%，工程设计目标；认证硬指标为0.5%）： A相：59880.0 ~ 60120.0 W B相：59880.0 ~ 60120.0 W C相：59880.0 ~ 60120.0 W 系统：179640.0 ~ 180360.0 W 无功功率 Q 取值（±0.5%，以额定S为基准，SRS §3.5）： A相：-300.0 ~ 300.0 VAR B相：-300.0 ~ 300.0 VAR C相：-300.0 ~ 300.0 VAR 系统：-900.0 ~ 900.0 VAR 视在功率 S 取值（±0.5%，SRS §3.5）： A相：59700.0 ~ 60300.0 VA B相：59700.0 ~ 60300.0 VA C相：59700.0 ~ 60300.0 VA 系统：179100.0 ~ 180900.0 VA 功率因数 PF 取值：（Class 0.2，±0.002） A相：PF 0.998 ~ 1.002 B相：PF 0.998 ~ 1.002 C相：PF 0.998 ~ 1.002 系统：PF 0.998 ~ 1.002 | H50: LV1 | I50: 是 | J50: 已生成待调试：CT类型(80mA/RCT)无寄存器枚举映射，待固件/工程师确认(2026-07-14) | L50: 待调试：80mA/RCT无CT类型寄存器枚举映射，待固件/工程师确认后调试
A51: PF、功率 | B51: PF、功率 | C51: Function_AC meter_005_01_case11 | D51: CT选型RCT(500A)，3E4WY接线，输入ABC电压均为100V，(A&B&C相)电流为(200A、300A、400A)，电压角度分别为(0，240，120)，电流角度分别为(0，240，120)，AC meter上检查测量PF、功率 | E51: 1、Acuview2上位机 2、RTU串口线 3、AcuRev-100电表 4、3E4WY | F51: 1、连接AcuRev-100电表到Acuview2上，链接状态为connected 2、输入ABC电压均为100V，(A&B&C相)电流为(2A、3A、4A) 3、电压角度分别为(0，240，120)，电流角度分别为(0，240，120) 4、AC meter上检查测量PF、功率精度是否满足要求 | G51: 4、AC meter上检查测量PF、功率精度满足要求 有功功率 P 取值（±0.2%，工程设计目标；认证硬指标为0.5%）： A相：19960.0 ~ 20040.0 W B相：29940.0 ~ 30060.0 W C相：39920.0 ~ 40080.0 W 系统：89820.0 ~ 90180.0 W 无功功率 Q 取值（±0.5%，以额定S为基准，SRS §3.5）： A相：-100.0 ~ 100.0 VAR B相：-150.0 ~ 150.0 VAR C相：-200.0 ~ 200.0 VAR 系统：-450.0 ~ 450.0 VAR 视在功率 S 取值（±0.5%，SRS §3.5）： A相：19900.0 ~ 20100.0 VA B相：29850.0 ~ 30150.0 VA C相：39800.0 ~ 40200.0 VA 系统：89550.0 ~ 90450.0 VA 功率因数 PF 取值：（Class 0.2，±0.002） A相：PF 0.998 ~ 1.002 B相：PF 0.998 ~ 1.002 C相：PF 0.998 ~ 1.002 系统：PF 0.998 ~ 1.002 | H51: LV2 | I51: 是 | J51: 已生成待调试：CT类型(80mA/RCT)无寄存器枚举映射，待固件/工程师确认(2026-07-14) | L51: 待调试：80mA/RCT无CT类型寄存器枚举映射，待固件/工程师确认后调试
A52: PF、功率 | B52: PF、功率 | C52: Function_AC meter_005_01_case12 | D52: CT选型RCT(1000A)，3E4WY接线，输入ABC电压均为100V，(A&B&C相)电流为(600A、800A、1000A)，电压角度分别为(0，240，120)，电流角度分别为(0，240，120)，AC meter上检查测量PF、功率 | E52: 1、Acuview2上位机 2、RTU串口线 3、AcuRev-100电表 4、3E4WY | F52: 1、连接AcuRev-100电表到Acuview2上，链接状态为connected 2、输入ABC电压均为100V，(A&B&C相)电流为(3A、4A、5A) 3、电压角度分别为(0，240，120)，电流角度分别为(0，240，120) 4、AC meter上检查测量PF、功率精度是否满足要求 | G52: 4、AC meter上检查测量PF、功率精度满足要求 有功功率 P 取值（±0.2%，工程设计目标；认证硬指标为0.5%）： A相：59880.0 ~ 60120.0 W B相：79840.0 ~ 80160.0 W C相：99800.0 ~ 100200.0 W 系统：239520.0 ~ 240480.0 W 无功功率 Q 取值（±0.5%，以额定S为基准，SRS §3.5）： A相：-300.0 ~ 300.0 VAR B相：-400.0 ~ 400.0 VAR C相：-500.0 ~ 500.0 VAR 系统：-1200.0 ~ 1200.0 VAR 视在功率 S 取值（±0.5%，SRS §3.5）： A相：59700.0 ~ 60300.0 VA B相：79600.0 ~ 80400.0 VA C相：99500.0 ~ 100500.0 VA 系统：238800.0 ~ 241200.0 VA 功率因数 PF 取值：（Class 0.2，±0.002） A相：PF 0.998 ~ 1.002 B相：PF 0.998 ~ 1.002 C相：PF 0.998 ~ 1.002 系统：PF 0.998 ~ 1.002 | H52: LV2 | I52: 是 | J52: 已生成待调试：CT类型(80mA/RCT)无寄存器枚举映射，待固件/工程师确认(2026-07-14) | L52: 待调试：80mA/RCT无CT类型寄存器枚举映射，待固件/工程师确认后调试
A53: 相角 | B53: 相电压相角验证 | C53: Function_AC meter_006_01_case1 | D53: ABC三相电压角度为(0° 120° 240°)，上位机上检查phaseA、phaseB、PhaseC的相角满足精度±0.5° | E53: 1、Acuview2上位机 2、RTU串口线 3、AcuRev-100电表 4、3E4WY | F53: 1、连接AcuRev-100电表到Acuview2上，链接状态为connected 2、电源输入ABC三相电压角度为(0° 120° 240°)，电压为100V 3、检查相电压A B C三相的精度是否符合±0.5° | G53: 3、检查相电压A B C三相的精度符合±0.5° 备注: 使用excel公式计算具体值 | H53: LV0 | I53: 是 | J53: 已调试 | K53: 未通过：判据读数全零——已知板子ADC芯片损坏问题(2026-07-14)，自动化流程本身已调通(设源/前置配置/救源/断言/报告全链路OK)，换板后重跑出有效结果 | L53: 未通过：已知板卡ADC芯片损坏读数为零，自动化全链路已调通，换板后重跑出有效结果
A54: 相角 | B54: 相电压相角验证 | C54: Function_AC meter_006_01_case2 | D54: ABC三相电压角度为(0° 1° 5°)，上位机上检查phaseA、phaseB、PhaseC的相角满足精度±0.5° | E54: 1、Acuview2上位机 2、RTU串口线 3、AcuRev-100电表 4、3E4WY | F54: 1、连接AcuRev-100电表到Acuview2上，链接状态为connected 2、电源输入ABC三相电压角度为(0° 1° 5°)，电压为100V 3、检查相电压A B C三相的精度是否符合±0.5° | G54: 3、检查相电压A B C三相的精度符合±0.5° 备注: 使用excel公式计算具体值 | H54: LV2 | I54: 是 | J54: 已调试 | K54: 未通过：判据读数全零——已知板子ADC芯片损坏问题(2026-07-14)，自动化流程本身已调通(设源/前置配置/救源/断言/报告全链路OK)，换板后重跑出有效结果 | L54: 未通过：已知板卡ADC芯片损坏读数为零，自动化全链路已调通，换板后重跑出有效结果
A55: 相角 | B55: 电流输入对应相角验证 | C55: Function_AC meter_006_02_case1 | D55: ABC三相电流相角分设置为0°、1°、5°，上位机上检查input1的相角满足精度±0.5° | E55: 1、Acuview2上位机 2、RTU串口线 3、AcuRev-100电表 4、3E4WY | F55: 1、连接AcuRev-100电表到Acuview2上，链接状态为connected 2、电源输入input1~3的电流相角为(0°、1°、5°)，电流为5A 3、检查input1的电流相角的精度是否符合±0.5° | G55: 3、检查input1~3的电流相角的精度符合±0.5° 备注: 使用excel公式计算具体值 | H55: LV2 | I55: 是 | J55: 已调试 | K55: 未通过：判据读数全零——已知板子ADC芯片损坏问题(2026-07-14)，自动化流程本身已调通(设源/前置配置/救源/断言/报告全链路OK)，换板后重跑出有效结果 | L55: 未通过：已知板卡ADC芯片损坏读数为零，自动化全链路已调通，换板后重跑出有效结果
A56: 相角 | B56: 电流输入对应相角验证 | C56: Function_AC meter_006_02_case2 | D56: ABC三相电流相角分设置为60°、90°、120°，上位机上检查input1的相角满足精度±0.5° | E56: 1、Acuview2上位机 2、RTU串口线 3、AcuRev-100电表 4、3E4WY | F56: 1、连接AcuRev-100电表到Acuview2上，链接状态为connected 2、电源输入input1~3的电流相角为(60°、90°、120°)，电流为5A 3、检查input1的电流相角的精度是否符合±0.5° | G56: 3、检查input1~3的电流相角的精度符合±0.5° 备注: 使用excel公式计算具体值 | H56: LV0 | I56: 是 | J56: 已调试 | K56: 未通过：判据读数全零——已知板子ADC芯片损坏问题(2026-07-14)，自动化流程本身已调通(设源/前置配置/救源/断言/报告全链路OK)，换板后重跑出有效结果 | L56: 未通过：已知板卡ADC芯片损坏读数为零，自动化全链路已调通，换板后重跑出有效结果
A57: 能量累计 | B57: Ep/Eq/Es能量累计 | C57: Function_AC meter_007_01_case1 | D57: CT选型333mV(200A)，3E4WY接线，输入ABC电压均为120V，(A&B&C相)电流为(100A、100A、100A)，电压角度分别为(0、240、120)，电流角度分别为(30、270、150)，AC meter上检查能量累计Ep、Eq、Es精度 | E57: CT选型333mV(200A)，3E4WY接线 | F57: 1、连接AcuRev-100电表到Acuview2上，链接状态为connected 2、源输入(A&B&C相)电流均为2.5A，电压均为120V 3、电压角度分别为(0、240、120)，电流角度分别为(30、270、150) 4、对电表能量计数器（Ep、Eq、Es）进行清零操作 5、确认AC meter上各相及系统的Ep、Eq、Es均显示为0，确认清零成功 6、累计时间T=10分钟后，在AC meter上读取有功电能Ep、无功电能Eq、视在电能Es 7、检查Ep、Eq、Es精度是否满足±0.5%要求 | G57: 7、AC meter上检查有功电能、无功电能、视在电能精度满足要求 （精度±0.5%，累计时间T=10min，负载特性：C（容性）） 有功电能 Ep 取值（Ep+（正向有功））： A相：1.723 ~ 1.741 kWh B相：1.723 ~ 1.741 kWh C相：1.723 ~ 1.741 kWh 系统：5.186 ~ 5.206 kWh 无功电能 Eq 取值（Eq-（容性））： A相：-1.005 ~ -0.995 kVARh B相：-1.005 ~ -0.995 kVARh C相：-1.005 ~ -0.995 kVARh 系统：-3.015 ~ -2.985 kVARh 视在电能 Es 取值： A相：1.990 ~ 2.010 kVAh B相：1.990 ~ 2.010 kVAh C相：1.990 ~ 2.010 kVAh 系统：5.988 ~ 6.012 kVAh | H57: LV0 | I57: 是 | J57: 已生成待调试：mV用例回归原文配置(333mV)，待接入5A/333mV CT回路后调试(2026-07-14) | L57: 待调试：mV用例回归原文配置（333mV），待台面接入5A/333mV CT回路后调试
A58: 能量累计 | B58: Ep/Eq/Es能量累计 | C58: Function_AC meter_007_01_case2 | D58: CT选型333mV(200A)，1E2W接线，输入A相电压均为277V，A相电流为100A，电压角度0°，电流角度为120°，AC meter上检查能量累计Ep、Eq、Es精度 | E58: CT选型333mV(200A)，1E2W接线 | F58: 1、连接AcuRev-100电表到Acuview2上，链接状态为connected 2、源输入A相电压为277V，A相电流为2.5A 3、电压角度0°，电流角度120° 4、对电表能量计数器（Ep、Eq、Es）进行清零操作 5、确认AC meter上各相及系统的Ep、Eq、Es均显示为0，确认清零成功 6、累计时间T=10分钟后，在AC meter上读取有功电能Ep、无功电能Eq、视在电能Es 7、检查Ep、Eq、Es精度是否满足±0.5%要求 | G58: 7、AC meter上检查有功电能、无功电能、视在电能精度满足要求 （精度±0.5%，累计时间T=10min，负载特性：C（P<0，发电模式）） 有功电能 Ep 取值（Ep-（输出有功））： A相：-2.320 ~ -2.297 kWh 系统：-2.320 ~ -2.297 kWh 无功电能 Eq 取值（Eq-（容性））： A相：-4.018 ~ -3.978 kVARh 系统：-4.018 ~ -3.978 kVARh 视在电能 Es 取值： A相：4.594 ~ 4.640 kVAh 系统：4.594 ~ 4.640 kVAh | H58: LV1 | I58: 是 | J58: 已生成待调试：mV用例回归原文配置(333mV)，待接入5A/333mV CT回路后调试(2026-07-14) | L58: 待调试：mV用例回归原文配置（333mV），待台面接入5A/333mV CT回路后调试
A59: 能量累计 | B59: Ep/Eq/Es能量累计 | C59: Function_AC meter_007_01_case3 | D59: CT选型333mV(200A)，2E3W1P接线，输入InputA、C电流为(200A, 200A)，Va、Vc电压均为100V，电压相角θ和电流相角ϕ差值为60°，AC meter上检查能量累计Ep、Eq、Es精度 | E59: CT选型333mV(200A)，2E3W1P接线 | F59: 1、连接AcuRev-100电表到Acuview2上，链接状态为connected 2、源输入A、C电流均为5A，Va、Vc电压均为100V 3、电压相角θ和电流相角ϕ差值为60° 4、对电表能量计数器（Ep、Eq、Es）进行清零操作 5、确认AC meter上各相及系统的Ep、Eq、Es均显示为0，确认清零成功 6、累计时间T=10分钟后，在AC meter上读取有功电能Ep、无功电能Eq、视在电能Es 7、检查Ep、Eq、Es精度是否满足±0.5%要求 | G59: 7、AC meter上检查有功电能、无功电能、视在电能精度满足要求 （精度±0.5%，累计时间T=10min，负载特性：L（感性）） 有功电能 Ep 取值（Ep+（正向有功））： A相：1.658 ~ 1.675 kWh C相：1.658 ~ 1.675 kWh 系统：3.317 ~ 3.350 kWh 无功电能 Eq 取值（Eq+（感性））： A相：2.872 ~ 2.901 kVARh C相：2.872 ~ 2.901 kVARh 系统：5.762 ~ 5.785 kVARh 视在电能 Es 取值： A相：3.317 ~ 3.350 kVAh C相：3.317 ~ 3.350 kVAh 系统：6.653 ~ 6.680 kVAh | H59: LV1 | I59: 是 | J59: 已生成待调试：mV用例回归原文配置(333mV)，待接入5A/333mV CT回路后调试(2026-07-14) | L59: 待调试：mV用例回归原文配置（333mV），待台面接入5A/333mV CT回路后调试
A60: 能量累计 | B60: Ep/Eq/Es能量累计 | C60: Function_AC meter_007_01_case4 | D60: CT选型333mV(400A)，3E4WY接线，输入ABC电压均为120V，(A&B&C相)电流为(200A、200A、200A)，电压角度分别为(0，240，120)，电流角度分别为(0，240，120)，AC meter上检查能量累计Ep、Eq、Es精度 | E60: CT选型333mV(400A)，3E4WY接线 | F60: 1、连接AcuRev-100电表到Acuview2上，链接状态为connected 2、源输入(A&B&C相)电流均为2.5A，电压均为120V 3、电压角度分别为(0，240，120)，电流角度分别为(0，240，120) 4、对电表能量计数器（Ep、Eq、Es）进行清零操作 5、确认AC meter上各相及系统的Ep、Eq、Es均显示为0，确认清零成功 6、累计时间T=10分钟后，在AC meter上读取有功电能Ep、无功电能Eq、视在电能Es 7、检查Ep、Eq、Es精度是否满足±0.5%要求 | G60: 7、AC meter上检查有功电能、无功电能、视在电能精度满足要求 （精度±0.5%，累计时间T=10min，负载特性：R） 有功电能 Ep 取值（Ep+（正向有功））： A相：3.980 ~ 4.020 kWh B相：3.980 ~ 4.020 kWh C相：3.980 ~ 4.020 kWh 系统：11.976 ~ 12.024 kWh 无功电能 Eq 取值（）： A相：≈ 0.000 kVARh（纯阻性，理论无功为0） B相：≈ 0.000 kVARh（纯阻性，理论无功为0） C相：≈ 0.000 kVARh（纯阻性，理论无功为0） 系统：≈ 0.000 kVARh（纯阻性，理论无功为0） 视在电能 Es 取值： A相：3.980 ~ 4.020 kVAh B相：3.980 ~ 4.020 kVAh C相：3.980 ~ 4.020 kVAh 系统：11.976 ~ 12.024 kVAh | H60: LV1 | I60: 是 | J60: 已生成待调试：mV用例回归原文配置(333mV)，待接入5A/333mV CT回路后调试(2026-07-14) | L60: 待调试：mV用例回归原文配置（333mV），待台面接入5A/333mV CT回路后调试
A61: 能量累计 | B61: Ep/Eq/Es能量累计 | C61: Function_AC meter_007_01_case5 | D61: CT选型100mA(200A)，3E4WY接线，输入ABC电压均为270V，(A&B&C相)电流为(200A、200A、200A)，电压角度分别为(0、240、120)，电流角度分别为(60、300、180)，AC meter上检查能量累计Ep、Eq、Es精度 | E61: CT选型100mA(200A)，3E4WY接线 | F61: 1、连接AcuRev-100电表到Acuview2上，链接状态为connected 2、源输入(A&B&C相)电流均为20A，电压均为270V 3、电压角度分别为(0、240、120)，电流角度分别为(60、300、180) 4、对电表能量计数器（Ep、Eq、Es）进行清零操作 5、确认AC meter上各相及系统的Ep、Eq、Es均显示为0，确认清零成功 6、累计时间T=10分钟后，在AC meter上读取有功电能Ep、无功电能Eq、视在电能Es 7、检查Ep、Eq、Es精度是否满足±0.5%要求 | G61: 7、AC meter上检查有功电能、无功电能、视在电能精度满足要求 （精度±0.5%，累计时间T=10min，负载特性：C（容性）） 有功电能 Ep 取值（Ep+（正向有功））： A相：4.478 ~ 4.523 kWh B相：4.478 ~ 4.523 kWh C相：4.478 ~ 4.523 kWh 系统：13.473 ~ 13.527 kWh 无功电能 Eq 取值（Eq-（容性））： A相：-7.833 ~ -7.755 kVARh B相：-7.833 ~ -7.755 kVARh C相：-7.833 ~ -7.755 kVARh 系统：-23.430 ~ -23.336 kVARh 视在电能 Es 取值： A相：8.982 ~ 9.018 kVAh B相：8.982 ~ 9.018 kVAh C相：8.982 ~ 9.018 kVAh 系统：26.946 ~ 27.054 kVAh | H61: LV1 | I61: 是 | J61: 已调试 | K61: 未通过：能量增量Δ=0——已知板子ADC芯片损坏(不计量)，增量断言流程已调通，换板后跑10min全时长出有效结果 | L61: 未通过：已知板卡ADC芯片损坏不计量（能量Δ=0），增量断言流程已调通，换板后跑10min全时长
A62: 能量累计 | B62: Ep/Eq/Es能量累计 | C62: Function_AC meter_007_01_case6 | D62: CT选型100mA(400A)，3E4WY接线，输入ABC电压均为120V，(A&B&C相)电流为(200A、200A、200A)，电压角度分别为(0，240，120)，电流角度分别为(0，240，120)，AC meter上检查能量累计Ep、Eq、Es精度 | E62: CT选型100mA(400A)，3E4WY接线 | F62: 1、连接AcuRev-100电表到Acuview2上，链接状态为connected 2、源输入(A&B&C相)电流均为10A，电压均为120V 3、电压角度分别为(0，240，120)，电流角度分别为(0，240，120) 4、对电表能量计数器（Ep、Eq、Es）进行清零操作 5、确认AC meter上各相及系统的Ep、Eq、Es均显示为0，确认清零成功 6、累计时间T=10分钟后，在AC meter上读取有功电能Ep、无功电能Eq、视在电能Es 7、检查Ep、Eq、Es精度是否满足±0.5%要求 | G62: 7、AC meter上检查有功电能、无功电能、视在电能精度满足要求 （精度±0.5%，累计时间T=10min，负载特性：R） 有功电能 Ep 取值（Ep+（正向有功））： A相：3.980 ~ 4.020 kWh B相：3.980 ~ 4.020 kWh C相：3.980 ~ 4.020 kWh 系统：11.976 ~ 12.024 kWh 无功电能 Eq 取值（）： A相：≈ 0.000 kVARh（纯阻性，理论无功为0） B相：≈ 0.000 kVARh（纯阻性，理论无功为0） C相：≈ 0.000 kVARh（纯阻性，理论无功为0） 系统：≈ 0.000 kVARh（纯阻性，理论无功为0） 视在电能 Es 取值： A相：3.980 ~ 4.020 kVAh B相：3.980 ~ 4.020 kVAh C相：3.980 ~ 4.020 kVAh 系统：11.976 ~ 12.024 kVAh | H62: LV1 | I62: 是 | J62: 已调试 | K62: 未通过：能量增量Δ=0——已知板子ADC芯片损坏(不计量)，增量断言流程已调通，换板后跑10min全时长出有效结果 | L62: 未通过：已知板卡ADC芯片损坏不计量（能量Δ=0），增量断言流程已调通，换板后跑10min全时长
A63: 能量累计 | B63: Ep/Eq/Es能量累计 | C63: Function_AC meter_007_01_case7 | D63: CT选型100mA(800A)，3E4WY接线，输入ABC电压均为120V，(A&B&C相)电流为(400A、400A、400A)，电压角度分别为(0，240，120)，电流角度分别为(0，240，120)，AC meter上检查能量累计Ep、Eq、Es精度 | E63: CT选型100mA(800A)，3E4WY接线 | F63: 1、连接AcuRev-100电表到Acuview2上，链接状态为connected 2、源输入(A&B&C相)电流均为10A，电压均为120V 3、电压角度分别为(0，240，120)，电流角度分别为(0，240，120) 4、对电表能量计数器（Ep、Eq、Es）进行清零操作 5、确认AC meter上各相及系统的Ep、Eq、Es均显示为0，确认清零成功 6、累计时间T=10分钟后，在AC meter上读取有功电能Ep、无功电能Eq、视在电能Es 7、检查Ep、Eq、Es精度是否满足±0.5%要求 | G63: 7、AC meter上检查有功电能、无功电能、视在电能精度满足要求 （精度±0.5%，累计时间T=10min，负载特性：R） 有功电能 Ep 取值（Ep+（正向有功））： A相：7.984 ~ 8.016 kWh B相：7.984 ~ 8.016 kWh C相：7.984 ~ 8.016 kWh 系统：23.952 ~ 24.048 kWh 无功电能 Eq 取值（）： A相：≈ 0.000 kVARh（纯阻性，理论无功为0） B相：≈ 0.000 kVARh（纯阻性，理论无功为0） C相：≈ 0.000 kVARh（纯阻性，理论无功为0） 系统：≈ 0.000 kVARh（纯阻性，理论无功为0） 视在电能 Es 取值： A相：7.984 ~ 8.016 kVAh B相：7.984 ~ 8.016 kVAh C相：7.984 ~ 8.016 kVAh 系统：23.952 ~ 24.048 kVAh | H63: LV2 | I63: 是 | J63: 已调试 | K63: 未通过：能量增量Δ=0——已知板子ADC芯片损坏(不计量)，增量断言流程已调通，换板后跑10min全时长出有效结果 | L63: 未通过：已知板卡ADC芯片损坏不计量（能量Δ=0），增量断言流程已调通，换板后跑10min全时长
A64: 能量累计 | B64: Ep/Eq/Es能量累计 | C64: Function_AC meter_007_01_case7_01 | D64: CT选型80mA(800A)，3E4WY接线，输入ABC电压均为120V，(A&B&C相)电流为(400A、400A、400A)，电压角度分别为(0，240，120)，电流角度分别为(0，240，120)，AC meter上检查能量累计Ep、Eq、Es精度 | E64: CT选型100mA(800A)，3E4WY接线 | F64: 1、连接AcuRev-100电表到Acuview2上，链接状态为connected 2、源输入(A&B&C相)电流均为8A，电压均为120V 3、电压角度分别为(0，240，120)，电流角度分别为(0，240，120) 4、对电表能量计数器（Ep、Eq、Es）进行清零操作 5、确认AC meter上各相及系统的Ep、Eq、Es均显示为0，确认清零成功 6、累计时间T=10分钟后，在AC meter上读取有功电能Ep、无功电能Eq、视在电能Es 7、检查Ep、Eq、Es精度是否满足±0.5%要求 | G64: 7、AC meter上检查有功电能、无功电能、视在电能精度满足要求 （精度±0.5%，累计时间T=10min，负载特性：R） 有功电能 Ep 取值（Ep+（正向有功））： A相：7.984 ~ 8.016 kWh B相：7.984 ~ 8.016 kWh C相：7.984 ~ 8.016 kWh 系统：23.952 ~ 24.048 kWh 无功电能 Eq 取值（）： A相：≈ 0.000 kVARh（纯阻性，理论无功为0） B相：≈ 0.000 kVARh（纯阻性，理论无功为0） C相：≈ 0.000 kVARh（纯阻性，理论无功为0） 系统：≈ 0.000 kVARh（纯阻性，理论无功为0） 视在电能 Es 取值： A相：7.984 ~ 8.016 kVAh B相：7.984 ~ 8.016 kVAh C相：7.984 ~ 8.016 kVAh 系统：23.952 ~ 24.048 kVAh | H64: LV1 | I64: 是 | J64: 已生成待调试：CT类型(80mA/RCT)无寄存器枚举映射，待固件/工程师确认(2026-07-14) | L64: 待调试：80mA/RCT无CT类型寄存器枚举映射，待固件/工程师确认后调试
A65: 能量累计 | B65: Ep/Eq/Es能量累计 | C65: Function_AC meter_007_01_case8 | D65: CT选型100mA(1200A)，3E4WY接线，输入ABC电压均为100V，(A&B&C相)电流为(600A、600A、600A)，电压角度分别为(0，240，120)，电流角度分别为(0，240，120)，AC meter上检查能量累计Ep、Eq、Es精度 | E65: CT选型100mA(1200A)，3E4WY接线 | F65: 1、连接AcuRev-100电表到Acuview2上，链接状态为connected 2、源输入(A&B&C相)电流均为10A，电压均为100V 3、电压角度分别为(0，240，120)，电流角度分别为(0，240，120) 4、对电表能量计数器（Ep、Eq、Es）进行清零操作 5、确认AC meter上各相及系统的Ep、Eq、Es均显示为0，确认清零成功 6、累计时间T=10分钟后，在AC meter上读取有功电能Ep、无功电能Eq、视在电能Es 7、检查Ep、Eq、Es精度是否满足±0.5%要求 | G65: 7、AC meter上检查有功电能、无功电能、视在电能精度满足要求 （精度±0.5%，累计时间T=10min，负载特性：R） 有功电能 Ep 取值（Ep+（正向有功））： A相：9.980 ~ 10.020 kWh B相：9.980 ~ 10.020 kWh C相：9.980 ~ 10.020 kWh 系统：29.940 ~ 30.060 kWh 无功电能 Eq 取值（）： A相：≈ 0.000 kVARh（纯阻性，理论无功为0） B相：≈ 0.000 kVARh（纯阻性，理论无功为0） C相：≈ 0.000 kVARh（纯阻性，理论无功为0） 系统：≈ 0.000 kVARh（纯阻性，理论无功为0） 视在电能 Es 取值： A相：9.980 ~ 10.020 kVAh B相：9.980 ~ 10.020 kVAh C相：9.980 ~ 10.020 kVAh 系统：29.940 ~ 30.060 kVAh | H65: LV1 | I65: 是 | J65: 已调试 | K65: 未通过：能量增量Δ=0——已知板子ADC芯片损坏(不计量)，增量断言流程已调通，换板后跑10min全时长出有效结果 | L65: 未通过：已知板卡ADC芯片损坏不计量（能量Δ=0），增量断言流程已调通，换板后跑10min全时长
A66: 能量累计 | B66: Ep/Eq/Es能量累计 | C66: Function_AC meter_007_01_case9 | D66: CT选型100mA(200A)，3E4WY接线，输入ABC电压均为220V，(A&B&C相)电流为(100A、100A、100A)，电压角度分别为(0、240、120)，电流角度分别为(240、120、0)，AC meter上检查能量累计Ep、Eq、Es精度（第二象限：Ep−/Eq+，发电+感性） | E66: CT选型100mA(200A)，3E4WY接线 | F66: 1、连接AcuRev-100电表到Acuview2上，链接状态为connected 2、源输入(A&B&C相)电流均为10A，电压均为220V 3、电压角度分别为(0、240、120)，电流角度分别为(240、120、0) （各相电压超前本相电流120°，即φ=120°，P<0发电模式，Q>0感性） 4、对电表能量计数器（Ep、Eq、Es）进行清零操作 5、确认AC meter上各相及系统的Ep、Eq、Es均显示为0，确认清零成功 6、累计时间T=10分钟后，在AC meter上读取有功电能Ep、无功电能Eq、视在电能Es 7、检查Ep、Eq、Es精度是否满足±0.5%要求 | G66: 7、AC meter上检查有功电能、无功电能、视在电能精度满足要求 （精度±0.5%，累计时间T=10min，负载特性：L感性/P<0发电模式，第二象限Ep−/Eq+） 有功电能 Ep 取值（Ep-（输出有功，发电模式））： A相：-1.842 ~ -1.824 kWh B相：-1.842 ~ -1.824 kWh C相：-1.842 ~ -1.824 kWh 系统：-5.527 ~ -5.472 kWh 无功电能 Eq 取值（Eq+（感性））： A相：3.160 ~ 3.191 kVARh B相：3.160 ~ 3.191 kVARh C相：3.160 ~ 3.191 kVARh 系统：9.507 ~ 9.545 kVARh 视在电能 Es 取值： A相：3.648 ~ 3.685 kVAh B相：3.648 ~ 3.685 kVAh C相：3.648 ~ 3.685 kVAh 系统：10.978 ~ 11.022 kVAh | H66: LV1 | I66: 是 | J66: 已调试 | K66: 未通过：能量增量Δ=0——已知板子ADC芯片损坏(不计量)，增量断言流程已调通，换板后跑10min全时长出有效结果 | L66: 未通过：已知板卡ADC芯片损坏不计量（能量Δ=0），增量断言流程已调通，换板后跑10min全时长
A67: 能量累计 | B67: Ep/Eq/Es能量累计 | C67: Function_AC meter_007_01_case10 | D67: CT选型100mA(200A)，3E4WY接线，三相电压均为220V，三相电流不平衡（A相50A、B相100A、C相150A），三相电压角度(0、240、120)，三相电流角度(330、210、90)（各相φ均为30°，感性），AC meter上检查各相及系统能量累计Ep、Eq、Es精度 | E67: CT选型100mA(200A)，3E4WY接线 | F67: 1、连接AcuRev-100电表到Acuview2上，链接状态为connected 2、源输入三相电压均为220V；A相电流5A，B相电流10A，C相电流15A（三相电流不平衡） 3、三相电压角度分别为(0、240、120)，三相电流角度分别为(330、210、90) （各相电压与本相电流夹角均为30°，负载均为感性L） 4、对电表能量计数器（Ep、Eq、Es）进行清零操作 5、确认AC meter上各相及系统的Ep、Eq、Es均显示为0，确认清零成功 6、累计时间T=10分钟后，在AC meter上读取各相及系统的有功电能Ep、无功电能Eq、视在电能Es 7、检查各相及系统Ep、Eq、Es精度是否满足±0.5%要求 | G67: 7、AC meter上检查有功电能、无功电能、视在电能精度满足要求 （精度±0.5%，累计时间T=10min，三相电流不平衡，各相φ=30°，负载特性：L（感性）） 有功电能 Ep 取值（Ep+（正向有功））： A相：1.580 ~ 1.596 kWh B相：3.160 ~ 3.191 kWh C相：4.739 ~ 4.787 kWh 系统：9.507 ~ 9.545 kWh 无功电能 Eq 取值（Eq+（感性））： A相：0.912 ~ 0.921 kVARh B相：1.824 ~ 1.842 kVARh C相：2.736 ~ 2.764 kVARh 系统：5.489 ~ 5.511 kVARh 视在电能 Es 取值（各相独立计量）： A相：1.824 ~ 1.842 kVAh B相：3.648 ~ 3.685 kVAh C相：5.489 ~ 5.511 kVAh 系统（各相之和）：10.978 ~ 11.022 kVAh | H67: LV1 | I67: 是 | J67: 已调试 | K67: 未通过：能量增量Δ=0——已知板子ADC芯片损坏(不计量)，增量断言流程已调通，换板后跑10min全时长出有效结果 | L67: 未通过：已知板卡ADC芯片损坏不计量（能量Δ=0），增量断言流程已调通，换板后跑10min全时长
A68: 能量累计 | B68: Ep/Eq/Es能量累计 | C68: Function_AC meter_007_01_case11 | D68: CT选型RCT(500A)，3E4WY接线，输入ABC电压均为120V，(A&B&C相)电流为(400A、400A、400A)，电压角度分别为(0，240，120)，电流角度分别为(0，240，120)，AC meter上检查能量累计Ep、Eq、Es精度 | E68: CT选型RCT(500A)，3E4WY接线 | F68: 1、连接AcuRev-100电表到Acuview2上，链接状态为connected 2、源输入(A&B&C相)电流均为4A，电压均为120V 3、电压角度分别为(0，240，120)，电流角度分别为(0，240，120) 4、对电表能量计数器（Ep、Eq、Es）进行清零操作 5、确认AC meter上各相及系统的Ep、Eq、Es均显示为0，确认清零成功 6、累计时间T=10分钟后，在AC meter上读取有功电能Ep、无功电能Eq、视在电能Es 7、检查Ep、Eq、Es精度是否满足±0.5%要求 | G68: 7、AC meter上检查有功电能、无功电能、视在电能精度满足要求 （精度±0.5%，累计时间T=10min，负载特性：R） 有功电能 Ep 取值（Ep+（正向有功））： A相：7.984 ~ 8.016 kWh B相：7.984 ~ 8.016 kWh C相：7.984 ~ 8.016 kWh 系统：23.952 ~ 24.048 kWh 无功电能 Eq 取值（）： A相：≈ 0.000 kVARh（纯阻性，理论无功为0） B相：≈ 0.000 kVARh（纯阻性，理论无功为0） C相：≈ 0.000 kVARh（纯阻性，理论无功为0） 系统：≈ 0.000 kVARh（纯阻性，理论无功为0） 视在电能 Es 取值： A相：7.984 ~ 8.016 kVAh B相：7.984 ~ 8.016 kVAh C相：7.984 ~ 8.016 kVAh 系统：23.952 ~ 24.048 kVAh | H68: LV1 | I68: 是 | J68: 已生成待调试：CT类型(80mA/RCT)无寄存器枚举映射，待固件/工程师确认(2026-07-14) | L68: 待调试：80mA/RCT无CT类型寄存器枚举映射，待固件/工程师确认后调试
A69: 能量累计 | B69: Ep/Eq/Es能量累计 | C69: Function_AC meter_007_01_case12 | D69: CT选型RCT(1000A)，3E4WY接线，输入ABC电压均为100V，(A&B&C相)电流为(600A、600A、600A)，电压角度分别为(0，240，120)，电流角度分别为(0，240，120)，AC meter上检查能量累计Ep、Eq、Es精度 | E69: CT选型RCT(1000A)，3E4WY接线 | F69: 1、连接AcuRev-100电表到Acuview2上，链接状态为connected 2、(A&B&C相)电流均为3A，电压均为100V 3、电压角度分别为(0，240，120)，电流角度分别为(0，240，120) 4、对电表能量计数器（Ep、Eq、Es）进行清零操作 5、确认AC meter上各相及系统的Ep、Eq、Es均显示为0，确认清零成功 6、累计时间T=10分钟后，在AC meter上读取有功电能Ep、无功电能Eq、视在电能Es 7、检查Ep、Eq、Es精度是否满足±0.5%要求 | G69: 7、AC meter上检查有功电能、无功电能、视在电能精度满足要求 （精度±0.5%，累计时间T=10min，负载特性：R） 有功电能 Ep 取值（Ep+（正向有功））： A相：9.980 ~ 10.020 kWh B相：9.980 ~ 10.020 kWh C相：9.980 ~ 10.020 kWh 系统：29.940 ~ 30.060 kWh 无功电能 Eq 取值（）： A相：≈ 0.000 kVARh（纯阻性，理论无功为0） B相：≈ 0.000 kVARh（纯阻性，理论无功为0） C相：≈ 0.000 kVARh（纯阻性，理论无功为0） 系统：≈ 0.000 kVARh（纯阻性，理论无功为0） 视在电能 Es 取值： A相：9.980 ~ 10.020 kVAh B相：9.980 ~ 10.020 kVAh C相：9.980 ~ 10.020 kVAh 系统：29.940 ~ 30.060 kVAh | H69: LV1 | I69: 是 | J69: 已生成待调试：CT类型(80mA/RCT)无寄存器枚举映射，待固件/工程师确认(2026-07-14) | L69: 待调试：80mA/RCT无CT类型寄存器枚举映射，待固件/工程师确认后调试
A70: 脉冲 | B70: Ep+脉冲（光脉冲） | C70: Function_AC meter_008_01_case1 | D70: CT选型333mV(200A)，3E4WY接线，输入ABC电压均为120V，(A&B&C相)电流为(100A、100A、100A)，电压角度(0、240、120)，电流角度(30、270、150)，配置LED光脉冲常数50 imp/kWh，AC meter上检查Ep+能量脉冲精度 | E70: CT选型100mA(200A)，3E4WY接线 | F70: 1、连接AcuRev-100电表到Acuview2上，链接状态为connected 2、配置AC meter LED光能量脉冲输出常数为50 imp/kWh 3、源输入(A&B&C相)电流均为2.5A，电压均为120V 4、电压角度分别为(0、240、120)，电流角度分别为(30、270、150) 5、对AC meter能量脉冲计数器进行清零，确认脉冲计数显示为0 6、固定累计时间T=10分钟，记录AC meter Ep+脉冲输出的实际计数值N 7、检查实际脉冲计数N是否在允许误差范围内（精度±0.2%） | G70: 7、AC meter Ep+能量脉冲计数精度满足要求 （精度±0.2%，脉冲常数50 imp/kWh，累计时间T=10min，负载特性：C（容性）） 计算依据： 系统有功功率 P = 31176.91 W 理论有功电能 E = 5.1962 kWh（T=10min） 理论脉冲数 N = E × C = 259.81 个 实际脉冲计数 N 应满足（±0.2%）： 259 ~ 261 个脉冲 | H70: LV0 | I70: 是 | L70: 未生成：脉冲类需脉冲采集台架（规划accuracy_pulse引擎），台架接入后转换
A71: 脉冲 | B71: Ep+脉冲（电脉冲） | C71: Function_AC meter_008_01_case1_01 | D71: CT选型333mV(200A)，3E4WY接线，输入ABC电压均为120V，(A&B&C相)电流为(100A、100A、100A)，电压角度(0、240、120)，电流角度(30、270、150)，配置电脉冲常数50 imp/kWh，AC meter上检查Ep+能量脉冲精度 | E71: CT选型100mA(200A)，3E4WY接线 | F71: 1、连接AcuRev-100电表到Acuview2上，链接状态为connected 2、配置AC meter电能量脉冲输出常数为50 imp/kWh 3、源输入(A&B&C相)电流均为2.5A，电压均为120V 4、电压角度分别为(0、240、120)，电流角度分别为(30、270、150) 5、对AC meter能量脉冲计数器进行清零，确认脉冲计数显示为0 6、固定累计时间T=10分钟，记录AC meter Ep+脉冲输出的实际计数值N 7、检查实际脉冲计数N是否在允许误差范围内（精度±0.2%） | G71: 7、AC meter Ep+能量脉冲计数精度满足要求 （精度±0.2%，脉冲常数50 imp/kWh，累计时间T=10min，负载特性：C（容性）） 计算依据： 系统有功功率 P = 31176.91 W 理论有功电能 E = 5.1962 kWh（T=10min） 理论脉冲数 N = E × C = 259.81 个 实际脉冲计数 N 应满足（±0.2%）： 259 ~ 261 个脉冲 | H71: LV0 | I71: 是 | L71: 未生成：脉冲类需脉冲采集台架（规划accuracy_pulse引擎），台架接入后转换
A72: 脉冲 | B72: Ep+脉冲（光脉冲） | C72: Function_AC meter_008_01_case2 | D72: CT选型333mV(400A)，3E4WY接线，输入ABC电压均为120V，(A&B&C相)电流为(200A、200A、200A)，电压角度(0，240，120)，电流角度(0，240，120)，LED光配置脉冲常数20 imp/kWh，AC meter上检查Ep+能量脉冲精度 | E72: CT选型100mA(400A)，3E4WY接线 | F72: 1、连接AcuRev-100电表到Acuview2上，链接状态为connected 2、配置AC meter LED光能量脉冲输出常数为20 imp/kWh 3、源输入(A&B&C相)电流均为2.5A，电压均为120V 4、电压角度分别为(0，240，120)，电流角度分别为(0，240，120) 5、对AC meter能量脉冲计数器进行清零，确认脉冲计数显示为0 6、固定累计时间T=10分钟，记录AC meter Ep+脉冲输出的实际计数值N 7、检查实际脉冲计数N是否在允许误差范围内（精度±0.2%） | G72: 7、AC meter Ep+能量脉冲计数精度满足要求 （精度±0.2%，脉冲常数20 imp/kWh，累计时间T=10min，负载特性：R） 计算依据： 系统有功功率 P = 72000.00 W 理论有功电能 E = 12.0000 kWh（T=10min） 理论脉冲数 N = E × C = 240.00 个 实际脉冲计数 N 应满足（±0.2%）： 240 ~ 240 个脉冲 | H72: LV1 | I72: 是 | L72: 未生成：脉冲类需脉冲采集台架（规划accuracy_pulse引擎），台架接入后转换
A73: 脉冲 | B73: Ep+脉冲（光脉冲） | C73: Function_AC meter_008_01_case3 | D73: CT选型100mA(200A)，3E4WY接线，输入ABC电压均为120V，(A&B&C相)电流为(100A、100A、100A)，电压角度(0、240、120)，电流角度(30、270、150)，LED光配置脉冲常数50 imp/kWh，AC meter上检查Ep+能量脉冲精度 | E73: CT选型100mA(200A)，3E4WY接线 | F73: 1、连接AcuRev-100电表到Acuview2上，链接状态为connected 2、配置AC meter LED光能量脉冲输出常数为50 imp/kWh 3、源输入(A&B&C相)电流均为10A，电压均为120V 4、电压角度分别为(0、240、120)，电流角度分别为(30、270、150) 5、对AC meter能量脉冲计数器进行清零，确认脉冲计数显示为0 6、固定累计时间T=10分钟，记录AC meter Ep+脉冲输出的实际计数值N 7、检查实际脉冲计数N是否在允许误差范围内（精度±0.2%） | G73: 7、AC meter Ep+能量脉冲计数精度满足要求 （精度±0.2%，脉冲常数50 imp/kWh，累计时间T=10min，负载特性：C（容性）） 计算依据： 系统有功功率 P = 31176.91 W 理论有功电能 E = 5.1962 kWh（T=10min） 理论脉冲数 N = E × C = 259.81 个 实际脉冲计数 N 应满足（±0.2%）： 259 ~ 261 个脉冲 | H73: LV2 | I73: 是 | L73: 未生成：脉冲类需脉冲采集台架（规划accuracy_pulse引擎），台架接入后转换
A74: 脉冲 | B74: Ep+脉冲（光脉冲） | C74: Function_AC meter_008_01_case3_.01 | D74: CT选型80mA(200A)，3E4WY接线，输入ABC电压均为120V，(A&B&C相)电流为(100A、100A、100A)，电压角度(0、240、120)，电流角度(30、270、150)，LED光配置脉冲常数50 imp/kWh，AC meter上检查Ep+能量脉冲精度 | E74: CT选型100mA(200A)，3E4WY接线 | F74: 1、连接AcuRev-100电表到Acuview2上，链接状态为connected 2、配置AC meter LED光能量脉冲输出常数为50 imp/kWh 3、源输入(A&B&C相)电流均为8A，电压均为120V 4、电压角度分别为(0、240、120)，电流角度分别为(30、270、150) 5、对AC meter能量脉冲计数器进行清零，确认脉冲计数显示为0 6、固定累计时间T=10分钟，记录AC meter Ep+脉冲输出的实际计数值N 7、检查实际脉冲计数N是否在允许误差范围内（精度±0.2%） | G74: 7、AC meter Ep+能量脉冲计数精度满足要求 （精度±0.2%，脉冲常数50 imp/kWh，累计时间T=10min，负载特性：C（容性）） 计算依据： 系统有功功率 P = 31176.91 W 理论有功电能 E = 5.1962 kWh（T=10min） 理论脉冲数 N = E × C = 259.81 个 实际脉冲计数 N 应满足（±0.2%）： 259 ~ 261 个脉冲 | H74: LV1 | I74: 是 | L74: 未生成：脉冲类需脉冲采集台架（规划accuracy_pulse引擎），台架接入后转换；且80mA CT无寄存器枚举映射，待固件确认
A75: 脉冲 | B75: Ep+脉冲（光脉冲） | C75: Function_AC meter_008_01_case4 | D75: CT选型100mA(400A)，3E4WY接线，输入ABC电压均为120V，(A&B&C相)电流为(200A、200A、200A)，电压角度(0，240，120)，电流角度(0，240，120)，LED光配置脉冲常数20 imp/kWh，AC meter上检查Ep+能量脉冲精度 | E75: CT选型100mA(400A)，3E4WY接线 | F75: 1、连接AcuRev-100电表到Acuview2上，链接状态为connected 2、配置AC meter LED光能量脉冲输出常数为20 imp/kWh 3、源输入(A&B&C相)电流均为10A，电压均为120V 4、电压角度分别为(0，240，120)，电流角度分别为(0，240，120) 5、对AC meter能量脉冲计数器进行清零，确认脉冲计数显示为0 6、固定累计时间T=10分钟，记录AC meter Ep+脉冲输出的实际计数值N 7、检查实际脉冲计数N是否在允许误差范围内（精度±0.2%） | G75: 7、AC meter Ep+能量脉冲计数精度满足要求 （精度±0.2%，脉冲常数20 imp/kWh，累计时间T=10min，负载特性：R） 计算依据： 系统有功功率 P = 72000.00 W 理论有功电能 E = 12.0000 kWh（T=10min） 理论脉冲数 N = E × C = 240.00 个 实际脉冲计数 N 应满足（±0.2%）： 240 ~ 240 个脉冲 | H75: LV1 | I75: 是 | L75: 未生成：脉冲类需脉冲采集台架（规划accuracy_pulse引擎），台架接入后转换
A76: 脉冲 | B76: Ep+脉冲（电脉冲） | C76: Function_AC meter_008_01_case4_01 | D76: CT选型100mA(400A)，3E4WY接线，输入ABC电压均为120V，(A&B&C相)电流为(200A、200A、200A)，电压角度(0，240，120)，电流角度(0，240，120)，电配置脉冲常数20 imp/kWh，AC meter上检查Ep+能量脉冲精度 | E76: CT选型100mA(400A)，3E4WY接线 | F76: 1、连接AcuRev-100电表到Acuview2上，链接状态为connected 2、配置AC meter 电能量脉冲输出常数为20 imp/kWh 3、源输入(A&B&C相)电流均为10A，电压均为120V 4、电压角度分别为(0，240，120)，电流角度分别为(0，240，120) 5、对AC meter能量脉冲计数器进行清零，确认脉冲计数显示为0 6、固定累计时间T=10分钟，记录AC meter Ep+脉冲输出的实际计数值N 7、检查实际脉冲计数N是否在允许误差范围内（精度±0.2%） | G76: 7、AC meter Ep+能量脉冲计数精度满足要求 （精度±0.2%，脉冲常数20 imp/kWh，累计时间T=10min，负载特性：R） 计算依据： 系统有功功率 P = 72000.00 W 理论有功电能 E = 12.0000 kWh（T=10min） 理论脉冲数 N = E × C = 240.00 个 实际脉冲计数 N 应满足（±0.2%）： 240 ~ 240 个脉冲 | H76: LV2 | I76: 是 | L76: 未生成：脉冲类需脉冲采集台架（规划accuracy_pulse引擎），台架接入后转换
A77: 脉冲 | B77: Ep+脉冲（光脉冲） | C77: Function_AC meter_008_01_case5 | D77: CT选型100mA(800A)，3E4WY接线，输入ABC电压均为120V，(A&B&C相)电流为(400A、400A、400A)，电压角度(0，240，120)，电流角度(0，240，120)，LED光配置脉冲常数10 imp/kWh，AC meter上检查Ep+能量脉冲精度 | E77: CT选型100mA(800A)，3E4WY接线 | F77: 1、连接AcuRev-100电表到Acuview2上，链接状态为connected 2、配置AC meter LED光能量脉冲输出常数为10 imp/kWh 3、源输入(A&B&C相)电流均为10A，电压均为120V 4、电压角度分别为(0，240，120)，电流角度分别为(0，240，120) 5、对AC meter能量脉冲计数器进行清零，确认脉冲计数显示为0 6、固定累计时间T=10分钟，记录AC meter Ep+脉冲输出的实际计数值N 7、检查实际脉冲计数N是否在允许误差范围内（精度±0.2%） | G77: 7、AC meter Ep+能量脉冲计数精度满足要求 （精度±0.2%，脉冲常数10 imp/kWh，累计时间T=10min，负载特性：R） 计算依据： 系统有功功率 P = 144000.00 W 理论有功电能 E = 24.0000 kWh（T=10min） 理论脉冲数 N = E × C = 240.00 个 实际脉冲计数 N 应满足（±0.2%）： 240 ~ 240 个脉冲 | H77: LV1 | I77: 是 | L77: 未生成：脉冲类需脉冲采集台架（规划accuracy_pulse引擎），台架接入后转换
A78: 脉冲 | B78: Ep+脉冲（光脉冲） | C78: Function_AC meter_008_01_case6 | D78: CT选型100mA(1200A)，3E4WY接线，输入ABC电压均为100V，(A&B&C相)电流为(600A、600A、600A)，电压角度(0，240，120)，电流角度(0，240，120)，LED光配置脉冲常数10 imp/kWh，AC meter上检查Ep+能量脉冲精度 | E78: CT选型100mA(1200A)，3E4WY接线 | F78: 1、连接AcuRev-100电表到Acuview2上，链接状态为connected 2、配置AC meter LED光能量脉冲输出常数为10 imp/kWh 3、源输入(A&B&C相)电流均为10A，电压均为100V 4、电压角度分别为(0，240，120)，电流角度分别为(0，240，120) 5、对AC meter能量脉冲计数器进行清零，确认脉冲计数显示为0 6、固定累计时间T=10分钟，记录AC meter Ep+脉冲输出的实际计数值N 7、检查实际脉冲计数N是否在允许误差范围内（精度±0.2%） | G78: 7、AC meter Ep+能量脉冲计数精度满足要求 （精度±0.2%，脉冲常数10 imp/kWh，累计时间T=10min，负载特性：R） 计算依据： 系统有功功率 P = 180000.00 W 理论有功电能 E = 30.0000 kWh（T=10min） 理论脉冲数 N = E × C = 300.00 个 实际脉冲计数 N 应满足（±0.2%）： 299 ~ 301 个脉冲 | H78: LV1 | I78: 是 | L78: 未生成：脉冲类需脉冲采集台架（规划accuracy_pulse引擎），台架接入后转换
A79: 脉冲 | B79: Ep+脉冲（光脉冲） | C79: Function_AC meter_008_01_case7 | D79: CT选型RCT(500A)，3E4WY接线，输入ABC电压均为120V，(A&B&C相)电流为(400A、400A、400A)，电压角度(0，240，120)，电流角度(0，240，120)，LED光配置脉冲常数10 imp/kWh，AC meter上检查Ep+能量脉冲精度 | E79: CT选型CT选型RCT(500A)，3E4WY接线 | F79: 1、连接AcuRev-100电表到Acuview2上，链接状态为connected 2、配置AC meter LED光能量脉冲输出常数为10 imp/kWh 3、源输入(A&B&C相)电流均为4A，电压均为120V 4、电压角度分别为(0，240，120)，电流角度分别为(0，240，120) 5、对AC meter能量脉冲计数器进行清零，确认脉冲计数显示为0 6、固定累计时间T=10分钟，记录AC meter Ep+脉冲输出的实际计数值N 7、检查实际脉冲计数N是否在允许误差范围内（精度±0.2%） | G79: 7、AC meter Ep+能量脉冲计数精度满足要求 （精度±0.2%，脉冲常数10 imp/kWh，累计时间T=10min，负载特性：R） 计算依据： 系统有功功率 P = 144000.00 W 理论有功电能 E = 24.0000 kWh（T=10min） 理论脉冲数 N = E × C = 240.00 个 实际脉冲计数 N 应满足（±0.2%）： 240 ~ 240 个脉冲 | H79: LV1 | I79: 是 | L79: 未生成：脉冲类需脉冲采集台架（规划accuracy_pulse引擎），台架接入后转换；且RCT无寄存器枚举映射，待固件确认
A80: 脉冲 | B80: Ep+脉冲（光脉冲） | C80: Function_AC meter_008_01_case8 | D80: CT选型RCT(1000A)，3E4WY接线，输入ABC电压均为100V，(A&B&C相)电流为(600A、600A、600A)，电压角度(0，240，120)，电流角度(0，240，120)， LED光配置脉冲常数10 imp/kWh，AC meter上检查Ep+能量脉冲精度 | E80: CT选型RCT(1000A)，3E4WY接线 | F80: 1、连接AcuRev-100电表到Acuview2上，链接状态为connected 2、配置AC meter LED光能量脉冲输出常数为10 imp/kWh 3、源输入(A&B&C相)电流均为3A，电压均为100V 4、电压角度分别为(0，240，120)，电流角度分别为(0，240，120) 5、对AC meter能量脉冲计数器进行清零，确认脉冲计数显示为0 6、固定累计时间T=10分钟，记录AC meter Ep+脉冲输出的实际计数值N 7、检查实际脉冲计数N是否在允许误差范围内（精度±0.2%） | G80: 7、AC meter Ep+能量脉冲计数精度满足要求 （精度±0.2%，脉冲常数10 imp/kWh，累计时间T=10min，负载特性：R） 计算依据： 系统有功功率 P = 180000.00 W 理论有功电能 E = 30.0000 kWh（T=10min） 理论脉冲数 N = E × C = 300.00 个 实际脉冲计数 N 应满足（±0.2%）： 299 ~ 301 个脉冲 | H80: LV1 | I80: 是 | L80: 未生成：脉冲类需脉冲采集台架（规划accuracy_pulse引擎），台架接入后转换；且RCT无寄存器枚举映射，待固件确认
A81: 接线验证 | B81: 1E2W接线验证 | C81: Function_AC meter_009_01_case1 | D81: 1E2W 接线方式， 上位机 realtime数据中“显示”符合接线方式中的显示规划 | E81: 1、Acuview2上位机 2、RTU串口线 3、AcuRev-100电表 | F81: 1、连接AcuRev-100电表到Acuview2上，链接状态为connected 2、1E2W输电,上位机配1E2W接线，Va为120V, I_in1为100A，压流夹角0°。 3、 根据最新的接线方式说明书检查上位机上real-time页面显示 4、根据最新的接线方式说明书检查上位机上Energy页面显示 | G81: 3、 上位机上real-time显示与最新的接线方式说明书保持一致 4、 上位机Energy显示与最新的接线方式说明书保持一致 | H81: LV0 | I81: 是 | J81: 已调试 | K81: 未通过：判据读数全零——已知板子ADC芯片损坏问题(2026-07-14)，自动化流程本身已调通(设源/前置配置/救源/断言/报告全链路OK)，换板后重跑出有效结果 | L81: 未通过：已知板卡ADC芯片损坏读数为零，自动化全链路已调通，换板后重跑出有效结果
A82: 接线验证 | B82: 1E2W接线验证 | C82: Function_AC meter_009_01_case2 | D82: 1E2W 接线测量5分钟， 切换到2E3W1P接线方式，再次切换到1E2W 接线，检查HMI和上位机上能量是否全部被置为0, 电压电流测量正确 | E82: 1、Acuview2上位机 2、RTU串口线 3、AcuRev-100电表 | F82: 1、连接AcuRev-100电表到Acuview2上，链接状态为connected 2、1E2W输电，上位机配1E2W接线，Va为120V, I_in1为80A，压流夹角0°。 3、检查上位机对应有功功率是否正确 4、测量5分钟 5、切换到2E3W1P接线方式，选择清除能量 6、检查上位机上能量是否测量参数全部置为0, 电压电流测量正确 | G82: 6、上位机上能量测量参数全部置为0, 电压电流测量正确 | H82: LV1 | I82: 是 | J82: 已生成待调试：Acuview(当前debug版)未实现切接线时清/不清能量的选择功能(需求已确认存在)，skip存根已生成，待正式版发布后补切接线弹窗复合runner(含清/不清分支)+能量=0回读判据(2026-07-15) | L82: 待调试：Acuview切接线清/不清能量选择功能未实现（需求已确认存在），待正式版发布后调试
A83: 接线验证 | B83: 2E3W1P接线验证 | C83: Function_AC meter_009_02_case1 | D83: 上位机配2E3W1P接线，压流夹角30° | E83: 1、Acuview2上位机 2、RTU串口线 3、AcuRev-100电表 | F83: 1、连接AcuRev-100电表到Acuview2上，链接状态为connected 2、上位机配2E3W1P接线， 2.1、检查上位机的默认配置是否为 Va、Vc 2.2、 Va、Vc配置为120V, A、C相电流分别为50A 和50A，压流夹角30°。 3、检查上位机中A、C相、系统对应功率是否正确，系统的PF是否等于0.866 4、检查系统的平均电流是否为50A。 | G83: 2.1、检查上位机的默认配置为 Va、Vc 3.上位机中A、C相、系统对应功率正确，系统的PF等于0.866 4、系统的平均电流为50A。 | H83: LV2 | I83: 是 | J83: 已调试 | K83: 未通过：判据读数全零——已知板子ADC芯片损坏问题(2026-07-14)，自动化流程本身已调通(设源/前置配置/救源/断言/报告全链路OK)，换板后重跑出有效结果 | L83: 未通过：已知板卡ADC芯片损坏读数为零，自动化全链路已调通，换板后重跑出有效结果
A84: 接线验证 | B84: 2E3W1P接线验证 | C84: Function_AC meter_009_02_case2 | D84: 上位机配2E3W1P接线， 系统功率数据是A、C相数据之和 | E84: 1、Acuview2上位机 2、RTU串口线 3、AcuRev-100电表 | F84: 1、连接AcuRev-100电表到Acuview2上，链接状态为connected 2、上位机配2E3W1P接线， 2.1、检查上位机的默认配置是否为 Va、Vc 2.2、 Va、Vc配置为120V, A、C相电流分别为50A 和150A，压流夹角0°。 （Va/Vc角度0、180°，A、C相电流角度0/180°） 3.系统的平均电流是否为100A， PhaseA功率数据与PhaseC功率数据之和是否等于sys功率 | G84: 3.系统的平均电流为100A， PhaseA功率数据与PhaseC功率数据之和等于sys功率 | H84: LV2 | I84: 是 | J84: 已调试 | K84: 未通过：判据读数全零——已知板子ADC芯片损坏问题(2026-07-14)，自动化流程本身已调通(设源/前置配置/救源/断言/报告全链路OK)，换板后重跑出有效结果 | L84: 未通过：已知板卡ADC芯片损坏读数为零，自动化全链路已调通，换板后重跑出有效结果
A85: 接线验证 | B85: 2E3W1P接线验证 | C85: Function_AC meter_009_02_case3 | D85: 2E3W1P接线测量5分钟， 切换到1E2W接线方式，检查上位机上电压，电流，能量是否与1E2W接线方式测量数据保持一致，2E3W1P接线测量数据全部重置为0 | E85: 1、Acuview2上位机 2、RTU串口线 3、AcuRev-100电表 | F85: 1、连接AcuRev-100电表到Acuview2上，链接状态为connected 2、上位机配2E3W1P接线 3、2E3W1P接线测量5分钟，切换到1E2W接线方式 4、检查能量是否被清0，上位机能量及real-time的数据显示是否同1E2W时一致 5、切回2E3W1P接线 6、Va、Vc配置为120V, A、C相电流分别为50A 和150A，压流夹角0° 7、系统的平均电流是否为100A，PhaseA功率数据与PhaseC功率数据之和是否等于sys功率 | G85: 4、能量被清0，上位机上电压、电流、功率与1E2W接线方式数据一致，源接线方式多出测量参数全部为”-“ 7、系统的平均电流为100A，PhaseA功率数据与PhaseC功率数据之和等于sys功率 | H85: LV0 | I85: 是 | J85: 已生成待调试：Acuview(当前debug版)未实现切接线时清/不清能量的选择功能(需求已确认存在)，skip存根已生成，待正式版发布后补切接线弹窗复合runner(含清/不清分支)+能量=0回读判据(2026-07-15) | L85: 待调试：Acuview切接线清/不清能量选择功能未实现（需求已确认存在），待正式版发布后调试
A86: 接线验证 | B86: 2E3W1P接线验证 | C86: Function_AC meter_009_02_case4 | D86: 2E3W1P接线配置，上位机 realtime数据中“显示”符合接线方式中的显示规划 | E86: 1、Acuview2上位机 2、RTU串口线 3、AcuRev-100电表 | F86: 1、连接AcuRev-100电表到Acuview2上，链接状态为connected 2、上位机配2E3W1P接线， 2.1、检查上位机的默认配置是否为 Va、Vc 2.2、 Va、Vc配置为120V, A、C相电流分别为100A 和200A，压流夹角0°。 （Va/Vc角度0、180°，A、C相电流角度0/180°） 3、 根据最新的接线方式说明书检查上位机上real-time显示 4、 根据最新的接线方式说明书检查上位机上Energy显示 | G86: 3、 上位机上real-time显示与最新的接线方式说明书保持一致 4、 根据最新的接线方式说明书检查上位机上Energy显示保持一致 | H86: LV1 | I86: 是 | J86: 已调试 | K86: 未通过：判据读数全零——已知板子ADC芯片损坏问题(2026-07-14)，自动化流程本身已调通(设源/前置配置/救源/断言/报告全链路OK)，换板后重跑出有效结果 | L86: 未通过：已知板卡ADC芯片损坏读数为零，自动化全链路已调通，换板后重跑出有效结果
A87: 接线验证 | B87: 2E3W1P接线验证 | C87: Function_AC meter_009_02_case5 | D87: 2E3W1P接线配置，验证Va为0时，Vc 相的角度为0，，input的角度为0，电压电流测量正常，功率计算正确 | E87: 1、Acuview2上位机 2、RTU串口线 3、AcuRev-100电表 | F87: 1、连接AcuRev-100电表到Acuview2上，链接状态为connected 2、上位机配2E3W1P接线， 2.1、检查上位机的默认配置是否为 Va、Vc 2.2、 Va、Vc配置为120V, A、C相电流分别为100A 和200A，压流夹角0°。 （Va/Vc角度0、180°，A、C相电流角度0/180°） 3、检查上位机数据是否正确 4、修改源上Va的幅值为0，检查Va的角度功率均为0、Ia幅值正常，角度功率均为0，Vc和Ic的角度为0，电压电流幅值以及功率维持之前的数值不受影响 5、 从源上关闭输入，再按照关闭前的配置直接打开输入 6、检查Va的角度功率均为0、Ia电流幅值正常，角度功率均为0，Vc和Ic的角度为0，电压电流幅值以及功率维持之前的数值不受影响 | G87: 2.1、检查上位机的默认配置为 Va、Vc 3、数据正确 4~6、 Va的角度功率均为0、Ia电流幅值正常，角度功率均为0，Vc和Ic的角度为0，电压电流幅值以及功率维持之前的数值不受影响 | H87: LV1 | I87: 否 | L87: 不可自动化：要求Va=0（关源＝自供电表断电），本台面不可自动化；转手工或待外部供电方案
A88: 接线验证 | B88: 3E4WY接线验证 | C88: Function_AC meter_009_03_case1 | D88: 上位机配3E4WY接线，A\B\C三相电流分别配Va、Vb、Vc，压流角0°，对应功率正确 | E88: 1、Acuview2上位机 2、RTU串口线 3、AcuRev-100电表 | F88: 1、连接AcuRev-100电表到Acuview2上，链接状态为connected 2、3E4WY输电，上位机配3E4WY接线， 3、 Va、Vb、Vc均为120V, I_in1~3均为50A 100A 150A，压流角0° 4、检查上位机上real-time数据是否正确 | G88: 4、检查上位机上real-time数据正确 | H88: LV0 | I88: 是 | J88: 已调试 | K88: 未通过：判据读数全零——已知板子ADC芯片损坏问题(2026-07-14)，自动化流程本身已调通(设源/前置配置/救源/断言/报告全链路OK)，换板后重跑出有效结果 | L88: 未通过：已知板卡ADC芯片损坏读数为零，自动化全链路已调通，换板后重跑出有效结果
A89: 接线验证 | B89: 3E4WY接线验证 | C89: Function_AC meter_009_03_case2 | D89: 3E4WY接线测量5分钟， 切换到1E2W接线方式，再次切换到3E4WY接线，检查HMI和上位机上能量是否全部被置为0, 电压电流测量正确 | E89: 1、Acuview2上位机 2、RTU串口线 3、AcuRev-100电表 | F89: 1、连接AcuRev-100电表到Acuview2上，链接状态为connected 2、3E4WY输电，上位机配3E4WY接线，Va、Vb、Vc均为120V, I_in1~3均为100A，压流夹角0°，Va、Vb、Vc相角为(0°、120°、240°)。 3、上位机上input1~3配置电压Va、Vb、Vc 4、测量5分钟 5、切换到1E2W接线方式，选择能量不清0 6、立即切换到3E4WY接线方式，选择能量清0 7、检查上位机上能量是否测量参数全部置为0, 电压电流测量正确 | G89: 5、切换后能量未被清掉 7、检查上位机上能量是否测量参数全部置为0, 电压电流测量正确 | H89: LV4 | I89: 是 | J89: 已生成待调试：Acuview(当前debug版)未实现切接线时清/不清能量的选择功能(需求已确认存在)，skip存根已生成，待正式版发布后补弹窗清/不清两分支runner+能量回读判据(2026-07-15；修正此前误标的已调试通过) | L89: 待调试：Acuview切接线清/不清能量选择功能未实现（需求已确认存在），待正式版发布后调试
A90: 接线验证 | B90: 3E4WY接线验证 | C90: Function_AC meter_009_03_case3 | D90: 3E4WY接线配置，上位机 realtime数据中“显示”符合接线方式中的显示规划 | E90: 1、Acuview2上位机 2、RTU串口线 3、AcuRev-100电表 | F90: 1、连接AcuRev-100电表到Acuview2上，链接状态为connected 2、3E4WY输电，上位机配3E4WY接线，Va、Vb、Vc均为120V, I_in1~3均为200A，压流夹角0°，Va、Vb、Vc相角为(0°、120°、240°)。 3、上位机上input1~3配置电压Va、Vb、Vc 5、上位机上user1添加3路input 6、 根据最新的接线方式说明书检查上位机上real-time显示 7、 根据最新的接线方式说明书检查上位机上Energy显示、 | G90: 6、 上位机上real-time显示与最新的接线方式说明书保持一致 7、根据最新的接线方式说明书检查上位机上Energy显示保持一致 | H90: LV1 | I90: 是 | J90: 已调试 | K90: 未通过：判据读数全零——已知板子ADC芯片损坏问题(2026-07-14)，自动化流程本身已调通(设源/前置配置/救源/断言/报告全链路OK)，换板后重跑出有效结果 | L90: 未通过：已知板卡ADC芯片损坏读数为零，自动化全链路已调通，换板后重跑出有效结果
A91: 接线验证 | B91: 3E4WY接线验证 | C91: Function_AC meter_009_03_case4 | D91: 3E4WY 接线配置，验证Va为0时，Vb、Vc相的角度为0，input的角度为0，电压电流测量正常，功率计算正确 | E91: 1、Acuview2上位机 2、RTU串口线 3、AcuRev-100电表 | F91: 1、连接AcuRev-100电表到Acuview2上，链接状态为connected 2、3E4WY输电，上位机配3E4WY接线， 3、user1配置三路负载， Va、Vb、Vc均为120V, I_in1~3均为30A 40A 50A，压流角0° 4、修改Ua 幅值为0，检查Va的角度功率为0、input1电流幅值正常，角度功率均为0，Vb、Vc和Input2的角度为0，电压电流幅值以及功率维持之前的数值不受影响 5、 从源上关闭输入，再按照关闭前的配置直接打开输入 6、 检查Vb的角度功率为0、input1电流幅值正常，角度功率均为0，Vb、Vc和Input2的角度为0，电压电流幅值以及功率维持之前的数值不受影响 | G91: 4\6、Vb的角度功率为0、input1电流幅值正常，角度功率均为0，Vb、Vc和Input2的角度为0，电压电流幅值以及功率维持之前的数值不受影响 | H91: LV3 | I91: 否 | L91: 不可自动化：要求Va=0（关源＝自供电表断电），本台面不可自动化；转手工或待外部供电方案
A92: 接线验证 | B92: 上位机user and ct 配置 | C92: Function_AC meter_009_03_case5 | D92: 上位机setting的Current&Wiring界面，修改CT Type与CT Primary（5-2000A连续可配） | E92: 1、Acuview2上位机 2、RTU串口线 3、AcuRev-100电表 | F92: 1、连接AcuRev-100电表到Acuview2上，链接状态为connected 2、上位机setting的Current&Wiring界面，遍历选择CT Type（333mV、100mA、RCT），逐项保存并回读 3、CT Primary分别写入5（下限）、250（任意值）、2000（上限），逐次保存并回读 4、恢复CT Primary=1000（默认值）并回读 | G92: 2、CT Type可选333mV/100mA/RCT，写入后回读一致（RCT选配型号为RCT16-200/500/1000或RCT24-200/500/1000） 3、CT Primary在5-2000A连续范围内任意值均写入成功，回读与写入一致（非固定档位下拉；333mV/100mA/RCT均适用，依据PRS §3.2.4/§5.2、地址表Range=5-2000） 4、回读=1000，还原成功 | H92: LV1 | I92: 是 | J92: 已生成待调试：待Tesseract OCR(下拉)+CT Type寄存器枚举真机确认后启用(skip存根；用例已按5-2000A连续范围重写转换) | L92: 待调试：CT Type下拉需OCR+寄存器枚举真机确认后调试
A93: 接线验证 | B93: 上位机user and ct 配置 | C93: Function_AC meter_009_03_case6 | D93: 上位机setting的Current&Wiring界面，CT Primary越界值写入被拒绝 | E93: 1、Acuview2上位机 2、RTU串口线 3、AcuRev-100电表 | F93: 1、连接AcuRev-100电表到Acuview2上，链接状态为connected 2、上位机setting的Current&Wiring界面，CT Primary分别写入4（低于下限5）、2001（高于上限2000）、-1（负数）、abc（非数字）、空值，逐次尝试保存 3、每次尝试后经Modbus回读channel1~3 input CT Primary寄存器（0x104A/0x104E/0x1052） 4、恢复CT Primary=1000（默认值）并回读 | G93: 2、全部越界/非法值写入被拒绝或阻止保存，上位机有报错提示 3、Modbus回读值保持原值不变 4、回读=1000，还原成功 | H93: LV2 | I93: 是 | J93: 已调试/通过: CT Primary越界拒绝核心功能全过(5个非法值4/2001/-1/abc/空均被拒,4170保持合法值); 还原目标1000与被004 mV用例改写的基线200不符属连带,非设备故障(2026-07-16裁定判通过) | K93: 通过
A94: 接线检查 | B94: 正常接线基准 | C94: Function_AC meter_010_07_case1 | D94: 1E2W 正常接线基准：无告警且不检测相序 | E94: 1、Acuview2上位机（RS-485，Modbus RTU） 2、可程控三相功率源 3、AcuRev-100电表 4、接线检查功能已启用（默认启用） 5、Dip Switch 处于解锁状态（允许接线配置写入） | F94: 1. 配置接线方式 = 1E2W（经 Acuview2 Setting 或 Modbus 下发） 2. 程控源输出正常基准：ua=220V/qua=0°，ia=5A/qia=0°，ub=uc=0V，ib=ic=0A，freq=50Hz；关→开一次接线检查开关触发立即检测（开关开启瞬间检查一次；常开时检测周期 1 次/min） 3. 经 Acuview2 Reading—接线检查 页与 Modbus 回读接线检查结果与 voltagePhaseOrder | G94: 3. 接线检查结果全部正常，无任何告警；voltagePhaseOrder = 2（1E2W 不检测相序）；LED 绿色（MANUAL 目视） | H94: LV1 | I94: 是 | J94: 已调试
A95: 接线检查 | B95: 正常接线基准 | C95: Function_AC meter_010_07_case2 | D95: 2E3W1P 正常接线基准：无告警且不检测相序 | E95: 1、Acuview2上位机（RS-485，Modbus RTU） 2、可程控三相功率源 3、AcuRev-100电表 4、接线检查功能已启用（默认启用） 5、Dip Switch 处于解锁状态（允许接线配置写入） | F95: 1. 配置接线方式 = 2E3W1P（A+C 分相，B 相端子不接线） 2. 程控源输出正常基准：ua=uc=220V，qua=0°/quc=180°，ia=ic=5A，qia=0°/qic=180°，ub=0V/ib=0A，freq=50Hz；关→开一次接线检查开关触发立即检测（开关开启瞬间检查一次；常开时检测周期 1 次/min） 3. 经 Acuview2 Reading—接线检查 页与 Modbus 回读接线检查结果与 voltagePhaseOrder | G95: 3. 接线检查结果全部正常，无任何告警；voltagePhaseOrder = 2（2E3W1P 不检测相序）；LED 绿色（MANUAL 目视） | H95: LV1 | I95: 是 | J95: 已调试
A96: 接线检查 | B96: 正常接线基准 | C96: Function_AC meter_010_07_case3 | D96: 3E4WY-ABC 正常接线基准：无告警且相序判定为 ABC | E96: 1、Acuview2上位机（RS-485，Modbus RTU） 2、可程控三相功率源 3、AcuRev-100电表 4、接线检查功能已启用（默认启用） 5、Dip Switch 处于解锁状态（允许接线配置写入） | F96: 1. 配置接线方式 = 3E4WY，相序配置 = ABC（Modbus 寄存器 0x1063 Phase Order = 0） 2. 程控源输出正常基准：ua=ub=uc=220V，qua=0°/qub=240°/quc=120°，ia=ib=ic=5A，qia=0°/qib=240°/qic=120°，freq=50Hz；关→开一次接线检查开关触发立即检测（开关开启瞬间检查一次；常开时检测周期 1 次/min） 3. 经 Acuview2 Reading—接线检查 页与 Modbus 回读接线检查结果与 voltagePhaseOrder | G96: 3. 接线检查结果全部正常，无任何告警；voltagePhaseOrder = 0（ABC）与配置一致，不报相序配置错误；LED 绿色（MANUAL 目视） | H96: LV1 | I96: 是 | J96: [2026-07-16] 已调试（3E4WY组38条实跑：源故障注入/开关触发/错误码位断言全链路通，5A电流档零源过载；判定被ADC阻塞。010_10_case17/010_12_case4 的PASS为死表默认读数巧合，无判别力） 已调试 | K96: 未通过（ADC读数为0：错误码恒0x0000、phaseOrder恒2，预期bug，换板复跑） | L96: 未通过
A97: 接线检查 | B97: 正常接线基准 | C97: Function_AC meter_010_07_case4 | D97: 3E4WY-ACB 正常接线基准：无告警且相序判定为 ACB | E97: 1、Acuview2上位机（RS-485，Modbus RTU） 2、可程控三相功率源 3、AcuRev-100电表 4、接线检查功能已启用（默认启用） 5、Dip Switch 处于解锁状态（允许接线配置写入） | F97: 1. 配置接线方式 = 3E4WY，相序配置 = ACB（Modbus 寄存器 0x1063 Phase Order = 1） 2. 程控源输出正常基准：ua=ub=uc=220V，qua=0°/qub=120°/quc=240°，ia=ib=ic=5A，qia=0°/qib=120°/qic=240°，freq=50Hz；关→开一次接线检查开关触发立即检测（开关开启瞬间检查一次；常开时检测周期 1 次/min） 3. 经 Acuview2 Reading—接线检查 页与 Modbus 回读接线检查结果与 voltagePhaseOrder | G97: 3. 接线检查结果全部正常，无任何告警；voltagePhaseOrder = 1（ACB）与配置一致，不报相序配置错误；LED 绿色（MANUAL 目视） | H97: LV2 | I97: 是 | J97: [2026-07-16] 已调试（3E4WY组38条实跑：源故障注入/开关触发/错误码位断言全链路通，5A电流档零源过载；判定被ADC阻塞。010_10_case17/010_12_case4 的PASS为死表默认读数巧合，无判别力） 已调试 | K97: 未通过（ADC读数为0：错误码恒0x0000、phaseOrder恒2，预期bug，换板复跑）
A98: 接线检查 | B98: 1E2W判据 | C98: Function_AC meter_010_08_case1 | D98: 1E2W 条件1：Van<10V 触发 Va 接线缺失 | E98: 1、Acuview2上位机（RS-485，Modbus RTU） 2、可程控三相功率源 3、AcuRev-100电表 4、接线检查功能已启用（默认启用） 5、Dip Switch 处于解锁状态（允许接线配置写入） | F98: 1. 配置接线方式 = 1E2W（经 Acuview2 Setting 或 Modbus 下发） 2. 程控源输出正常基准：ua=220V/qua=0°，ia=5A/qia=0°，ub=uc=0V，ib=ic=0A，freq=50Hz；关→开一次接线检查开关触发立即检测（开关开启瞬间检查一次；常开时检测周期 1 次/min） 3. 经 Acuview2 Reading—接线检查 页与 Modbus 回读接线检查结果 4. 修改程控源输出：ua=5V（Van<10V。注意：Va/Vn 为供电端子，标准环境下表将断电，需独立辅助供电维持表运行后方可执行本步）；关→开接线检查开关触发立即检测（或等待 ≥60s） 5. 经 Acuview2 Reading—接线检查 页与 Modbus 回读接线检查结果 6. 程控源还原步骤 2 正常基准值；触发立即检测后回读接线检查结果 | G98: 3. 接线检查结果全部正常，无告警 5. 上报 Va 接线缺失（条件1）；LED 红色闪烁（MANUAL 目视，不计入自动断言） 6. 告警清除，接线检查结果恢复全部正常，LED 恢复绿色（MANUAL 目视） | H98: LV1 | I98: 否 | J98: 待人工执行（标否：判据要求 Van<10V 与自供电冲突，需辅助供电改造后人工执行；2026-07-16 清理此前误标的已调试）
A99: 接线检查 | B99: 1E2W判据 | C99: Function_AC meter_010_08_case2 | D99: 1E2W 条件2：Ia_rms<0.1 触发 Ia 接线缺失且跳过反向判定 | E99: 1、Acuview2上位机（RS-485，Modbus RTU） 2、可程控三相功率源 3、AcuRev-100电表 4、接线检查功能已启用（默认启用） 5、Dip Switch 处于解锁状态（允许接线配置写入） | F99: 1. 配置接线方式 = 1E2W（经 Acuview2 Setting 或 Modbus 下发） 2. 程控源输出正常基准：ua=220V/qua=0°，ia=5A/qia=0°，ub=uc=0V，ib=ic=0A，freq=50Hz；关→开一次接线检查开关触发立即检测（开关开启瞬间检查一次；常开时检测周期 1 次/min） 3. 经 Acuview2 Reading—接线检查 页与 Modbus 回读接线检查结果 4. 修改程控源输出：ia=0A（表侧 Ia_rms<0.1）；关→开接线检查开关触发立即检测（或等待 ≥60s） 5. 经 Acuview2 Reading—接线检查 页与 Modbus 回读接线检查结果 6. 程控源还原步骤 2 正常基准值；触发立即检测后回读接线检查结果 | G99: 3. 接线检查结果全部正常，无告警 5. 仅上报 Ia 接线缺失（条件2）；不执行条件3，不报 Ia 正负反向；LED 红色闪烁（MANUAL 目视，不计入自动断言） 6. 告警清除，接线检查结果恢复全部正常，LED 恢复绿色（MANUAL 目视） | H99: LV1 | I99: 是 | J99: 已调试
A100: 接线检查 | B100: 1E2W判据 | C100: Function_AC meter_010_08_case3 | D100: 1E2W 条件3：pf_A∈[-1,-0.9] 触发 Ia 正负反向 | E100: 1、Acuview2上位机（RS-485，Modbus RTU） 2、可程控三相功率源 3、AcuRev-100电表 4、接线检查功能已启用（默认启用） 5、Dip Switch 处于解锁状态（允许接线配置写入） | F100: 1. 配置接线方式 = 1E2W（经 Acuview2 Setting 或 Modbus 下发） 2. 程控源输出正常基准：ua=220V/qua=0°，ia=5A/qia=0°，ub=uc=0V，ib=ic=0A，freq=50Hz；关→开一次接线检查开关触发立即检测（开关开启瞬间检查一次；常开时检测周期 1 次/min） 3. 经 Acuview2 Reading—接线检查 页与 Modbus 回读接线检查结果 4. 修改程控源输出：qia=180°（pf_A=cos(0°-180°)=-1∈[-1,-0.9]），ia 保持 5A；关→开接线检查开关触发立即检测（或等待 ≥60s） 5. 经 Acuview2 Reading—接线检查 页与 Modbus 回读接线检查结果 6. 程控源还原步骤 2 正常基准值；触发立即检测后回读接线检查结果 | G100: 3. 接线检查结果全部正常，无告警 5. 上报 Ia 正负反向（条件3）；无缺相/缺流告警（条件1/2 不触发是判定前提）；LED 红色闪烁（MANUAL 目视，不计入自动断言） 6. 告警清除，接线检查结果恢复全部正常，LED 恢复绿色（MANUAL 目视） | H100: LV1 | I100: 是 | J100: 已调试
...
